split,stem,label_path,image_path
test,gss1009_jpg.rf.011f90d6db5a951391df1e9048781547,C:\Machine Learning\projet\projet-machine-learning\dataset\labels\test\gss1009_jpg.rf.011f90d6db5a951391df1e9048781547.txt,C:\Machine Learning\projet\projet-machine-learning\dataset\images\test\gss1009_jpg.rf.011f90d6db5a951391df1e9048781547.jpg
test,gss1010_jpg.rf.63dcdae3f51c0318c1811ae94f5f2869,C:\Machine Learning\projet\projet-machine-learning\dataset\labels\test\gss1010_jpg.rf.63dcdae3f51c0318c1811ae94f5f2869.txt,C:\Machine Learning\projet\projet-machine-learning\dataset\images\test\gss1010_jpg.rf.63dcdae3f51c0318c1811ae94f5f2869.jpg
test,gss1027_jpg.rf.61b7131736a5513c1085a8c294e02473,C:\Machine Learning\projet\projet-machine-learning\dataset\labels\test\gss1027_jpg.rf.61b7131736a5513c1085a8c294e02473.txt,C:\Machine Learning\projet\projet-machine-learning\dataset\images\test\gss1027_jpg.rf.61b7131736a5513c1085a8c294e02473.jpg
test,gss1030_jpg.rf.d055d83b78c42127f989ad86f13346ac,C:\Machine Learning\projet\projet-machine-learning\dataset\labels\test\gss1030_jpg.rf.d055d83b78c42127f989ad86f13346ac.txt,C:\Machine Learning\projet\projet-machine-learning\dataset\images\test\gss1030_jpg.rf.d055d83b78c42127f989ad86f13346ac.jpg
test,gss1039_jpg.rf.88ea57b8beeddd5db86a59f86ca2e19c,C:\Machine Learning\projet\projet-machine-learning\dataset\labels\test\gss1039_jpg.rf.88ea57b8beeddd5db86a59f86ca2e19c.txt,C:\Machine Learning\projet\projet-machine-learning\dataset\images\test\gss1039_jpg.rf.88ea57b8beeddd5db86a59f86ca2e19c.jpg
test,gss1044_jpg.rf.7e4f64a4b315e1e50fdd298586428f05,C:\Machine Learning\projet\projet-machine-learning\dataset\labels\test\gss1044_jpg.rf.7e4f64a4b315e1e50fdd298586428f05.txt,C:\Machine Learning\projet\projet-machine-learning\dataset\images\test\gss1044_jpg.rf.7e4f64a4b315e1e50fdd298586428f05.jpg
test,gss1052_jpg.rf.5a093c93e851afc23a18915ce8cce97d,C:\Machine Learning\projet\projet-machine-learning\dataset\labels\test\gss1052_jpg.rf.5a093c93e851afc23a18915ce8cce97d.txt,C:\Machine Learning\projet\projet-machine-learning\dataset\images\test\gss1052_jpg.rf.5a093c93e851afc23a18915ce8cce97d.jpg
test,gss1056_jpg.rf.1a71cc5e12e0f677eea326d99769fbdd,C:\Machine Learning\projet\projet-machine-learning\dataset\labels\test\gss1056_jpg.rf.1a71cc5e12e0f677eea326d99769fbdd.txt,C:\Machine Learning\projet\projet-machine-learning\dataset\images\test\gss1056_jpg.rf.1a71cc5e12e0f677eea326d99769fbdd.jpg
test,gss1059_jpg.rf.15cdd4e373ceff7f41f400c8d361346b,C:\Machine Learning\projet\projet-machine-learning\dataset\labels\test\gss1059_jpg.rf.15cdd4e373ceff7f41f400c8d361346b.txt,C:\Machine Learning\projet\projet-machine-learning\dataset\images\test\gss1059_jpg.rf.15cdd4e373ceff7f41f400c8d361346b.jpg
test,gss106_jpg.rf.7473a70890c2c9add1cdaa8dd21722c7,C:\Machine Learning\projet\projet-machine-learning\dataset\labels\test\gss106_jpg.rf.7473a70890c2c9add1cdaa8dd21722c7.txt,C:\Machine Learning\projet\projet-machine-learning\dataset\images\test\gss106_jpg.rf.7473a70890c2c9add1cdaa8dd21722c7.jpg
test,gss1083_jpg.rf.9613355ccf17f105dc97280bd4c09148,C:\Machine Learning\projet\projet-machine-learning\dataset\labels\test\gss1083_jpg.rf.9613355ccf17f105dc97280bd4c09148.txt,C:\Machine Learning\projet\projet-machine-learning\dataset\images\test\gss1083_jpg.rf.9613355ccf17f105dc97280bd4c09148.jpg
test,gss1090_jpg.rf.e6c865c22ca5820a5d2a66d703d1c219,C:\Machine Learning\projet\projet-machine-learning\dataset\labels\test\gss1090_jpg.rf.e6c865c22ca5820a5d2a66d703d1c219.txt,C:\Machine Learning\projet\projet-machine-learning\dataset\images\test\gss1090_jpg.rf.e6c865c22ca5820a5d2a66d703d1c219.jpg
test,gss1097_jpg.rf.da0d5f2b54cda846ec2eed3deaa75849,C:\Machine Learning\projet\projet-machine-learning\dataset\labels\test\gss1097_jpg.rf.da0d5f2b54cda846ec2eed3deaa75849.txt,C:\Machine Learning\projet\projet-machine-learning\dataset\images\test\gss1097_jpg.rf.da0d5f2b54cda846ec2eed3deaa75849.jpg
test,gss1108_jpg.rf.afcbefd85529bf60a57a92f853b364cb,C:\Machine Learning\projet\projet-machine-learning\dataset\labels\test\gss1108_jpg.rf.afcbefd85529bf60a57a92f853b364cb.txt,C:\Machine Learning\projet\projet-machine-learning\dataset\images\test\gss1108_jpg.rf.afcbefd85529bf60a57a92f853b364cb.jpg
test,gss1112_jpg.rf.9da717d54aac417903fb73634d717111,C:\Machine Learning\projet\projet-machine-learning\dataset\labels\test\gss1112_jpg.rf.9da717d54aac417903fb73634d717111.txt,C:\Machine Learning\projet\projet-machine-learning\dataset\images\test\gss1112_jpg.rf.9da717d54aac417903fb73634d717111.jpg
test,gss1113_jpg.rf.29fb8120a43242d8ffa25821915b8167,C:\Machine Learning\projet\projet-machine-learning\dataset\labels\test\gss1113_jpg.rf.29fb8120a43242d8ffa25821915b8167.txt,C:\Machine Learning\projet\projet-machine-learning\dataset\images\test\gss1113_jpg.rf.29fb8120a43242d8ffa25821915b8167.jpg
test,gss1117_jpg.rf.0f80f67e84f5abc2dde895b8c87a0378,C:\Machine Learning\projet\projet-machine-learning\dataset\labels\test\gss1117_jpg.rf.0f80f67e84f5abc2dde895b8c87a0378.txt,C:\Machine Learning\projet\projet-machine-learning\dataset\images\test\gss1117_jpg.rf.0f80f67e84f5abc2dde895b8c87a0378.jpg
test,gss111_jpg.rf.7487078e79453fb72b8742fb980066b7,C:\Machine Learning\projet\projet-machine-learning\dataset\labels\test\gss111_jpg.rf.7487078e79453fb72b8742fb980066b7.txt,C:\Machine Learning\projet\projet-machine-learning\dataset\images\test\gss111_jpg.rf.7487078e79453fb72b8742fb980066b7.jpg
test,gss1168_jpg.rf.0b57ddff3aca6accf8e7939ec965d1e9,C:\Machine Learning\projet\projet-machine-learning\dataset\labels\test\gss1168_jpg.rf.0b57ddff3aca6accf8e7939ec965d1e9.txt,C:\Machine Learning\projet\projet-machine-learning\dataset\images\test\gss1168_jpg.rf.0b57ddff3aca6accf8e7939ec965d1e9.jpg
test,gss1170_jpg.rf.e3b410812415f6f6109d686eef27e378,C:\Machine Learning\projet\projet-machine-learning\dataset\labels\test\gss1170_jpg.rf.e3b410812415f6f6109d686eef27e378.txt,C:\Machine Learning\projet\projet-machine-learning\dataset\images\test\gss1170_jpg.rf.e3b410812415f6f6109d686eef27e378.jpg
test,gss1187_jpg.rf.2f7e887e4d96cc33d4f31a96364cd834,C:\Machine Learning\projet\projet-machine-learning\dataset\labels\test\gss1187_jpg.rf.2f7e887e4d96cc33d4f31a96364cd834.txt,C:\Machine Learning\projet\projet-machine-learning\dataset\images\test\gss1187_jpg.rf.2f7e887e4d96cc33d4f31a96364cd834.jpg
test,gss1191_jpg.rf.46e9f1357a23844e697c81d0703ad38d,C:\Machine Learning\projet\projet-machine-learning\dataset\labels\test\gss1191_jpg.rf.46e9f1357a23844e697c81d0703ad38d.txt,C:\Machine Learning\projet\projet-machine-learning\dataset\images\test\gss1191_jpg.rf.46e9f1357a23844e697c81d0703ad38d.jpg
test,gss1223_jpg.rf.6fbef6812b0d4718776f4eb6c36ca6d2,C:\Machine Learning\projet\projet-machine-learning\dataset\labels\test\gss1223_jpg.rf.6fbef6812b0d4718776f4eb6c36ca6d2.txt,C:\Machine Learning\projet\projet-machine-learning\dataset\images\test\gss1223_jpg.rf.6fbef6812b0d4718776f4eb6c36ca6d2.jpg
test,gss1228_jpg.rf.70555cdde70b6512128cf1a5b56ed4d1,C:\Machine Learning\projet\projet-machine-learning\dataset\labels\test\gss1228_jpg.rf.70555cdde70b6512128cf1a5b56ed4d1.txt,C:\Machine Learning\projet\projet-machine-learning\dataset\images\test\gss1228_jpg.rf.70555cdde70b6512128cf1a5b56ed4d1.jpg
test,gss1230_jpg.rf.c40b6dc257676bc8130caa02ff3b2b40,C:\Machine Learning\projet\projet-machine-learning\dataset\labels\test\gss1230_jpg.rf.c40b6dc257676bc8130caa02ff3b2b40.txt,C:\Machine Learning\projet\projet-machine-learning\dataset\images\test\gss1230_jpg.rf.c40b6dc257676bc8130caa02ff3b2b40.jpg
test,gss1263_jpg.rf.a0b60ea1534e6f78d71c5699820fee79,C:\Machine Learning\projet\projet-machine-learning\dataset\labels\test\gss1263_jpg.rf.a0b60ea1534e6f78d71c5699820fee79.txt,C:\Machine Learning\projet\projet-machine-learning\dataset\images\test\gss1263_jpg.rf.a0b60ea1534e6f78d71c5699820fee79.jpg
test,gss1293_jpg.rf.4408195e74c6b71716f49c721408f42d,C:\Machine Learning\projet\projet-machine-learning\dataset\labels\test\gss1293_jpg.rf.4408195e74c6b71716f49c721408f42d.txt,C:\Machine Learning\projet\projet-machine-learning\dataset\images\test\gss1293_jpg.rf.4408195e74c6b71716f49c721408f42d.jpg
test,gss1301_jpg.rf.8fc0cbcb7e7778db493104e8bb8dd0de,C:\Machine Learning\projet\projet-machine-learning\dataset\labels\test\gss1301_jpg.rf.8fc0cbcb7e7778db493104e8bb8dd0de.txt,C:\Machine Learning\projet\projet-machine-learning\dataset\images\test\gss1301_jpg.rf.8fc0cbcb7e7778db493104e8bb8dd0de.jpg
test,gss1305_jpg.rf.9a09303baea77308245bc0219ef7c91e,C:\Machine Learning\projet\projet-machine-learning\dataset\labels\test\gss1305_jpg.rf.9a09303baea77308245bc0219ef7c91e.txt,C:\Machine Learning\projet\projet-machine-learning\dataset\images\test\gss1305_jpg.rf.9a09303baea77308245bc0219ef7c91e.jpg
test,gss1335_jpg.rf.739a10d48e9c4e9e69c7238e25356ac6,C:\Machine Learning\projet\projet-machine-learning\dataset\labels\test\gss1335_jpg.rf.739a10d48e9c4e9e69c7238e25356ac6.txt,C:\Machine Learning\projet\projet-machine-learning\dataset\images\test\gss1335_jpg.rf.739a10d48e9c4e9e69c7238e25356ac6.jpg
test,gss1346_jpg.rf.a75309097c92b5f359c55d8ed8ddc34e,C:\Machine Learning\projet\projet-machine-learning\dataset\labels\test\gss1346_jpg.rf.a75309097c92b5f359c55d8ed8ddc34e.txt,C:\Machine Learning\projet\projet-machine-learning\dataset\images\test\gss1346_jpg.rf.a75309097c92b5f359c55d8ed8ddc34e.jpg
test,gss1350_jpg.rf.95249a2c7bd38d4f30adf57960633177,C:\Machine Learning\projet\projet-machine-learning\dataset\labels\test\gss1350_jpg.rf.95249a2c7bd38d4f30adf57960633177.txt,C:\Machine Learning\projet\projet-machine-learning\dataset\images\test\gss1350_jpg.rf.95249a2c7bd38d4f30adf57960633177.jpg
test,gss135_jpg.rf.f177204247a0ef470acda22d5662dfb0,C:\Machine Learning\projet\projet-machine-learning\dataset\labels\test\gss135_jpg.rf.f177204247a0ef470acda22d5662dfb0.txt,C:\Machine Learning\projet\projet-machine-learning\dataset\images\test\gss135_jpg.rf.f177204247a0ef470acda22d5662dfb0.jpg
test,gss1375_jpg.rf.708551f1a8c339cc136b32e185a69871,C:\Machine Learning\projet\projet-machine-learning\dataset\labels\test\gss1375_jpg.rf.708551f1a8c339cc136b32e185a69871.txt,C:\Machine Learning\projet\projet-machine-learning\dataset\images\test\gss1375_jpg.rf.708551f1a8c339cc136b32e185a69871.jpg
test,gss137_jpg.rf.72abcef404850716610a5b639fa0b0f0,C:\Machine Learning\projet\projet-machine-learning\dataset\labels\test\gss137_jpg.rf.72abcef404850716610a5b639fa0b0f0.txt,C:\Machine Learning\projet\projet-machine-learning\dataset\images\test\gss137_jpg.rf.72abcef404850716610a5b639fa0b0f0.jpg
test,gss1383_jpg.rf.b4034e52ba3e29c242329d887e9c2778,C:\Machine Learning\projet\projet-machine-learning\dataset\labels\test\gss1383_jpg.rf.b4034e52ba3e29c242329d887e9c2778.txt,C:\Machine Learning\projet\projet-machine-learning\dataset\images\test\gss1383_jpg.rf.b4034e52ba3e29c242329d887e9c2778.jpg
test,gss1391_jpg.rf.c4ff9f056e4ba0ebe26dd8724f81b269,C:\Machine Learning\projet\projet-machine-learning\dataset\labels\test\gss1391_jpg.rf.c4ff9f056e4ba0ebe26dd8724f81b269.txt,C:\Machine Learning\projet\projet-machine-learning\dataset\images\test\gss1391_jpg.rf.c4ff9f056e4ba0ebe26dd8724f81b269.jpg
test,gss1401_jpg.rf.4f7bfb9d1c1a6c436549cd2898035b62,C:\Machine Learning\projet\projet-machine-learning\dataset\labels\test\gss1401_jpg.rf.4f7bfb9d1c1a6c436549cd2898035b62.txt,C:\Machine Learning\projet\projet-machine-learning\dataset\images\test\gss1401_jpg.rf.4f7bfb9d1c1a6c436549cd2898035b62.jpg
test,gss1409_jpg.rf.908589d3059702c2a56b224a3b6e67cc,C:\Machine Learning\projet\projet-machine-learning\dataset\labels\test\gss1409_jpg.rf.908589d3059702c2a56b224a3b6e67cc.txt,C:\Machine Learning\projet\projet-machine-learning\dataset\images\test\gss1409_jpg.rf.908589d3059702c2a56b224a3b6e67cc.jpg
test,gss1435_jpg.rf.814956cc92b3f8f6f4edf275ce57e0dd,C:\Machine Learning\projet\projet-machine-learning\dataset\labels\test\gss1435_jpg.rf.814956cc92b3f8f6f4edf275ce57e0dd.txt,C:\Machine Learning\projet\projet-machine-learning\dataset\images\test\gss1435_jpg.rf.814956cc92b3f8f6f4edf275ce57e0dd.jpg
test,gss1453_jpg.rf.acd3851415441b6b4561d567e70d048d,C:\Machine Learning\projet\projet-machine-learning\dataset\labels\test\gss1453_jpg.rf.acd3851415441b6b4561d567e70d048d.txt,C:\Machine Learning\projet\projet-machine-learning\dataset\images\test\gss1453_jpg.rf.acd3851415441b6b4561d567e70d048d.jpg
test,gss1454_jpg.rf.31eaa0ba09979a5621252beb092d2a3f,C:\Machine Learning\projet\projet-machine-learning\dataset\labels\test\gss1454_jpg.rf.31eaa0ba09979a5621252beb092d2a3f.txt,C:\Machine Learning\projet\projet-machine-learning\dataset\images\test\gss1454_jpg.rf.31eaa0ba09979a5621252beb092d2a3f.jpg
test,gss1458_jpg.rf.58b58e8a1e5cecd1702517ba2dca498e,C:\Machine Learning\projet\projet-machine-learning\dataset\labels\test\gss1458_jpg.rf.58b58e8a1e5cecd1702517ba2dca498e.txt,C:\Machine Learning\projet\projet-machine-learning\dataset\images\test\gss1458_jpg.rf.58b58e8a1e5cecd1702517ba2dca498e.jpg
test,gss1460_jpg.rf.c7eb2418f95da81283590aa22320aad0,C:\Machine Learning\projet\projet-machine-learning\dataset\labels\test\gss1460_jpg.rf.c7eb2418f95da81283590aa22320aad0.txt,C:\Machine Learning\projet\projet-machine-learning\dataset\images\test\gss1460_jpg.rf.c7eb2418f95da81283590aa22320aad0.jpg
test,gss1479_jpg.rf.036dc758b8b1247efab2d1b9fb941918,C:\Machine Learning\projet\projet-machine-learning\dataset\labels\test\gss1479_jpg.rf.036dc758b8b1247efab2d1b9fb941918.txt,C:\Machine Learning\projet\projet-machine-learning\dataset\images\test\gss1479_jpg.rf.036dc758b8b1247efab2d1b9fb941918.jpg
test,gss1492_jpg.rf.6f234a64420c94c63c8f46bb1b6b43c9,C:\Machine Learning\projet\projet-machine-learning\dataset\labels\test\gss1492_jpg.rf.6f234a64420c94c63c8f46bb1b6b43c9.txt,C:\Machine Learning\projet\projet-machine-learning\dataset\images\test\gss1492_jpg.rf.6f234a64420c94c63c8f46bb1b6b43c9.jpg
test,gss1494_jpg.rf.1d2c5f221fa80b7f00ba1e815e5df117,C:\Machine Learning\projet\projet-machine-learning\dataset\labels\test\gss1494_jpg.rf.1d2c5f221fa80b7f00ba1e815e5df117.txt,C:\Machine Learning\projet\projet-machine-learning\dataset\images\test\gss1494_jpg.rf.1d2c5f221fa80b7f00ba1e815e5df117.jpg
test,gss1500_jpg.rf.5053234902b615d9eedb3f5728da1fd1,C:\Machine Learning\projet\projet-machine-learning\dataset\labels\test\gss1500_jpg.rf.5053234902b615d9eedb3f5728da1fd1.txt,C:\Machine Learning\projet\projet-machine-learning\dataset\images\test\gss1500_jpg.rf.5053234902b615d9eedb3f5728da1fd1.jpg
test,gss1512_jpg.rf.2c6e4d332764e009b37912898d7445b5,C:\Machine Learning\projet\projet-machine-learning\dataset\labels\test\gss1512_jpg.rf.2c6e4d332764e009b37912898d7445b5.txt,C:\Machine Learning\projet\projet-machine-learning\dataset\images\test\gss1512_jpg.rf.2c6e4d332764e009b37912898d7445b5.jpg
test,gss151_jpg.rf.05d3010a8e1170c98790c8fce54bf361,C:\Machine Learning\projet\projet-machine-learning\dataset\labels\test\gss151_jpg.rf.05d3010a8e1170c98790c8fce54bf361.txt,C:\Machine Learning\projet\projet-machine-learning\dataset\images\test\gss151_jpg.rf.05d3010a8e1170c98790c8fce54bf361.jpg
test,gss1534_jpg.rf.9181c22f9f25d785d72b6857d9739153,C:\Machine Learning\projet\projet-machine-learning\dataset\labels\test\gss1534_jpg.rf.9181c22f9f25d785d72b6857d9739153.txt,C:\Machine Learning\projet\projet-machine-learning\dataset\images\test\gss1534_jpg.rf.9181c22f9f25d785d72b6857d9739153.jpg
test,gss1544_jpg.rf.63f7a4db40309f83b79151f460d61e9c,C:\Machine Learning\projet\projet-machine-learning\dataset\labels\test\gss1544_jpg.rf.63f7a4db40309f83b79151f460d61e9c.txt,C:\Machine Learning\projet\projet-machine-learning\dataset\images\test\gss1544_jpg.rf.63f7a4db40309f83b79151f460d61e9c.jpg
test,gss1546_jpg.rf.4e98c31ea8cf5fb6230fb14fb699c389,C:\Machine Learning\projet\projet-machine-learning\dataset\labels\test\gss1546_jpg.rf.4e98c31ea8cf5fb6230fb14fb699c389.txt,C:\Machine Learning\projet\projet-machine-learning\dataset\images\test\gss1546_jpg.rf.4e98c31ea8cf5fb6230fb14fb699c389.jpg
test,gss154_jpg.rf.7623db2531a9058876cfcb60ca06613f,C:\Machine Learning\projet\projet-machine-learning\dataset\labels\test\gss154_jpg.rf.7623db2531a9058876cfcb60ca06613f.txt,C:\Machine Learning\projet\projet-machine-learning\dataset\images\test\gss154_jpg.rf.7623db2531a9058876cfcb60ca06613f.jpg
test,gss1553_jpg.rf.7d49d12f385451b8653ce13121f56c94,C:\Machine Learning\projet\projet-machine-learning\dataset\labels\test\gss1553_jpg.rf.7d49d12f385451b8653ce13121f56c94.txt,C:\Machine Learning\projet\projet-machine-learning\dataset\images\test\gss1553_jpg.rf.7d49d12f385451b8653ce13121f56c94.jpg
test,gss1561_jpg.rf.0d61302a806a29e3debaa64577e81039,C:\Machine Learning\projet\projet-machine-learning\dataset\labels\test\gss1561_jpg.rf.0d61302a806a29e3debaa64577e81039.txt,C:\Machine Learning\projet\projet-machine-learning\dataset\images\test\gss1561_jpg.rf.0d61302a806a29e3debaa64577e81039.jpg
test,gss1571_jpg.rf.5374eeb0b7e0ef3a522b7786fa5a59bd,C:\Machine Learning\projet\projet-machine-learning\dataset\labels\test\gss1571_jpg.rf.5374eeb0b7e0ef3a522b7786fa5a59bd.txt,C:\Machine Learning\projet\projet-machine-learning\dataset\images\test\gss1571_jpg.rf.5374eeb0b7e0ef3a522b7786fa5a59bd.jpg
test,gss1594_jpg.rf.1f5d3e162580a7e4beca43c0b85e89e6,C:\Machine Learning\projet\projet-machine-learning\dataset\labels\test\gss1594_jpg.rf.1f5d3e162580a7e4beca43c0b85e89e6.txt,C:\Machine Learning\projet\projet-machine-learning\dataset\images\test\gss1594_jpg.rf.1f5d3e162580a7e4beca43c0b85e89e6.jpg
test,gss15_jpg.rf.93e2d135bb61c49c92b9165ed3fe5cf9,C:\Machine Learning\projet\projet-machine-learning\dataset\labels\test\gss15_jpg.rf.93e2d135bb61c49c92b9165ed3fe5cf9.txt,C:\Machine Learning\projet\projet-machine-learning\dataset\images\test\gss15_jpg.rf.93e2d135bb61c49c92b9165ed3fe5cf9.jpg
test,gss1647_jpg.rf.d1bb8449c090f3c249a103c74c9bd400,C:\Machine Learning\projet\projet-machine-learning\dataset\labels\test\gss1647_jpg.rf.d1bb8449c090f3c249a103c74c9bd400.txt,C:\Machine Learning\projet\projet-machine-learning\dataset\images\test\gss1647_jpg.rf.d1bb8449c090f3c249a103c74c9bd400.jpg
test,gss164_jpg.rf.324c736273fbb4edc0cb1ad9c078a5e0,C:\Machine Learning\projet\projet-machine-learning\dataset\labels\test\gss164_jpg.rf.324c736273fbb4edc0cb1ad9c078a5e0.txt,C:\Machine Learning\projet\projet-machine-learning\dataset\images\test\gss164_jpg.rf.324c736273fbb4edc0cb1ad9c078a5e0.jpg
test,gss1650_jpg.rf.8f57eb7eb065b50766529c0cf2b5fa79,C:\Machine Learning\projet\projet-machine-learning\dataset\labels\test\gss1650_jpg.rf.8f57eb7eb065b50766529c0cf2b5fa79.txt,C:\Machine Learning\projet\projet-machine-learning\dataset\images\test\gss1650_jpg.rf.8f57eb7eb065b50766529c0cf2b5fa79.jpg
test,gss1651_jpg.rf.96ed9c3aae807a9cca081a3863753bfd,C:\Machine Learning\projet\projet-machine-learning\dataset\labels\test\gss1651_jpg.rf.96ed9c3aae807a9cca081a3863753bfd.txt,C:\Machine Learning\projet\projet-machine-learning\dataset\images\test\gss1651_jpg.rf.96ed9c3aae807a9cca081a3863753bfd.jpg
test,gss1655_jpg.rf.d897bc196275074a63ed0da5927c1d98,C:\Machine Learning\projet\projet-machine-learning\dataset\labels\test\gss1655_jpg.rf.d897bc196275074a63ed0da5927c1d98.txt,C:\Machine Learning\projet\projet-machine-learning\dataset\images\test\gss1655_jpg.rf.d897bc196275074a63ed0da5927c1d98.jpg
test,gss165_jpg.rf.ef0d173693fb3faae12e282a4a02ae33,C:\Machine Learning\projet\projet-machine-learning\dataset\labels\test\gss165_jpg.rf.ef0d173693fb3faae12e282a4a02ae33.txt,C:\Machine Learning\projet\projet-machine-learning\dataset\images\test\gss165_jpg.rf.ef0d173693fb3faae12e282a4a02ae33.jpg
test,gss1667_jpg.rf.6e59ffe3c18a40fd829c77e7edea16e5,C:\Machine Learning\projet\projet-machine-learning\dataset\labels\test\gss1667_jpg.rf.6e59ffe3c18a40fd829c77e7edea16e5.txt,C:\Machine Learning\projet\projet-machine-learning\dataset\images\test\gss1667_jpg.rf.6e59ffe3c18a40fd829c77e7edea16e5.jpg
test,gss1677_jpg.rf.6ad39a5c8f0f7f0cad5037a405a60fd9,C:\Machine Learning\projet\projet-machine-learning\dataset\labels\test\gss1677_jpg.rf.6ad39a5c8f0f7f0cad5037a405a60fd9.txt,C:\Machine Learning\projet\projet-machine-learning\dataset\images\test\gss1677_jpg.rf.6ad39a5c8f0f7f0cad5037a405a60fd9.jpg
test,gss1681_jpg.rf.cc56ce740b1b813ac8092ccd6d794ae0,C:\Machine Learning\projet\projet-machine-learning\dataset\labels\test\gss1681_jpg.rf.cc56ce740b1b813ac8092ccd6d794ae0.txt,C:\Machine Learning\projet\projet-machine-learning\dataset\images\test\gss1681_jpg.rf.cc56ce740b1b813ac8092ccd6d794ae0.jpg
test,gss1708_jpg.rf.430842cc92387b94657bc6bf3458ab3a,C:\Machine Learning\projet\projet-machine-learning\dataset\labels\test\gss1708_jpg.rf.430842cc92387b94657bc6bf3458ab3a.txt,C:\Machine Learning\projet\projet-machine-learning\dataset\images\test\gss1708_jpg.rf.430842cc92387b94657bc6bf3458ab3a.jpg
test,gss1730_jpg.rf.c600fc67cac2ae492bb907cc6725078d,C:\Machine Learning\projet\projet-machine-learning\dataset\labels\test\gss1730_jpg.rf.c600fc67cac2ae492bb907cc6725078d.txt,C:\Machine Learning\projet\projet-machine-learning\dataset\images\test\gss1730_jpg.rf.c600fc67cac2ae492bb907cc6725078d.jpg
test,gss1739_jpg.rf.06f9bf9f72b39b322c663baa62d55b13,C:\Machine Learning\projet\projet-machine-learning\dataset\labels\test\gss1739_jpg.rf.06f9bf9f72b39b322c663baa62d55b13.txt,C:\Machine Learning\projet\projet-machine-learning\dataset\images\test\gss1739_jpg.rf.06f9bf9f72b39b322c663baa62d55b13.jpg
test,gss1743_jpg.rf.220be25eb02b1d65f2ad4e3075afd019,C:\Machine Learning\projet\projet-machine-learning\dataset\labels\test\gss1743_jpg.rf.220be25eb02b1d65f2ad4e3075afd019.txt,C:\Machine Learning\projet\projet-machine-learning\dataset\images\test\gss1743_jpg.rf.220be25eb02b1d65f2ad4e3075afd019.jpg
test,gss174_jpg.rf.4e274fc57cc50b01047342b58e6bd522,C:\Machine Learning\projet\projet-machine-learning\dataset\labels\test\gss174_jpg.rf.4e274fc57cc50b01047342b58e6bd522.txt,C:\Machine Learning\projet\projet-machine-learning\dataset\images\test\gss174_jpg.rf.4e274fc57cc50b01047342b58e6bd522.jpg
test,gss1760_jpg.rf.8c22de3633a23041b9ea52de9078af22,C:\Machine Learning\projet\projet-machine-learning\dataset\labels\test\gss1760_jpg.rf.8c22de3633a23041b9ea52de9078af22.txt,C:\Machine Learning\projet\projet-machine-learning\dataset\images\test\gss1760_jpg.rf.8c22de3633a23041b9ea52de9078af22.jpg
test,gss177_jpg.rf.c60a300122df7dd42531c60d2da29835,C:\Machine Learning\projet\projet-machine-learning\dataset\labels\test\gss177_jpg.rf.c60a300122df7dd42531c60d2da29835.txt,C:\Machine Learning\projet\projet-machine-learning\dataset\images\test\gss177_jpg.rf.c60a300122df7dd42531c60d2da29835.jpg
test,gss1795_jpg.rf.dc420aa2cb5f953da1ef51e9208cec4b,C:\Machine Learning\projet\projet-machine-learning\dataset\labels\test\gss1795_jpg.rf.dc420aa2cb5f953da1ef51e9208cec4b.txt,C:\Machine Learning\projet\projet-machine-learning\dataset\images\test\gss1795_jpg.rf.dc420aa2cb5f953da1ef51e9208cec4b.jpg
test,gss1826_jpg.rf.7dc60148b63e7c95d0653df172c5fa29,C:\Machine Learning\projet\projet-machine-learning\dataset\labels\test\gss1826_jpg.rf.7dc60148b63e7c95d0653df172c5fa29.txt,C:\Machine Learning\projet\projet-machine-learning\dataset\images\test\gss1826_jpg.rf.7dc60148b63e7c95d0653df172c5fa29.jpg
test,gss1833_jpg.rf.4c75ca9ae22c62481311faa299639eff,C:\Machine Learning\projet\projet-machine-learning\dataset\labels\test\gss1833_jpg.rf.4c75ca9ae22c62481311faa299639eff.txt,C:\Machine Learning\projet\projet-machine-learning\dataset\images\test\gss1833_jpg.rf.4c75ca9ae22c62481311faa299639eff.jpg
test,gss1841_jpg.rf.453717a03d25283860c71d292171e7c1,C:\Machine Learning\projet\projet-machine-learning\dataset\labels\test\gss1841_jpg.rf.453717a03d25283860c71d292171e7c1.txt,C:\Machine Learning\projet\projet-machine-learning\dataset\images\test\gss1841_jpg.rf.453717a03d25283860c71d292171e7c1.jpg
test,gss1842_jpg.rf.1cf33ddcf2539a836289109a02e76c41,C:\Machine Learning\projet\projet-machine-learning\dataset\labels\test\gss1842_jpg.rf.1cf33ddcf2539a836289109a02e76c41.txt,C:\Machine Learning\projet\projet-machine-learning\dataset\images\test\gss1842_jpg.rf.1cf33ddcf2539a836289109a02e76c41.jpg
test,gss1844_jpg.rf.4b0d7b7382a3cc43293b6787b8f807f7,C:\Machine Learning\projet\projet-machine-learning\dataset\labels\test\gss1844_jpg.rf.4b0d7b7382a3cc43293b6787b8f807f7.txt,C:\Machine Learning\projet\projet-machine-learning\dataset\images\test\gss1844_jpg.rf.4b0d7b7382a3cc43293b6787b8f807f7.jpg
test,gss1846_jpg.rf.5149693eaecbb036b7c59ead34d1e64c,C:\Machine Learning\projet\projet-machine-learning\dataset\labels\test\gss1846_jpg.rf.5149693eaecbb036b7c59ead34d1e64c.txt,C:\Machine Learning\projet\projet-machine-learning\dataset\images\test\gss1846_jpg.rf.5149693eaecbb036b7c59ead34d1e64c.jpg
test,gss1849_jpg.rf.e026f1425d7903ccc8bf885933794dbd,C:\Machine Learning\projet\projet-machine-learning\dataset\labels\test\gss1849_jpg.rf.e026f1425d7903ccc8bf885933794dbd.txt,C:\Machine Learning\projet\projet-machine-learning\dataset\images\test\gss1849_jpg.rf.e026f1425d7903ccc8bf885933794dbd.jpg
test,gss1851_jpg.rf.392b3d10833a1e60d188c732ac427b40,C:\Machine Learning\projet\projet-machine-learning\dataset\labels\test\gss1851_jpg.rf.392b3d10833a1e60d188c732ac427b40.txt,C:\Machine Learning\projet\projet-machine-learning\dataset\images\test\gss1851_jpg.rf.392b3d10833a1e60d188c732ac427b40.jpg
test,gss1860_jpg.rf.4e8ec6636e8b4529a0ea131213ed2dd7,C:\Machine Learning\projet\projet-machine-learning\dataset\labels\test\gss1860_jpg.rf.4e8ec6636e8b4529a0ea131213ed2dd7.txt,C:\Machine Learning\projet\projet-machine-learning\dataset\images\test\gss1860_jpg.rf.4e8ec6636e8b4529a0ea131213ed2dd7.jpg
test,gss1863_jpg.rf.4356de3c939fc46cf719ad8bbfb84de0,C:\Machine Learning\projet\projet-machine-learning\dataset\labels\test\gss1863_jpg.rf.4356de3c939fc46cf719ad8bbfb84de0.txt,C:\Machine Learning\projet\projet-machine-learning\dataset\images\test\gss1863_jpg.rf.4356de3c939fc46cf719ad8bbfb84de0.jpg
test,gss186_jpg.rf.6a6f01f56d4f68934aa2de8e003a5da2,C:\Machine Learning\projet\projet-machine-learning\dataset\labels\test\gss186_jpg.rf.6a6f01f56d4f68934aa2de8e003a5da2.txt,C:\Machine Learning\projet\projet-machine-learning\dataset\images\test\gss186_jpg.rf.6a6f01f56d4f68934aa2de8e003a5da2.jpg
test,gss1881_jpg.rf.d59988c8bbba5bc5497e22660e58e12f,C:\Machine Learning\projet\projet-machine-learning\dataset\labels\test\gss1881_jpg.rf.d59988c8bbba5bc5497e22660e58e12f.txt,C:\Machine Learning\projet\projet-machine-learning\dataset\images\test\gss1881_jpg.rf.d59988c8bbba5bc5497e22660e58e12f.jpg
test,gss1884_jpg.rf.7cc729b27e2be238008f5c0cee12b669,C:\Machine Learning\projet\projet-machine-learning\dataset\labels\test\gss1884_jpg.rf.7cc729b27e2be238008f5c0cee12b669.txt,C:\Machine Learning\projet\projet-machine-learning\dataset\images\test\gss1884_jpg.rf.7cc729b27e2be238008f5c0cee12b669.jpg
test,gss1885_jpg.rf.d3e04346327b21a11ce8bba3662ae3f8,C:\Machine Learning\projet\projet-machine-learning\dataset\labels\test\gss1885_jpg.rf.d3e04346327b21a11ce8bba3662ae3f8.txt,C:\Machine Learning\projet\projet-machine-learning\dataset\images\test\gss1885_jpg.rf.d3e04346327b21a11ce8bba3662ae3f8.jpg
test,gss1902_jpg.rf.dfb819f3719e535490c0a95213c944c0,C:\Machine Learning\projet\projet-machine-learning\dataset\labels\test\gss1902_jpg.rf.dfb819f3719e535490c0a95213c944c0.txt,C:\Machine Learning\projet\projet-machine-learning\dataset\images\test\gss1902_jpg.rf.dfb819f3719e535490c0a95213c944c0.jpg
test,gss1913_jpg.rf.d31b7ae7b14a30f57983e28ccce35b69,C:\Machine Learning\projet\projet-machine-learning\dataset\labels\test\gss1913_jpg.rf.d31b7ae7b14a30f57983e28ccce35b69.txt,C:\Machine Learning\projet\projet-machine-learning\dataset\images\test\gss1913_jpg.rf.d31b7ae7b14a30f57983e28ccce35b69.jpg
test,gss1918_jpg.rf.653a4979e42bffe159c7f52facbbf8fb,C:\Machine Learning\projet\projet-machine-learning\dataset\labels\test\gss1918_jpg.rf.653a4979e42bffe159c7f52facbbf8fb.txt,C:\Machine Learning\projet\projet-machine-learning\dataset\images\test\gss1918_jpg.rf.653a4979e42bffe159c7f52facbbf8fb.jpg
test,gss1924_jpg.rf.1ab0de216080f2e19647dcdcb4165c95,C:\Machine Learning\projet\projet-machine-learning\dataset\labels\test\gss1924_jpg.rf.1ab0de216080f2e19647dcdcb4165c95.txt,C:\Machine Learning\projet\projet-machine-learning\dataset\images\test\gss1924_jpg.rf.1ab0de216080f2e19647dcdcb4165c95.jpg
test,gss1933_jpg.rf.849704026f64df7f8a6e429f8ba48e76,C:\Machine Learning\projet\projet-machine-learning\dataset\labels\test\gss1933_jpg.rf.849704026f64df7f8a6e429f8ba48e76.txt,C:\Machine Learning\projet\projet-machine-learning\dataset\images\test\gss1933_jpg.rf.849704026f64df7f8a6e429f8ba48e76.jpg
test,gss1961_jpg.rf.09be66f6e1964968f35058f3eb8478fa,C:\Machine Learning\projet\projet-machine-learning\dataset\labels\test\gss1961_jpg.rf.09be66f6e1964968f35058f3eb8478fa.txt,C:\Machine Learning\projet\projet-machine-learning\dataset\images\test\gss1961_jpg.rf.09be66f6e1964968f35058f3eb8478fa.jpg
test,gss196_jpg.rf.24e53ac25075ef9bd9dbca92ec2d0ac2,C:\Machine Learning\projet\projet-machine-learning\dataset\labels\test\gss196_jpg.rf.24e53ac25075ef9bd9dbca92ec2d0ac2.txt,C:\Machine Learning\projet\projet-machine-learning\dataset\images\test\gss196_jpg.rf.24e53ac25075ef9bd9dbca92ec2d0ac2.jpg
test,gss2001_jpg.rf.1f10c5eba7bf6b5763b03c254ba476b2,C:\Machine Learning\projet\projet-machine-learning\dataset\labels\test\gss2001_jpg.rf.1f10c5eba7bf6b5763b03c254ba476b2.txt,C:\Machine Learning\projet\projet-machine-learning\dataset\images\test\gss2001_jpg.rf.1f10c5eba7bf6b5763b03c254ba476b2.jpg
test,gss2004_jpg.rf.059c9fdeb6537418fd00e08fdb5d91c9,C:\Machine Learning\projet\projet-machine-learning\dataset\labels\test\gss2004_jpg.rf.059c9fdeb6537418fd00e08fdb5d91c9.txt,C:\Machine Learning\projet\projet-machine-learning\dataset\images\test\gss2004_jpg.rf.059c9fdeb6537418fd00e08fdb5d91c9.jpg
test,gss2014_jpg.rf.30f6a3e8ac4aa7c5e37a8793c215dfb8,C:\Machine Learning\projet\projet-machine-learning\dataset\labels\test\gss2014_jpg.rf.30f6a3e8ac4aa7c5e37a8793c215dfb8.txt,C:\Machine Learning\projet\projet-machine-learning\dataset\images\test\gss2014_jpg.rf.30f6a3e8ac4aa7c5e37a8793c215dfb8.jpg
test,gss2030_jpg.rf.0569316ea1b36105f9092876239a3fa7,C:\Machine Learning\projet\projet-machine-learning\dataset\labels\test\gss2030_jpg.rf.0569316ea1b36105f9092876239a3fa7.txt,C:\Machine Learning\projet\projet-machine-learning\dataset\images\test\gss2030_jpg.rf.0569316ea1b36105f9092876239a3fa7.jpg
test,gss2060_jpg.rf.46e8b03547bd4b9787da235e175a42df,C:\Machine Learning\projet\projet-machine-learning\dataset\labels\test\gss2060_jpg.rf.46e8b03547bd4b9787da235e175a42df.txt,C:\Machine Learning\projet\projet-machine-learning\dataset\images\test\gss2060_jpg.rf.46e8b03547bd4b9787da235e175a42df.jpg
test,gss2065_jpg.rf.714bebad2656e2bb6fd021a7e1827eac,C:\Machine Learning\projet\projet-machine-learning\dataset\labels\test\gss2065_jpg.rf.714bebad2656e2bb6fd021a7e1827eac.txt,C:\Machine Learning\projet\projet-machine-learning\dataset\images\test\gss2065_jpg.rf.714bebad2656e2bb6fd021a7e1827eac.jpg
test,gss2073_jpg.rf.b10f528a7c7095f9889525201dfb8bbe,C:\Machine Learning\projet\projet-machine-learning\dataset\labels\test\gss2073_jpg.rf.b10f528a7c7095f9889525201dfb8bbe.txt,C:\Machine Learning\projet\projet-machine-learning\dataset\images\test\gss2073_jpg.rf.b10f528a7c7095f9889525201dfb8bbe.jpg
test,gss2081_jpg.rf.ad262c370fd712c058f7bbc2edb52b4e,C:\Machine Learning\projet\projet-machine-learning\dataset\labels\test\gss2081_jpg.rf.ad262c370fd712c058f7bbc2edb52b4e.txt,C:\Machine Learning\projet\projet-machine-learning\dataset\images\test\gss2081_jpg.rf.ad262c370fd712c058f7bbc2edb52b4e.jpg
test,gss2082_jpg.rf.88525e689247a782a51e21801ead9a22,C:\Machine Learning\projet\projet-machine-learning\dataset\labels\test\gss2082_jpg.rf.88525e689247a782a51e21801ead9a22.txt,C:\Machine Learning\projet\projet-machine-learning\dataset\images\test\gss2082_jpg.rf.88525e689247a782a51e21801ead9a22.jpg
test,gss2083_jpg.rf.af407d4d167d9265157c3748aefd3174,C:\Machine Learning\projet\projet-machine-learning\dataset\labels\test\gss2083_jpg.rf.af407d4d167d9265157c3748aefd3174.txt,C:\Machine Learning\projet\projet-machine-learning\dataset\images\test\gss2083_jpg.rf.af407d4d167d9265157c3748aefd3174.jpg
test,gss211_jpg.rf.190f46ce8c1dd32498b28a5062bcb56f,C:\Machine Learning\projet\projet-machine-learning\dataset\labels\test\gss211_jpg.rf.190f46ce8c1dd32498b28a5062bcb56f.txt,C:\Machine Learning\projet\projet-machine-learning\dataset\images\test\gss211_jpg.rf.190f46ce8c1dd32498b28a5062bcb56f.jpg
test,gss218_jpg.rf.a827f432bebb22bb6eacd9fcb6367a38,C:\Machine Learning\projet\projet-machine-learning\dataset\labels\test\gss218_jpg.rf.a827f432bebb22bb6eacd9fcb6367a38.txt,C:\Machine Learning\projet\projet-machine-learning\dataset\images\test\gss218_jpg.rf.a827f432bebb22bb6eacd9fcb6367a38.jpg
test,gss219_jpg.rf.d4a10fe8c80ce46dde2d1c3830d26fe9,C:\Machine Learning\projet\projet-machine-learning\dataset\labels\test\gss219_jpg.rf.d4a10fe8c80ce46dde2d1c3830d26fe9.txt,C:\Machine Learning\projet\projet-machine-learning\dataset\images\test\gss219_jpg.rf.d4a10fe8c80ce46dde2d1c3830d26fe9.jpg
test,gss220_jpg.rf.aef2e7cc985be8e1611816313dfb48f1,C:\Machine Learning\projet\projet-machine-learning\dataset\labels\test\gss220_jpg.rf.aef2e7cc985be8e1611816313dfb48f1.txt,C:\Machine Learning\projet\projet-machine-learning\dataset\images\test\gss220_jpg.rf.aef2e7cc985be8e1611816313dfb48f1.jpg
test,gss239_jpg.rf.bf8c5d6e1af879d336dddfa66b8762fc,C:\Machine Learning\projet\projet-machine-learning\dataset\labels\test\gss239_jpg.rf.bf8c5d6e1af879d336dddfa66b8762fc.txt,C:\Machine Learning\projet\projet-machine-learning\dataset\images\test\gss239_jpg.rf.bf8c5d6e1af879d336dddfa66b8762fc.jpg
test,gss244_jpg.rf.b3486033e5b94ecd3f6aa6f960cf005f,C:\Machine Learning\projet\projet-machine-learning\dataset\labels\test\gss244_jpg.rf.b3486033e5b94ecd3f6aa6f960cf005f.txt,C:\Machine Learning\projet\projet-machine-learning\dataset\images\test\gss244_jpg.rf.b3486033e5b94ecd3f6aa6f960cf005f.jpg
test,gss254_jpg.rf.f0f2f1b9889a0ad8a5c3af16edd6420d,C:\Machine Learning\projet\projet-machine-learning\dataset\labels\test\gss254_jpg.rf.f0f2f1b9889a0ad8a5c3af16edd6420d.txt,C:\Machine Learning\projet\projet-machine-learning\dataset\images\test\gss254_jpg.rf.f0f2f1b9889a0ad8a5c3af16edd6420d.jpg
test,gss25_jpg.rf.7ec23177cdb5fa6c36afc72c27218414,C:\Machine Learning\projet\projet-machine-learning\dataset\labels\test\gss25_jpg.rf.7ec23177cdb5fa6c36afc72c27218414.txt,C:\Machine Learning\projet\projet-machine-learning\dataset\images\test\gss25_jpg.rf.7ec23177cdb5fa6c36afc72c27218414.jpg
test,gss269_jpg.rf.9070625150a15e1a8d36c9c23891a8a7,C:\Machine Learning\projet\projet-machine-learning\dataset\labels\test\gss269_jpg.rf.9070625150a15e1a8d36c9c23891a8a7.txt,C:\Machine Learning\projet\projet-machine-learning\dataset\images\test\gss269_jpg.rf.9070625150a15e1a8d36c9c23891a8a7.jpg
test,gss283_jpg.rf.1123c7f955fb00ccf5a67ba913b5f8de,C:\Machine Learning\projet\projet-machine-learning\dataset\labels\test\gss283_jpg.rf.1123c7f955fb00ccf5a67ba913b5f8de.txt,C:\Machine Learning\projet\projet-machine-learning\dataset\images\test\gss283_jpg.rf.1123c7f955fb00ccf5a67ba913b5f8de.jpg
test,gss300_jpg.rf.4db18b0b1bb80b2110b7b5ae5d8026ad,C:\Machine Learning\projet\projet-machine-learning\dataset\labels\test\gss300_jpg.rf.4db18b0b1bb80b2110b7b5ae5d8026ad.txt,C:\Machine Learning\projet\projet-machine-learning\dataset\images\test\gss300_jpg.rf.4db18b0b1bb80b2110b7b5ae5d8026ad.jpg
test,gss30_jpg.rf.abf43f34f4dcb047baf089e087e2f799,C:\Machine Learning\projet\projet-machine-learning\dataset\labels\test\gss30_jpg.rf.abf43f34f4dcb047baf089e087e2f799.txt,C:\Machine Learning\projet\projet-machine-learning\dataset\images\test\gss30_jpg.rf.abf43f34f4dcb047baf089e087e2f799.jpg
test,gss317_jpg.rf.d1176868e52bb7aa8114f8f1e4ae45ea,C:\Machine Learning\projet\projet-machine-learning\dataset\labels\test\gss317_jpg.rf.d1176868e52bb7aa8114f8f1e4ae45ea.txt,C:\Machine Learning\projet\projet-machine-learning\dataset\images\test\gss317_jpg.rf.d1176868e52bb7aa8114f8f1e4ae45ea.jpg
test,gss323_jpg.rf.a6764179f23711079eb328b67b4f3c10,C:\Machine Learning\projet\projet-machine-learning\dataset\labels\test\gss323_jpg.rf.a6764179f23711079eb328b67b4f3c10.txt,C:\Machine Learning\projet\projet-machine-learning\dataset\images\test\gss323_jpg.rf.a6764179f23711079eb328b67b4f3c10.jpg
test,gss32_jpg.rf.fe0ce854b02611c0a488e6fec5d411d2,C:\Machine Learning\projet\projet-machine-learning\dataset\labels\test\gss32_jpg.rf.fe0ce854b02611c0a488e6fec5d411d2.txt,C:\Machine Learning\projet\projet-machine-learning\dataset\images\test\gss32_jpg.rf.fe0ce854b02611c0a488e6fec5d411d2.jpg
test,gss344_jpg.rf.bee1b44e8af9aa704bbd4a8a349b839f,C:\Machine Learning\projet\projet-machine-learning\dataset\labels\test\gss344_jpg.rf.bee1b44e8af9aa704bbd4a8a349b839f.txt,C:\Machine Learning\projet\projet-machine-learning\dataset\images\test\gss344_jpg.rf.bee1b44e8af9aa704bbd4a8a349b839f.jpg
test,gss345_jpg.rf.3f18e581600e1d79d93512b13ff224b5,C:\Machine Learning\projet\projet-machine-learning\dataset\labels\test\gss345_jpg.rf.3f18e581600e1d79d93512b13ff224b5.txt,C:\Machine Learning\projet\projet-machine-learning\dataset\images\test\gss345_jpg.rf.3f18e581600e1d79d93512b13ff224b5.jpg
test,gss368_jpg.rf.84a7d6ba8599e8c6dab9d66ec5b60dc3,C:\Machine Learning\projet\projet-machine-learning\dataset\labels\test\gss368_jpg.rf.84a7d6ba8599e8c6dab9d66ec5b60dc3.txt,C:\Machine Learning\projet\projet-machine-learning\dataset\images\test\gss368_jpg.rf.84a7d6ba8599e8c6dab9d66ec5b60dc3.jpg
test,gss378_jpg.rf.2cf253a34add78632c5ceb80498650b1,C:\Machine Learning\projet\projet-machine-learning\dataset\labels\test\gss378_jpg.rf.2cf253a34add78632c5ceb80498650b1.txt,C:\Machine Learning\projet\projet-machine-learning\dataset\images\test\gss378_jpg.rf.2cf253a34add78632c5ceb80498650b1.jpg
test,gss37_jpg.rf.04243565a36c86c2f0dcd48e30781fbb,C:\Machine Learning\projet\projet-machine-learning\dataset\labels\test\gss37_jpg.rf.04243565a36c86c2f0dcd48e30781fbb.txt,C:\Machine Learning\projet\projet-machine-learning\dataset\images\test\gss37_jpg.rf.04243565a36c86c2f0dcd48e30781fbb.jpg
test,gss392_jpg.rf.df8744364e404a5328169f1f21703708,C:\Machine Learning\projet\projet-machine-learning\dataset\labels\test\gss392_jpg.rf.df8744364e404a5328169f1f21703708.txt,C:\Machine Learning\projet\projet-machine-learning\dataset\images\test\gss392_jpg.rf.df8744364e404a5328169f1f21703708.jpg
test,gss393_jpg.rf.d93f8e19bf687d187798b642d0bbf6c9,C:\Machine Learning\projet\projet-machine-learning\dataset\labels\test\gss393_jpg.rf.d93f8e19bf687d187798b642d0bbf6c9.txt,C:\Machine Learning\projet\projet-machine-learning\dataset\images\test\gss393_jpg.rf.d93f8e19bf687d187798b642d0bbf6c9.jpg
test,gss397_jpg.rf.77393c2c8d0358f46d4c699d16fb0c12,C:\Machine Learning\projet\projet-machine-learning\dataset\labels\test\gss397_jpg.rf.77393c2c8d0358f46d4c699d16fb0c12.txt,C:\Machine Learning\projet\projet-machine-learning\dataset\images\test\gss397_jpg.rf.77393c2c8d0358f46d4c699d16fb0c12.jpg
test,gss400_jpg.rf.699147fbc07804d185ade87b155d3f4c,C:\Machine Learning\projet\projet-machine-learning\dataset\labels\test\gss400_jpg.rf.699147fbc07804d185ade87b155d3f4c.txt,C:\Machine Learning\projet\projet-machine-learning\dataset\images\test\gss400_jpg.rf.699147fbc07804d185ade87b155d3f4c.jpg
test,gss406_jpg.rf.8caacc1b882551433564988146b9784e,C:\Machine Learning\projet\projet-machine-learning\dataset\labels\test\gss406_jpg.rf.8caacc1b882551433564988146b9784e.txt,C:\Machine Learning\projet\projet-machine-learning\dataset\images\test\gss406_jpg.rf.8caacc1b882551433564988146b9784e.jpg
test,gss40_jpg.rf.644b5330c5316e4ecfcf4ac506a2630a,C:\Machine Learning\projet\projet-machine-learning\dataset\labels\test\gss40_jpg.rf.644b5330c5316e4ecfcf4ac506a2630a.txt,C:\Machine Learning\projet\projet-machine-learning\dataset\images\test\gss40_jpg.rf.644b5330c5316e4ecfcf4ac506a2630a.jpg
test,gss420_jpg.rf.9d2e25289549387b0bed4ab0474abbfc,C:\Machine Learning\projet\projet-machine-learning\dataset\labels\test\gss420_jpg.rf.9d2e25289549387b0bed4ab0474abbfc.txt,C:\Machine Learning\projet\projet-machine-learning\dataset\images\test\gss420_jpg.rf.9d2e25289549387b0bed4ab0474abbfc.jpg
test,gss428_jpg.rf.6b77c21885a263c6b0385da9690fb959,C:\Machine Learning\projet\projet-machine-learning\dataset\labels\test\gss428_jpg.rf.6b77c21885a263c6b0385da9690fb959.txt,C:\Machine Learning\projet\projet-machine-learning\dataset\images\test\gss428_jpg.rf.6b77c21885a263c6b0385da9690fb959.jpg
test,gss437_jpg.rf.ff6f0dac494960718727b61993dd8e60,C:\Machine Learning\projet\projet-machine-learning\dataset\labels\test\gss437_jpg.rf.ff6f0dac494960718727b61993dd8e60.txt,C:\Machine Learning\projet\projet-machine-learning\dataset\images\test\gss437_jpg.rf.ff6f0dac494960718727b61993dd8e60.jpg
test,gss438_jpg.rf.e97d8d694b8bbae9794a7fffb8becac1,C:\Machine Learning\projet\projet-machine-learning\dataset\labels\test\gss438_jpg.rf.e97d8d694b8bbae9794a7fffb8becac1.txt,C:\Machine Learning\projet\projet-machine-learning\dataset\images\test\gss438_jpg.rf.e97d8d694b8bbae9794a7fffb8becac1.jpg
test,gss439_jpg.rf.41882a60083387cd924f0855971de7db,C:\Machine Learning\projet\projet-machine-learning\dataset\labels\test\gss439_jpg.rf.41882a60083387cd924f0855971de7db.txt,C:\Machine Learning\projet\projet-machine-learning\dataset\images\test\gss439_jpg.rf.41882a60083387cd924f0855971de7db.jpg
test,gss449_jpg.rf.5dab59838187aa4967c9230234882574,C:\Machine Learning\projet\projet-machine-learning\dataset\labels\test\gss449_jpg.rf.5dab59838187aa4967c9230234882574.txt,C:\Machine Learning\projet\projet-machine-learning\dataset\images\test\gss449_jpg.rf.5dab59838187aa4967c9230234882574.jpg
test,gss453_jpg.rf.d9fbe92afacf9db7847c295481327927,C:\Machine Learning\projet\projet-machine-learning\dataset\labels\test\gss453_jpg.rf.d9fbe92afacf9db7847c295481327927.txt,C:\Machine Learning\projet\projet-machine-learning\dataset\images\test\gss453_jpg.rf.d9fbe92afacf9db7847c295481327927.jpg
test,gss45_jpg.rf.9b4414fd608918f0069178270d15792d,C:\Machine Learning\projet\projet-machine-learning\dataset\labels\test\gss45_jpg.rf.9b4414fd608918f0069178270d15792d.txt,C:\Machine Learning\projet\projet-machine-learning\dataset\images\test\gss45_jpg.rf.9b4414fd608918f0069178270d15792d.jpg
test,gss466_jpg.rf.f2dc32fcd95fc87adcea87f1715b609d,C:\Machine Learning\projet\projet-machine-learning\dataset\labels\test\gss466_jpg.rf.f2dc32fcd95fc87adcea87f1715b609d.txt,C:\Machine Learning\projet\projet-machine-learning\dataset\images\test\gss466_jpg.rf.f2dc32fcd95fc87adcea87f1715b609d.jpg
test,gss46_jpg.rf.2fdb850a1e05fa606a6ccb2dcfb077c8,C:\Machine Learning\projet\projet-machine-learning\dataset\labels\test\gss46_jpg.rf.2fdb850a1e05fa606a6ccb2dcfb077c8.txt,C:\Machine Learning\projet\projet-machine-learning\dataset\images\test\gss46_jpg.rf.2fdb850a1e05fa606a6ccb2dcfb077c8.jpg
test,gss474_jpg.rf.b544553e5184b04cebd6d0b5efa33315,C:\Machine Learning\projet\projet-machine-learning\dataset\labels\test\gss474_jpg.rf.b544553e5184b04cebd6d0b5efa33315.txt,C:\Machine Learning\projet\projet-machine-learning\dataset\images\test\gss474_jpg.rf.b544553e5184b04cebd6d0b5efa33315.jpg
test,gss48_jpg.rf.a2c0f0c96c37c01a79305aad5b28edb5,C:\Machine Learning\projet\projet-machine-learning\dataset\labels\test\gss48_jpg.rf.a2c0f0c96c37c01a79305aad5b28edb5.txt,C:\Machine Learning\projet\projet-machine-learning\dataset\images\test\gss48_jpg.rf.a2c0f0c96c37c01a79305aad5b28edb5.jpg
test,gss502_jpg.rf.2332f3400704fdda4757c00916f5bb28,C:\Machine Learning\projet\projet-machine-learning\dataset\labels\test\gss502_jpg.rf.2332f3400704fdda4757c00916f5bb28.txt,C:\Machine Learning\projet\projet-machine-learning\dataset\images\test\gss502_jpg.rf.2332f3400704fdda4757c00916f5bb28.jpg
test,gss506_jpg.rf.c39464832d2b93e2ee9374475a4a89d0,C:\Machine Learning\projet\projet-machine-learning\dataset\labels\test\gss506_jpg.rf.c39464832d2b93e2ee9374475a4a89d0.txt,C:\Machine Learning\projet\projet-machine-learning\dataset\images\test\gss506_jpg.rf.c39464832d2b93e2ee9374475a4a89d0.jpg
test,gss510_jpg.rf.66180af01e75891da4e6dc2c18a070bd,C:\Machine Learning\projet\projet-machine-learning\dataset\labels\test\gss510_jpg.rf.66180af01e75891da4e6dc2c18a070bd.txt,C:\Machine Learning\projet\projet-machine-learning\dataset\images\test\gss510_jpg.rf.66180af01e75891da4e6dc2c18a070bd.jpg
test,gss514_jpg.rf.6f57b2a006650e98d108e48ef8aad930,C:\Machine Learning\projet\projet-machine-learning\dataset\labels\test\gss514_jpg.rf.6f57b2a006650e98d108e48ef8aad930.txt,C:\Machine Learning\projet\projet-machine-learning\dataset\images\test\gss514_jpg.rf.6f57b2a006650e98d108e48ef8aad930.jpg
test,gss520_jpg.rf.b481f561d12fbade58afe337aed8a00f,C:\Machine Learning\projet\projet-machine-learning\dataset\labels\test\gss520_jpg.rf.b481f561d12fbade58afe337aed8a00f.txt,C:\Machine Learning\projet\projet-machine-learning\dataset\images\test\gss520_jpg.rf.b481f561d12fbade58afe337aed8a00f.jpg
test,gss528_jpg.rf.1549de9a8e2c9a2b7d8d2ae34aeabb19,C:\Machine Learning\projet\projet-machine-learning\dataset\labels\test\gss528_jpg.rf.1549de9a8e2c9a2b7d8d2ae34aeabb19.txt,C:\Machine Learning\projet\projet-machine-learning\dataset\images\test\gss528_jpg.rf.1549de9a8e2c9a2b7d8d2ae34aeabb19.jpg
test,gss531_jpg.rf.9e7caa68afd971068da145ab4cd4a629,C:\Machine Learning\projet\projet-machine-learning\dataset\labels\test\gss531_jpg.rf.9e7caa68afd971068da145ab4cd4a629.txt,C:\Machine Learning\projet\projet-machine-learning\dataset\images\test\gss531_jpg.rf.9e7caa68afd971068da145ab4cd4a629.jpg
test,gss533_jpg.rf.7383a693ea85e08dec4d6a3a8835b606,C:\Machine Learning\projet\projet-machine-learning\dataset\labels\test\gss533_jpg.rf.7383a693ea85e08dec4d6a3a8835b606.txt,C:\Machine Learning\projet\projet-machine-learning\dataset\images\test\gss533_jpg.rf.7383a693ea85e08dec4d6a3a8835b606.jpg
test,gss539_jpg.rf.780a2c3118fc8c97ddf18da1a05367a7,C:\Machine Learning\projet\projet-machine-learning\dataset\labels\test\gss539_jpg.rf.780a2c3118fc8c97ddf18da1a05367a7.txt,C:\Machine Learning\projet\projet-machine-learning\dataset\images\test\gss539_jpg.rf.780a2c3118fc8c97ddf18da1a05367a7.jpg
test,gss541_jpg.rf.eeeff0dcc238a82e539fce00bf71fb58,C:\Machine Learning\projet\projet-machine-learning\dataset\labels\test\gss541_jpg.rf.eeeff0dcc238a82e539fce00bf71fb58.txt,C:\Machine Learning\projet\projet-machine-learning\dataset\images\test\gss541_jpg.rf.eeeff0dcc238a82e539fce00bf71fb58.jpg
test,gss545_jpg.rf.6c20d98b8bc07d40b6c2e90d6fdfa609,C:\Machine Learning\projet\projet-machine-learning\dataset\labels\test\gss545_jpg.rf.6c20d98b8bc07d40b6c2e90d6fdfa609.txt,C:\Machine Learning\projet\projet-machine-learning\dataset\images\test\gss545_jpg.rf.6c20d98b8bc07d40b6c2e90d6fdfa609.jpg
test,gss551_jpg.rf.9754acc478cb7c3493c54871e20db9c3,C:\Machine Learning\projet\projet-machine-learning\dataset\labels\test\gss551_jpg.rf.9754acc478cb7c3493c54871e20db9c3.txt,C:\Machine Learning\projet\projet-machine-learning\dataset\images\test\gss551_jpg.rf.9754acc478cb7c3493c54871e20db9c3.jpg
test,gss587_jpg.rf.984a9db301b19cc161bfe877cca271bd,C:\Machine Learning\projet\projet-machine-learning\dataset\labels\test\gss587_jpg.rf.984a9db301b19cc161bfe877cca271bd.txt,C:\Machine Learning\projet\projet-machine-learning\dataset\images\test\gss587_jpg.rf.984a9db301b19cc161bfe877cca271bd.jpg
test,gss602_jpg.rf.4033b04354b3896077b2ca5185b75477,C:\Machine Learning\projet\projet-machine-learning\dataset\labels\test\gss602_jpg.rf.4033b04354b3896077b2ca5185b75477.txt,C:\Machine Learning\projet\projet-machine-learning\dataset\images\test\gss602_jpg.rf.4033b04354b3896077b2ca5185b75477.jpg
test,gss60_jpg.rf.33acc6f8f8c891a60a547ce054ea2e5d,C:\Machine Learning\projet\projet-machine-learning\dataset\labels\test\gss60_jpg.rf.33acc6f8f8c891a60a547ce054ea2e5d.txt,C:\Machine Learning\projet\projet-machine-learning\dataset\images\test\gss60_jpg.rf.33acc6f8f8c891a60a547ce054ea2e5d.jpg
test,gss616_jpg.rf.ea0ffdf001c2a500f183aede077efc38,C:\Machine Learning\projet\projet-machine-learning\dataset\labels\test\gss616_jpg.rf.ea0ffdf001c2a500f183aede077efc38.txt,C:\Machine Learning\projet\projet-machine-learning\dataset\images\test\gss616_jpg.rf.ea0ffdf001c2a500f183aede077efc38.jpg
test,gss629_jpg.rf.b00d2019bdda97ce47b7c458caa0b1ff,C:\Machine Learning\projet\projet-machine-learning\dataset\labels\test\gss629_jpg.rf.b00d2019bdda97ce47b7c458caa0b1ff.txt,C:\Machine Learning\projet\projet-machine-learning\dataset\images\test\gss629_jpg.rf.b00d2019bdda97ce47b7c458caa0b1ff.jpg
test,gss635_jpg.rf.0ac3d0b955fc1057ac9c519c234626aa,C:\Machine Learning\projet\projet-machine-learning\dataset\labels\test\gss635_jpg.rf.0ac3d0b955fc1057ac9c519c234626aa.txt,C:\Machine Learning\projet\projet-machine-learning\dataset\images\test\gss635_jpg.rf.0ac3d0b955fc1057ac9c519c234626aa.jpg
test,gss642_jpg.rf.52acec1e73b9b481a26b39dc26e085c7,C:\Machine Learning\projet\projet-machine-learning\dataset\labels\test\gss642_jpg.rf.52acec1e73b9b481a26b39dc26e085c7.txt,C:\Machine Learning\projet\projet-machine-learning\dataset\images\test\gss642_jpg.rf.52acec1e73b9b481a26b39dc26e085c7.jpg
test,gss667_jpg.rf.951e4acea7973a694b4bdaa807f5ca94,C:\Machine Learning\projet\projet-machine-learning\dataset\labels\test\gss667_jpg.rf.951e4acea7973a694b4bdaa807f5ca94.txt,C:\Machine Learning\projet\projet-machine-learning\dataset\images\test\gss667_jpg.rf.951e4acea7973a694b4bdaa807f5ca94.jpg
test,gss66_jpg.rf.920f95a7a409971460dd0276e631c14b,C:\Machine Learning\projet\projet-machine-learning\dataset\labels\test\gss66_jpg.rf.920f95a7a409971460dd0276e631c14b.txt,C:\Machine Learning\projet\projet-machine-learning\dataset\images\test\gss66_jpg.rf.920f95a7a409971460dd0276e631c14b.jpg
test,gss671_jpg.rf.2eb42b187b471bd59f4661db0c730088,C:\Machine Learning\projet\projet-machine-learning\dataset\labels\test\gss671_jpg.rf.2eb42b187b471bd59f4661db0c730088.txt,C:\Machine Learning\projet\projet-machine-learning\dataset\images\test\gss671_jpg.rf.2eb42b187b471bd59f4661db0c730088.jpg
test,gss673_jpg.rf.710661b34ba9cf22938c57aa0fbf3107,C:\Machine Learning\projet\projet-machine-learning\dataset\labels\test\gss673_jpg.rf.710661b34ba9cf22938c57aa0fbf3107.txt,C:\Machine Learning\projet\projet-machine-learning\dataset\images\test\gss673_jpg.rf.710661b34ba9cf22938c57aa0fbf3107.jpg
test,gss689_jpg.rf.c0157bf66a605f40f50d950b08a52e71,C:\Machine Learning\projet\projet-machine-learning\dataset\labels\test\gss689_jpg.rf.c0157bf66a605f40f50d950b08a52e71.txt,C:\Machine Learning\projet\projet-machine-learning\dataset\images\test\gss689_jpg.rf.c0157bf66a605f40f50d950b08a52e71.jpg
test,gss701_jpg.rf.266d97db966b896d3573e3156bbe4e4c,C:\Machine Learning\projet\projet-machine-learning\dataset\labels\test\gss701_jpg.rf.266d97db966b896d3573e3156bbe4e4c.txt,C:\Machine Learning\projet\projet-machine-learning\dataset\images\test\gss701_jpg.rf.266d97db966b896d3573e3156bbe4e4c.jpg
test,gss712_jpg.rf.ba33a6ff31154dc9566f140e8344f5a1,C:\Machine Learning\projet\projet-machine-learning\dataset\labels\test\gss712_jpg.rf.ba33a6ff31154dc9566f140e8344f5a1.txt,C:\Machine Learning\projet\projet-machine-learning\dataset\images\test\gss712_jpg.rf.ba33a6ff31154dc9566f140e8344f5a1.jpg
test,gss721_jpg.rf.ca079d6575d89f0099f383df3c9de00b,C:\Machine Learning\projet\projet-machine-learning\dataset\labels\test\gss721_jpg.rf.ca079d6575d89f0099f383df3c9de00b.txt,C:\Machine Learning\projet\projet-machine-learning\dataset\images\test\gss721_jpg.rf.ca079d6575d89f0099f383df3c9de00b.jpg
test,gss739_jpg.rf.340e9aa91f6c6d1d3e6753b3e1fde02d,C:\Machine Learning\projet\projet-machine-learning\dataset\labels\test\gss739_jpg.rf.340e9aa91f6c6d1d3e6753b3e1fde02d.txt,C:\Machine Learning\projet\projet-machine-learning\dataset\images\test\gss739_jpg.rf.340e9aa91f6c6d1d3e6753b3e1fde02d.jpg
test,gss753_jpg.rf.2a0d8224c5e6808d1e9e5db1801e0574,C:\Machine Learning\projet\projet-machine-learning\dataset\labels\test\gss753_jpg.rf.2a0d8224c5e6808d1e9e5db1801e0574.txt,C:\Machine Learning\projet\projet-machine-learning\dataset\images\test\gss753_jpg.rf.2a0d8224c5e6808d1e9e5db1801e0574.jpg
test,gss761_jpg.rf.49c9ea3b6115665732bed47543676030,C:\Machine Learning\projet\projet-machine-learning\dataset\labels\test\gss761_jpg.rf.49c9ea3b6115665732bed47543676030.txt,C:\Machine Learning\projet\projet-machine-learning\dataset\images\test\gss761_jpg.rf.49c9ea3b6115665732bed47543676030.jpg
test,gss768_jpg.rf.8c401e5ba6ab65ba1583083ca5cf9a10,C:\Machine Learning\projet\projet-machine-learning\dataset\labels\test\gss768_jpg.rf.8c401e5ba6ab65ba1583083ca5cf9a10.txt,C:\Machine Learning\projet\projet-machine-learning\dataset\images\test\gss768_jpg.rf.8c401e5ba6ab65ba1583083ca5cf9a10.jpg
test,gss777_jpg.rf.6a51e279865e7ceb7a0e0e72600278cd,C:\Machine Learning\projet\projet-machine-learning\dataset\labels\test\gss777_jpg.rf.6a51e279865e7ceb7a0e0e72600278cd.txt,C:\Machine Learning\projet\projet-machine-learning\dataset\images\test\gss777_jpg.rf.6a51e279865e7ceb7a0e0e72600278cd.jpg
test,gss782_jpg.rf.65e0e95fb5125dc374bdc0a5be53d89c,C:\Machine Learning\projet\projet-machine-learning\dataset\labels\test\gss782_jpg.rf.65e0e95fb5125dc374bdc0a5be53d89c.txt,C:\Machine Learning\projet\projet-machine-learning\dataset\images\test\gss782_jpg.rf.65e0e95fb5125dc374bdc0a5be53d89c.jpg
test,gss798_jpg.rf.c3c67a85cc4dd31f8d65491cf6b53171,C:\Machine Learning\projet\projet-machine-learning\dataset\labels\test\gss798_jpg.rf.c3c67a85cc4dd31f8d65491cf6b53171.txt,C:\Machine Learning\projet\projet-machine-learning\dataset\images\test\gss798_jpg.rf.c3c67a85cc4dd31f8d65491cf6b53171.jpg
test,gss803_jpg.rf.63d8e6cd87e8a29d54569eba1a4e45ba,C:\Machine Learning\projet\projet-machine-learning\dataset\labels\test\gss803_jpg.rf.63d8e6cd87e8a29d54569eba1a4e45ba.txt,C:\Machine Learning\projet\projet-machine-learning\dataset\images\test\gss803_jpg.rf.63d8e6cd87e8a29d54569eba1a4e45ba.jpg
test,gss825_jpg.rf.f67f0380f0c40636ab727cd8b7eaa8ce,C:\Machine Learning\projet\projet-machine-learning\dataset\labels\test\gss825_jpg.rf.f67f0380f0c40636ab727cd8b7eaa8ce.txt,C:\Machine Learning\projet\projet-machine-learning\dataset\images\test\gss825_jpg.rf.f67f0380f0c40636ab727cd8b7eaa8ce.jpg
test,gss833_jpg.rf.a5505a5d47552dae678eb25a171b6c6d,C:\Machine Learning\projet\projet-machine-learning\dataset\labels\test\gss833_jpg.rf.a5505a5d47552dae678eb25a171b6c6d.txt,C:\Machine Learning\projet\projet-machine-learning\dataset\images\test\gss833_jpg.rf.a5505a5d47552dae678eb25a171b6c6d.jpg
test,gss845_jpg.rf.7663151b2c9fa7639e967db28c3620c1,C:\Machine Learning\projet\projet-machine-learning\dataset\labels\test\gss845_jpg.rf.7663151b2c9fa7639e967db28c3620c1.txt,C:\Machine Learning\projet\projet-machine-learning\dataset\images\test\gss845_jpg.rf.7663151b2c9fa7639e967db28c3620c1.jpg
test,gss846_jpg.rf.201a2a2b8988c49c03932ae7f58d9d77,C:\Machine Learning\projet\projet-machine-learning\dataset\labels\test\gss846_jpg.rf.201a2a2b8988c49c03932ae7f58d9d77.txt,C:\Machine Learning\projet\projet-machine-learning\dataset\images\test\gss846_jpg.rf.201a2a2b8988c49c03932ae7f58d9d77.jpg
test,gss872_jpg.rf.edc64e64962c97bd821408d1f2d4717c,C:\Machine Learning\projet\projet-machine-learning\dataset\labels\test\gss872_jpg.rf.edc64e64962c97bd821408d1f2d4717c.txt,C:\Machine Learning\projet\projet-machine-learning\dataset\images\test\gss872_jpg.rf.edc64e64962c97bd821408d1f2d4717c.jpg
test,gss881_jpg.rf.c78c3715841b748a3a6eaefd25cbad97,C:\Machine Learning\projet\projet-machine-learning\dataset\labels\test\gss881_jpg.rf.c78c3715841b748a3a6eaefd25cbad97.txt,C:\Machine Learning\projet\projet-machine-learning\dataset\images\test\gss881_jpg.rf.c78c3715841b748a3a6eaefd25cbad97.jpg
test,gss882_jpg.rf.a94b5dd40ffea05bf305198710aee9d0,C:\Machine Learning\projet\projet-machine-learning\dataset\labels\test\gss882_jpg.rf.a94b5dd40ffea05bf305198710aee9d0.txt,C:\Machine Learning\projet\projet-machine-learning\dataset\images\test\gss882_jpg.rf.a94b5dd40ffea05bf305198710aee9d0.jpg
test,gss8_jpg.rf.dffa49ee877dd27fdafd7e4b14a9d08a,C:\Machine Learning\projet\projet-machine-learning\dataset\labels\test\gss8_jpg.rf.dffa49ee877dd27fdafd7e4b14a9d08a.txt,C:\Machine Learning\projet\projet-machine-learning\dataset\images\test\gss8_jpg.rf.dffa49ee877dd27fdafd7e4b14a9d08a.jpg
test,gss90_jpg.rf.790a59d80bfad5b02787b119f23459be,C:\Machine Learning\projet\projet-machine-learning\dataset\labels\test\gss90_jpg.rf.790a59d80bfad5b02787b119f23459be.txt,C:\Machine Learning\projet\projet-machine-learning\dataset\images\test\gss90_jpg.rf.790a59d80bfad5b02787b119f23459be.jpg
test,gss922_jpg.rf.abaec11ec93e5db6aa4501084eb1b62a,C:\Machine Learning\projet\projet-machine-learning\dataset\labels\test\gss922_jpg.rf.abaec11ec93e5db6aa4501084eb1b62a.txt,C:\Machine Learning\projet\projet-machine-learning\dataset\images\test\gss922_jpg.rf.abaec11ec93e5db6aa4501084eb1b62a.jpg
test,gss929_jpg.rf.4a228afbb5780c382bad73357cca328b,C:\Machine Learning\projet\projet-machine-learning\dataset\labels\test\gss929_jpg.rf.4a228afbb5780c382bad73357cca328b.txt,C:\Machine Learning\projet\projet-machine-learning\dataset\images\test\gss929_jpg.rf.4a228afbb5780c382bad73357cca328b.jpg
test,gss930_jpg.rf.827adc186882d910d0e7a525eeba1ce3,C:\Machine Learning\projet\projet-machine-learning\dataset\labels\test\gss930_jpg.rf.827adc186882d910d0e7a525eeba1ce3.txt,C:\Machine Learning\projet\projet-machine-learning\dataset\images\test\gss930_jpg.rf.827adc186882d910d0e7a525eeba1ce3.jpg
test,gss932_jpg.rf.dfbce38b80f36d9434b41ecb3cb7d148,C:\Machine Learning\projet\projet-machine-learning\dataset\labels\test\gss932_jpg.rf.dfbce38b80f36d9434b41ecb3cb7d148.txt,C:\Machine Learning\projet\projet-machine-learning\dataset\images\test\gss932_jpg.rf.dfbce38b80f36d9434b41ecb3cb7d148.jpg
test,gss944_jpg.rf.2dc16b1f9e730587e8090cb3e5182a63,C:\Machine Learning\projet\projet-machine-learning\dataset\labels\test\gss944_jpg.rf.2dc16b1f9e730587e8090cb3e5182a63.txt,C:\Machine Learning\projet\projet-machine-learning\dataset\images\test\gss944_jpg.rf.2dc16b1f9e730587e8090cb3e5182a63.jpg
test,gss950_jpg.rf.8dfabe82f2228460acea71b0ae65950c,C:\Machine Learning\projet\projet-machine-learning\dataset\labels\test\gss950_jpg.rf.8dfabe82f2228460acea71b0ae65950c.txt,C:\Machine Learning\projet\projet-machine-learning\dataset\images\test\gss950_jpg.rf.8dfabe82f2228460acea71b0ae65950c.jpg
test,gss96_jpg.rf.588b820eee9ae18e1b24d67a6416c5e4,C:\Machine Learning\projet\projet-machine-learning\dataset\labels\test\gss96_jpg.rf.588b820eee9ae18e1b24d67a6416c5e4.txt,C:\Machine Learning\projet\projet-machine-learning\dataset\images\test\gss96_jpg.rf.588b820eee9ae18e1b24d67a6416c5e4.jpg
test,gss973_jpg.rf.fa8232c6bfd9584e4e0e008f94b981de,C:\Machine Learning\projet\projet-machine-learning\dataset\labels\test\gss973_jpg.rf.fa8232c6bfd9584e4e0e008f94b981de.txt,C:\Machine Learning\projet\projet-machine-learning\dataset\images\test\gss973_jpg.rf.fa8232c6bfd9584e4e0e008f94b981de.jpg
test,gss974_jpg.rf.fccd9d4c65783f85d9b7b68a2fb9b239,C:\Machine Learning\projet\projet-machine-learning\dataset\labels\test\gss974_jpg.rf.fccd9d4c65783f85d9b7b68a2fb9b239.txt,C:\Machine Learning\projet\projet-machine-learning\dataset\images\test\gss974_jpg.rf.fccd9d4c65783f85d9b7b68a2fb9b239.jpg
train,gss1006_jpg.rf.4af59454602ed9949a31b4c6d32377ef,C:\Machine Learning\projet\projet-machine-learning\dataset\labels\train\gss1006_jpg.rf.4af59454602ed9949a31b4c6d32377ef.txt,C:\Machine Learning\projet\projet-machine-learning\dataset\images\train\gss1006_jpg.rf.4af59454602ed9949a31b4c6d32377ef.jpg
train,gss1007_jpg.rf.9edd6c7546754b2cced3ac8ad0ba1c24,C:\Machine Learning\projet\projet-machine-learning\dataset\labels\train\gss1007_jpg.rf.9edd6c7546754b2cced3ac8ad0ba1c24.txt,C:\Machine Learning\projet\projet-machine-learning\dataset\images\train\gss1007_jpg.rf.9edd6c7546754b2cced3ac8ad0ba1c24.jpg
train,gss1008_jpg.rf.f8a4aa64cab1dfe4b34e3feff2dccb4a,C:\Machine Learning\projet\projet-machine-learning\dataset\labels\train\gss1008_jpg.rf.f8a4aa64cab1dfe4b34e3feff2dccb4a.txt,C:\Machine Learning\projet\projet-machine-learning\dataset\images\train\gss1008_jpg.rf.f8a4aa64cab1dfe4b34e3feff2dccb4a.jpg
train,gss100_jpg.rf.eaca644965f18d6260e664774e3ee81b,C:\Machine Learning\projet\projet-machine-learning\dataset\labels\train\gss100_jpg.rf.eaca644965f18d6260e664774e3ee81b.txt,C:\Machine Learning\projet\projet-machine-learning\dataset\images\train\gss100_jpg.rf.eaca644965f18d6260e664774e3ee81b.jpg
train,gss1011_jpg.rf.7b958d64e912d87a377a4d56bfbdffe3,C:\Machine Learning\projet\projet-machine-learning\dataset\labels\train\gss1011_jpg.rf.7b958d64e912d87a377a4d56bfbdffe3.txt,C:\Machine Learning\projet\projet-machine-learning\dataset\images\train\gss1011_jpg.rf.7b958d64e912d87a377a4d56bfbdffe3.jpg
train,gss1012_jpg.rf.f9693d687ebdb71d4d0942e2083d3bd8,C:\Machine Learning\projet\projet-machine-learning\dataset\labels\train\gss1012_jpg.rf.f9693d687ebdb71d4d0942e2083d3bd8.txt,C:\Machine Learning\projet\projet-machine-learning\dataset\images\train\gss1012_jpg.rf.f9693d687ebdb71d4d0942e2083d3bd8.jpg
train,gss1013_jpg.rf.c7767f61d0367d0f59be8ff9ea8edc16,C:\Machine Learning\projet\projet-machine-learning\dataset\labels\train\gss1013_jpg.rf.c7767f61d0367d0f59be8ff9ea8edc16.txt,C:\Machine Learning\projet\projet-machine-learning\dataset\images\train\gss1013_jpg.rf.c7767f61d0367d0f59be8ff9ea8edc16.jpg
train,gss1014_jpg.rf.f1c8b948767c71268e331cf0a5a34297,C:\Machine Learning\projet\projet-machine-learning\dataset\labels\train\gss1014_jpg.rf.f1c8b948767c71268e331cf0a5a34297.txt,C:\Machine Learning\projet\projet-machine-learning\dataset\images\train\gss1014_jpg.rf.f1c8b948767c71268e331cf0a5a34297.jpg
train,gss1016_jpg.rf.d10937ad1e42e05d65f04e1a6a1d50f5,C:\Machine Learning\projet\projet-machine-learning\dataset\labels\train\gss1016_jpg.rf.d10937ad1e42e05d65f04e1a6a1d50f5.txt,C:\Machine Learning\projet\projet-machine-learning\dataset\images\train\gss1016_jpg.rf.d10937ad1e42e05d65f04e1a6a1d50f5.jpg
train,gss1017_jpg.rf.4cb65e2fea38b35a785748dbb5ccd0a4,C:\Machine Learning\projet\projet-machine-learning\dataset\labels\train\gss1017_jpg.rf.4cb65e2fea38b35a785748dbb5ccd0a4.txt,C:\Machine Learning\projet\projet-machine-learning\dataset\images\train\gss1017_jpg.rf.4cb65e2fea38b35a785748dbb5ccd0a4.jpg
train,gss1018_jpg.rf.8bac3889b58b4efa77a67b8673067fc1,C:\Machine Learning\projet\projet-machine-learning\dataset\labels\train\gss1018_jpg.rf.8bac3889b58b4efa77a67b8673067fc1.txt,C:\Machine Learning\projet\projet-machine-learning\dataset\images\train\gss1018_jpg.rf.8bac3889b58b4efa77a67b8673067fc1.jpg
train,gss1021_jpg.rf.76a2211581fc43895b3e0b9ebff1fccd,C:\Machine Learning\projet\projet-machine-learning\dataset\labels\train\gss1021_jpg.rf.76a2211581fc43895b3e0b9ebff1fccd.txt,C:\Machine Learning\projet\projet-machine-learning\dataset\images\train\gss1021_jpg.rf.76a2211581fc43895b3e0b9ebff1fccd.jpg
train,gss1022_jpg.rf.7780ebac31747c2aecaa231be56ca4ad,C:\Machine Learning\projet\projet-machine-learning\dataset\labels\train\gss1022_jpg.rf.7780ebac31747c2aecaa231be56ca4ad.txt,C:\Machine Learning\projet\projet-machine-learning\dataset\images\train\gss1022_jpg.rf.7780ebac31747c2aecaa231be56ca4ad.jpg
train,gss1023_jpg.rf.ff08949d7914f970f4081ccd6b0c3548,C:\Machine Learning\projet\projet-machine-learning\dataset\labels\train\gss1023_jpg.rf.ff08949d7914f970f4081ccd6b0c3548.txt,C:\Machine Learning\projet\projet-machine-learning\dataset\images\train\gss1023_jpg.rf.ff08949d7914f970f4081ccd6b0c3548.jpg
train,gss1025_jpg.rf.194a6b6c21df9a822d0513d8d3fbbd26,C:\Machine Learning\projet\projet-machine-learning\dataset\labels\train\gss1025_jpg.rf.194a6b6c21df9a822d0513d8d3fbbd26.txt,C:\Machine Learning\projet\projet-machine-learning\dataset\images\train\gss1025_jpg.rf.194a6b6c21df9a822d0513d8d3fbbd26.jpg
train,gss1026_jpg.rf.9f430e7da7c35a0018979746f1fc6f74,C:\Machine Learning\projet\projet-machine-learning\dataset\labels\train\gss1026_jpg.rf.9f430e7da7c35a0018979746f1fc6f74.txt,C:\Machine Learning\projet\projet-machine-learning\dataset\images\train\gss1026_jpg.rf.9f430e7da7c35a0018979746f1fc6f74.jpg
train,gss1029_jpg.rf.7460f24a8f2365f3018b82389b1d0fe0,C:\Machine Learning\projet\projet-machine-learning\dataset\labels\train\gss1029_jpg.rf.7460f24a8f2365f3018b82389b1d0fe0.txt,C:\Machine Learning\projet\projet-machine-learning\dataset\images\train\gss1029_jpg.rf.7460f24a8f2365f3018b82389b1d0fe0.jpg
train,gss1031_jpg.rf.8e55af7de5383078887f05fbde0df4a4,C:\Machine Learning\projet\projet-machine-learning\dataset\labels\train\gss1031_jpg.rf.8e55af7de5383078887f05fbde0df4a4.txt,C:\Machine Learning\projet\projet-machine-learning\dataset\images\train\gss1031_jpg.rf.8e55af7de5383078887f05fbde0df4a4.jpg
train,gss1033_jpg.rf.dcbdb058ae2d39b8903ded3b057ec280,C:\Machine Learning\projet\projet-machine-learning\dataset\labels\train\gss1033_jpg.rf.dcbdb058ae2d39b8903ded3b057ec280.txt,C:\Machine Learning\projet\projet-machine-learning\dataset\images\train\gss1033_jpg.rf.dcbdb058ae2d39b8903ded3b057ec280.jpg
train,gss1034_jpg.rf.85fd7efe4315619380478258d9d8d14d,C:\Machine Learning\projet\projet-machine-learning\dataset\labels\train\gss1034_jpg.rf.85fd7efe4315619380478258d9d8d14d.txt,C:\Machine Learning\projet\projet-machine-learning\dataset\images\train\gss1034_jpg.rf.85fd7efe4315619380478258d9d8d14d.jpg
train,gss1036_jpg.rf.f208784969284bb3100f6d4443ac097d,C:\Machine Learning\projet\projet-machine-learning\dataset\labels\train\gss1036_jpg.rf.f208784969284bb3100f6d4443ac097d.txt,C:\Machine Learning\projet\projet-machine-learning\dataset\images\train\gss1036_jpg.rf.f208784969284bb3100f6d4443ac097d.jpg
train,gss1037_jpg.rf.98207743ec196bfacd7e4440852905e6,C:\Machine Learning\projet\projet-machine-learning\dataset\labels\train\gss1037_jpg.rf.98207743ec196bfacd7e4440852905e6.txt,C:\Machine Learning\projet\projet-machine-learning\dataset\images\train\gss1037_jpg.rf.98207743ec196bfacd7e4440852905e6.jpg
train,gss103_jpg.rf.59a39f2a8882ae555a185048698d5b6c,C:\Machine Learning\projet\projet-machine-learning\dataset\labels\train\gss103_jpg.rf.59a39f2a8882ae555a185048698d5b6c.txt,C:\Machine Learning\projet\projet-machine-learning\dataset\images\train\gss103_jpg.rf.59a39f2a8882ae555a185048698d5b6c.jpg
train,gss1041_jpg.rf.9f0d1634939cc1fd88399af2fee64117,C:\Machine Learning\projet\projet-machine-learning\dataset\labels\train\gss1041_jpg.rf.9f0d1634939cc1fd88399af2fee64117.txt,C:\Machine Learning\projet\projet-machine-learning\dataset\images\train\gss1041_jpg.rf.9f0d1634939cc1fd88399af2fee64117.jpg
train,gss1042_jpg.rf.8a5cbf0aaa0d3b337ca8469cb9877211,C:\Machine Learning\projet\projet-machine-learning\dataset\labels\train\gss1042_jpg.rf.8a5cbf0aaa0d3b337ca8469cb9877211.txt,C:\Machine Learning\projet\projet-machine-learning\dataset\images\train\gss1042_jpg.rf.8a5cbf0aaa0d3b337ca8469cb9877211.jpg
train,gss1043_jpg.rf.803d33b6e56ae2da3c02cd2eb254d976,C:\Machine Learning\projet\projet-machine-learning\dataset\labels\train\gss1043_jpg.rf.803d33b6e56ae2da3c02cd2eb254d976.txt,C:\Machine Learning\projet\projet-machine-learning\dataset\images\train\gss1043_jpg.rf.803d33b6e56ae2da3c02cd2eb254d976.jpg
train,gss1045_jpg.rf.bd33ec77b31d9a6dbf4c88c3fbb83c31,C:\Machine Learning\projet\projet-machine-learning\dataset\labels\train\gss1045_jpg.rf.bd33ec77b31d9a6dbf4c88c3fbb83c31.txt,C:\Machine Learning\projet\projet-machine-learning\dataset\images\train\gss1045_jpg.rf.bd33ec77b31d9a6dbf4c88c3fbb83c31.jpg
train,gss1046_jpg.rf.ae2cb9f9a58c7df2442fb2d9f3412634,C:\Machine Learning\projet\projet-machine-learning\dataset\labels\train\gss1046_jpg.rf.ae2cb9f9a58c7df2442fb2d9f3412634.txt,C:\Machine Learning\projet\projet-machine-learning\dataset\images\train\gss1046_jpg.rf.ae2cb9f9a58c7df2442fb2d9f3412634.jpg
train,gss1048_jpg.rf.c870b50c1d85d9c3fac43180ccbce9ee,C:\Machine Learning\projet\projet-machine-learning\dataset\labels\train\gss1048_jpg.rf.c870b50c1d85d9c3fac43180ccbce9ee.txt,C:\Machine Learning\projet\projet-machine-learning\dataset\images\train\gss1048_jpg.rf.c870b50c1d85d9c3fac43180ccbce9ee.jpg
train,gss1049_jpg.rf.e3f0f1e5a40f6a32dae67970bb58e2d4,C:\Machine Learning\projet\projet-machine-learning\dataset\labels\train\gss1049_jpg.rf.e3f0f1e5a40f6a32dae67970bb58e2d4.txt,C:\Machine Learning\projet\projet-machine-learning\dataset\images\train\gss1049_jpg.rf.e3f0f1e5a40f6a32dae67970bb58e2d4.jpg
train,gss104_jpg.rf.8ca64b2f7e357f20f063ee2f2e71282e,C:\Machine Learning\projet\projet-machine-learning\dataset\labels\train\gss104_jpg.rf.8ca64b2f7e357f20f063ee2f2e71282e.txt,C:\Machine Learning\projet\projet-machine-learning\dataset\images\train\gss104_jpg.rf.8ca64b2f7e357f20f063ee2f2e71282e.jpg
train,gss1050_jpg.rf.bbbef84478c079a9664dabda1bd73222,C:\Machine Learning\projet\projet-machine-learning\dataset\labels\train\gss1050_jpg.rf.bbbef84478c079a9664dabda1bd73222.txt,C:\Machine Learning\projet\projet-machine-learning\dataset\images\train\gss1050_jpg.rf.bbbef84478c079a9664dabda1bd73222.jpg
train,gss1051_jpg.rf.7986614609fa4a89dbdb93d9c4661e50,C:\Machine Learning\projet\projet-machine-learning\dataset\labels\train\gss1051_jpg.rf.7986614609fa4a89dbdb93d9c4661e50.txt,C:\Machine Learning\projet\projet-machine-learning\dataset\images\train\gss1051_jpg.rf.7986614609fa4a89dbdb93d9c4661e50.jpg
train,gss1053_jpg.rf.a35651444d2a2b11da231c39c1a802b6,C:\Machine Learning\projet\projet-machine-learning\dataset\labels\train\gss1053_jpg.rf.a35651444d2a2b11da231c39c1a802b6.txt,C:\Machine Learning\projet\projet-machine-learning\dataset\images\train\gss1053_jpg.rf.a35651444d2a2b11da231c39c1a802b6.jpg
train,gss1054_jpg.rf.e9c8b754c1bbcb75040347b9a7a960ab,C:\Machine Learning\projet\projet-machine-learning\dataset\labels\train\gss1054_jpg.rf.e9c8b754c1bbcb75040347b9a7a960ab.txt,C:\Machine Learning\projet\projet-machine-learning\dataset\images\train\gss1054_jpg.rf.e9c8b754c1bbcb75040347b9a7a960ab.jpg
train,gss1055_jpg.rf.435cbe7d7b8ef64ea3e1b5d79fe95e55,C:\Machine Learning\projet\projet-machine-learning\dataset\labels\train\gss1055_jpg.rf.435cbe7d7b8ef64ea3e1b5d79fe95e55.txt,C:\Machine Learning\projet\projet-machine-learning\dataset\images\train\gss1055_jpg.rf.435cbe7d7b8ef64ea3e1b5d79fe95e55.jpg
train,gss1058_jpg.rf.2c784e0284ae5e2cc033751558ac3356,C:\Machine Learning\projet\projet-machine-learning\dataset\labels\train\gss1058_jpg.rf.2c784e0284ae5e2cc033751558ac3356.txt,C:\Machine Learning\projet\projet-machine-learning\dataset\images\train\gss1058_jpg.rf.2c784e0284ae5e2cc033751558ac3356.jpg
train,gss1060_jpg.rf.56dd5ca69534023b6e0b0b05772e63c8,C:\Machine Learning\projet\projet-machine-learning\dataset\labels\train\gss1060_jpg.rf.56dd5ca69534023b6e0b0b05772e63c8.txt,C:\Machine Learning\projet\projet-machine-learning\dataset\images\train\gss1060_jpg.rf.56dd5ca69534023b6e0b0b05772e63c8.jpg
train,gss1061_jpg.rf.37a63cb8bbef21e6c91857cfb5149eda,C:\Machine Learning\projet\projet-machine-learning\dataset\labels\train\gss1061_jpg.rf.37a63cb8bbef21e6c91857cfb5149eda.txt,C:\Machine Learning\projet\projet-machine-learning\dataset\images\train\gss1061_jpg.rf.37a63cb8bbef21e6c91857cfb5149eda.jpg
train,gss1063_jpg.rf.06189f44bc024dbb681016631563369e,C:\Machine Learning\projet\projet-machine-learning\dataset\labels\train\gss1063_jpg.rf.06189f44bc024dbb681016631563369e.txt,C:\Machine Learning\projet\projet-machine-learning\dataset\images\train\gss1063_jpg.rf.06189f44bc024dbb681016631563369e.jpg
train,gss1064_jpg.rf.026a558a5ed17006bf3ede011601c017,C:\Machine Learning\projet\projet-machine-learning\dataset\labels\train\gss1064_jpg.rf.026a558a5ed17006bf3ede011601c017.txt,C:\Machine Learning\projet\projet-machine-learning\dataset\images\train\gss1064_jpg.rf.026a558a5ed17006bf3ede011601c017.jpg
train,gss1065_jpg.rf.d90fad0291923a8cc7a3674c2692a071,C:\Machine Learning\projet\projet-machine-learning\dataset\labels\train\gss1065_jpg.rf.d90fad0291923a8cc7a3674c2692a071.txt,C:\Machine Learning\projet\projet-machine-learning\dataset\images\train\gss1065_jpg.rf.d90fad0291923a8cc7a3674c2692a071.jpg
train,gss1068_jpg.rf.c7f985a7923ca41c39a94b2fdb907216,C:\Machine Learning\projet\projet-machine-learning\dataset\labels\train\gss1068_jpg.rf.c7f985a7923ca41c39a94b2fdb907216.txt,C:\Machine Learning\projet\projet-machine-learning\dataset\images\train\gss1068_jpg.rf.c7f985a7923ca41c39a94b2fdb907216.jpg
train,gss1069_jpg.rf.e65bbcd7fedc33bcd2ea81ca576b4527,C:\Machine Learning\projet\projet-machine-learning\dataset\labels\train\gss1069_jpg.rf.e65bbcd7fedc33bcd2ea81ca576b4527.txt,C:\Machine Learning\projet\projet-machine-learning\dataset\images\train\gss1069_jpg.rf.e65bbcd7fedc33bcd2ea81ca576b4527.jpg
train,gss1070_jpg.rf.925688f1dd4c88c074c7eacbc49688a7,C:\Machine Learning\projet\projet-machine-learning\dataset\labels\train\gss1070_jpg.rf.925688f1dd4c88c074c7eacbc49688a7.txt,C:\Machine Learning\projet\projet-machine-learning\dataset\images\train\gss1070_jpg.rf.925688f1dd4c88c074c7eacbc49688a7.jpg
train,gss1071_jpg.rf.94f87767baa3420dcdd09c59d2a462da,C:\Machine Learning\projet\projet-machine-learning\dataset\labels\train\gss1071_jpg.rf.94f87767baa3420dcdd09c59d2a462da.txt,C:\Machine Learning\projet\projet-machine-learning\dataset\images\train\gss1071_jpg.rf.94f87767baa3420dcdd09c59d2a462da.jpg
train,gss1072_jpg.rf.ce911cb1b375b6f496cdd8d5e3cb1381,C:\Machine Learning\projet\projet-machine-learning\dataset\labels\train\gss1072_jpg.rf.ce911cb1b375b6f496cdd8d5e3cb1381.txt,C:\Machine Learning\projet\projet-machine-learning\dataset\images\train\gss1072_jpg.rf.ce911cb1b375b6f496cdd8d5e3cb1381.jpg
train,gss1073_jpg.rf.22eda1ca264633aa1796b98b6b42908e,C:\Machine Learning\projet\projet-machine-learning\dataset\labels\train\gss1073_jpg.rf.22eda1ca264633aa1796b98b6b42908e.txt,C:\Machine Learning\projet\projet-machine-learning\dataset\images\train\gss1073_jpg.rf.22eda1ca264633aa1796b98b6b42908e.jpg
train,gss1074_jpg.rf.ba181d6f2989689666f483558414cd85,C:\Machine Learning\projet\projet-machine-learning\dataset\labels\train\gss1074_jpg.rf.ba181d6f2989689666f483558414cd85.txt,C:\Machine Learning\projet\projet-machine-learning\dataset\images\train\gss1074_jpg.rf.ba181d6f2989689666f483558414cd85.jpg
train,gss1075_jpg.rf.787484dd11720844016240aa1cf49cde,C:\Machine Learning\projet\projet-machine-learning\dataset\labels\train\gss1075_jpg.rf.787484dd11720844016240aa1cf49cde.txt,C:\Machine Learning\projet\projet-machine-learning\dataset\images\train\gss1075_jpg.rf.787484dd11720844016240aa1cf49cde.jpg
train,gss1077_jpg.rf.9cf7ab2583d1575426089e425f954434,C:\Machine Learning\projet\projet-machine-learning\dataset\labels\train\gss1077_jpg.rf.9cf7ab2583d1575426089e425f954434.txt,C:\Machine Learning\projet\projet-machine-learning\dataset\images\train\gss1077_jpg.rf.9cf7ab2583d1575426089e425f954434.jpg
train,gss1078_jpg.rf.f98522328a8bb88c5e6434d096704b3e,C:\Machine Learning\projet\projet-machine-learning\dataset\labels\train\gss1078_jpg.rf.f98522328a8bb88c5e6434d096704b3e.txt,C:\Machine Learning\projet\projet-machine-learning\dataset\images\train\gss1078_jpg.rf.f98522328a8bb88c5e6434d096704b3e.jpg
train,gss1079_jpg.rf.ebdd29089e2e4d0a82609c1de2f85b2e,C:\Machine Learning\projet\projet-machine-learning\dataset\labels\train\gss1079_jpg.rf.ebdd29089e2e4d0a82609c1de2f85b2e.txt,C:\Machine Learning\projet\projet-machine-learning\dataset\images\train\gss1079_jpg.rf.ebdd29089e2e4d0a82609c1de2f85b2e.jpg
train,gss1080_jpg.rf.89214fcadab2a9ec4785ca62c12bf03f,C:\Machine Learning\projet\projet-machine-learning\dataset\labels\train\gss1080_jpg.rf.89214fcadab2a9ec4785ca62c12bf03f.txt,C:\Machine Learning\projet\projet-machine-learning\dataset\images\train\gss1080_jpg.rf.89214fcadab2a9ec4785ca62c12bf03f.jpg
train,gss1081_jpg.rf.c8f8ca107f28544d30c765ebb7aff54b,C:\Machine Learning\projet\projet-machine-learning\dataset\labels\train\gss1081_jpg.rf.c8f8ca107f28544d30c765ebb7aff54b.txt,C:\Machine Learning\projet\projet-machine-learning\dataset\images\train\gss1081_jpg.rf.c8f8ca107f28544d30c765ebb7aff54b.jpg
train,gss1082_jpg.rf.b33da1f7085c6072101f8682e792b0e9,C:\Machine Learning\projet\projet-machine-learning\dataset\labels\train\gss1082_jpg.rf.b33da1f7085c6072101f8682e792b0e9.txt,C:\Machine Learning\projet\projet-machine-learning\dataset\images\train\gss1082_jpg.rf.b33da1f7085c6072101f8682e792b0e9.jpg
train,gss1084_jpg.rf.6281defaa8df0b6dfc0a0e897ed62982,C:\Machine Learning\projet\projet-machine-learning\dataset\labels\train\gss1084_jpg.rf.6281defaa8df0b6dfc0a0e897ed62982.txt,C:\Machine Learning\projet\projet-machine-learning\dataset\images\train\gss1084_jpg.rf.6281defaa8df0b6dfc0a0e897ed62982.jpg
train,gss1085_jpg.rf.e61463a80cd83650f9195754fb29f1e1,C:\Machine Learning\projet\projet-machine-learning\dataset\labels\train\gss1085_jpg.rf.e61463a80cd83650f9195754fb29f1e1.txt,C:\Machine Learning\projet\projet-machine-learning\dataset\images\train\gss1085_jpg.rf.e61463a80cd83650f9195754fb29f1e1.jpg
train,gss1088_jpg.rf.864d07b6d4428e934b44c364090f8dae,C:\Machine Learning\projet\projet-machine-learning\dataset\labels\train\gss1088_jpg.rf.864d07b6d4428e934b44c364090f8dae.txt,C:\Machine Learning\projet\projet-machine-learning\dataset\images\train\gss1088_jpg.rf.864d07b6d4428e934b44c364090f8dae.jpg
train,gss1089_jpg.rf.7f05b1656ea798fa58dc9b6790347ad4,C:\Machine Learning\projet\projet-machine-learning\dataset\labels\train\gss1089_jpg.rf.7f05b1656ea798fa58dc9b6790347ad4.txt,C:\Machine Learning\projet\projet-machine-learning\dataset\images\train\gss1089_jpg.rf.7f05b1656ea798fa58dc9b6790347ad4.jpg
train,gss108_jpg.rf.342917ec2a982a78af3ceb66ff40237a,C:\Machine Learning\projet\projet-machine-learning\dataset\labels\train\gss108_jpg.rf.342917ec2a982a78af3ceb66ff40237a.txt,C:\Machine Learning\projet\projet-machine-learning\dataset\images\train\gss108_jpg.rf.342917ec2a982a78af3ceb66ff40237a.jpg
train,gss1091_jpg.rf.3d45c3a1a3d0302f1e1df2cc2e80bd9a,C:\Machine Learning\projet\projet-machine-learning\dataset\labels\train\gss1091_jpg.rf.3d45c3a1a3d0302f1e1df2cc2e80bd9a.txt,C:\Machine Learning\projet\projet-machine-learning\dataset\images\train\gss1091_jpg.rf.3d45c3a1a3d0302f1e1df2cc2e80bd9a.jpg
train,gss1092_jpg.rf.396054f5b22587bc9acca318abc4c45c,C:\Machine Learning\projet\projet-machine-learning\dataset\labels\train\gss1092_jpg.rf.396054f5b22587bc9acca318abc4c45c.txt,C:\Machine Learning\projet\projet-machine-learning\dataset\images\train\gss1092_jpg.rf.396054f5b22587bc9acca318abc4c45c.jpg
train,gss1093_jpg.rf.fc4c2ea4b7f1317c45f85ff57d39dd23,C:\Machine Learning\projet\projet-machine-learning\dataset\labels\train\gss1093_jpg.rf.fc4c2ea4b7f1317c45f85ff57d39dd23.txt,C:\Machine Learning\projet\projet-machine-learning\dataset\images\train\gss1093_jpg.rf.fc4c2ea4b7f1317c45f85ff57d39dd23.jpg
train,gss1095_jpg.rf.c4d85db1d98f5047524615c58a4cccc3,C:\Machine Learning\projet\projet-machine-learning\dataset\labels\train\gss1095_jpg.rf.c4d85db1d98f5047524615c58a4cccc3.txt,C:\Machine Learning\projet\projet-machine-learning\dataset\images\train\gss1095_jpg.rf.c4d85db1d98f5047524615c58a4cccc3.jpg
train,gss1096_jpg.rf.b8c8ec63287379360230f2deb74dea2e,C:\Machine Learning\projet\projet-machine-learning\dataset\labels\train\gss1096_jpg.rf.b8c8ec63287379360230f2deb74dea2e.txt,C:\Machine Learning\projet\projet-machine-learning\dataset\images\train\gss1096_jpg.rf.b8c8ec63287379360230f2deb74dea2e.jpg
train,gss1098_jpg.rf.a6c0399b94477e9e70cec4d768ce5279,C:\Machine Learning\projet\projet-machine-learning\dataset\labels\train\gss1098_jpg.rf.a6c0399b94477e9e70cec4d768ce5279.txt,C:\Machine Learning\projet\projet-machine-learning\dataset\images\train\gss1098_jpg.rf.a6c0399b94477e9e70cec4d768ce5279.jpg
train,gss1099_jpg.rf.8e1ff3f15caa9b0f20c5eff35f000062,C:\Machine Learning\projet\projet-machine-learning\dataset\labels\train\gss1099_jpg.rf.8e1ff3f15caa9b0f20c5eff35f000062.txt,C:\Machine Learning\projet\projet-machine-learning\dataset\images\train\gss1099_jpg.rf.8e1ff3f15caa9b0f20c5eff35f000062.jpg
train,gss109_jpg.rf.bf0cad89e7ea65c9b9edda5b86f2fb3c,C:\Machine Learning\projet\projet-machine-learning\dataset\labels\train\gss109_jpg.rf.bf0cad89e7ea65c9b9edda5b86f2fb3c.txt,C:\Machine Learning\projet\projet-machine-learning\dataset\images\train\gss109_jpg.rf.bf0cad89e7ea65c9b9edda5b86f2fb3c.jpg
train,gss10_jpg.rf.a781658f37a50cf9d9915f852b03bca6,C:\Machine Learning\projet\projet-machine-learning\dataset\labels\train\gss10_jpg.rf.a781658f37a50cf9d9915f852b03bca6.txt,C:\Machine Learning\projet\projet-machine-learning\dataset\images\train\gss10_jpg.rf.a781658f37a50cf9d9915f852b03bca6.jpg
train,gss1100_jpg.rf.c6f1b8422288088f208791f2957a62e3,C:\Machine Learning\projet\projet-machine-learning\dataset\labels\train\gss1100_jpg.rf.c6f1b8422288088f208791f2957a62e3.txt,C:\Machine Learning\projet\projet-machine-learning\dataset\images\train\gss1100_jpg.rf.c6f1b8422288088f208791f2957a62e3.jpg
train,gss1101_jpg.rf.739daa4b1b53f60049a8ff6997ec7998,C:\Machine Learning\projet\projet-machine-learning\dataset\labels\train\gss1101_jpg.rf.739daa4b1b53f60049a8ff6997ec7998.txt,C:\Machine Learning\projet\projet-machine-learning\dataset\images\train\gss1101_jpg.rf.739daa4b1b53f60049a8ff6997ec7998.jpg
train,gss1102_jpg.rf.397d30a578677396ab716310dcf252e7,C:\Machine Learning\projet\projet-machine-learning\dataset\labels\train\gss1102_jpg.rf.397d30a578677396ab716310dcf252e7.txt,C:\Machine Learning\projet\projet-machine-learning\dataset\images\train\gss1102_jpg.rf.397d30a578677396ab716310dcf252e7.jpg
train,gss1103_jpg.rf.5f6571126a091e06df9d889defef6452,C:\Machine Learning\projet\projet-machine-learning\dataset\labels\train\gss1103_jpg.rf.5f6571126a091e06df9d889defef6452.txt,C:\Machine Learning\projet\projet-machine-learning\dataset\images\train\gss1103_jpg.rf.5f6571126a091e06df9d889defef6452.jpg
train,gss1104_jpg.rf.41b4a1c798ff25047471f514a2137ef8,C:\Machine Learning\projet\projet-machine-learning\dataset\labels\train\gss1104_jpg.rf.41b4a1c798ff25047471f514a2137ef8.txt,C:\Machine Learning\projet\projet-machine-learning\dataset\images\train\gss1104_jpg.rf.41b4a1c798ff25047471f514a2137ef8.jpg
train,gss1105_jpg.rf.9b38289a6e2c89288ae9ad0c27a8bd6d,C:\Machine Learning\projet\projet-machine-learning\dataset\labels\train\gss1105_jpg.rf.9b38289a6e2c89288ae9ad0c27a8bd6d.txt,C:\Machine Learning\projet\projet-machine-learning\dataset\images\train\gss1105_jpg.rf.9b38289a6e2c89288ae9ad0c27a8bd6d.jpg
train,gss1106_jpg.rf.308042e1ebc71c1c98734354bfa4d3f6,C:\Machine Learning\projet\projet-machine-learning\dataset\labels\train\gss1106_jpg.rf.308042e1ebc71c1c98734354bfa4d3f6.txt,C:\Machine Learning\projet\projet-machine-learning\dataset\images\train\gss1106_jpg.rf.308042e1ebc71c1c98734354bfa4d3f6.jpg
train,gss1107_jpg.rf.d8e6ea421c55a4735064ee9b195b80ec,C:\Machine Learning\projet\projet-machine-learning\dataset\labels\train\gss1107_jpg.rf.d8e6ea421c55a4735064ee9b195b80ec.txt,C:\Machine Learning\projet\projet-machine-learning\dataset\images\train\gss1107_jpg.rf.d8e6ea421c55a4735064ee9b195b80ec.jpg
train,gss1109_jpg.rf.4a5c9e1ce59c71758c9d7562b6e78246,C:\Machine Learning\projet\projet-machine-learning\dataset\labels\train\gss1109_jpg.rf.4a5c9e1ce59c71758c9d7562b6e78246.txt,C:\Machine Learning\projet\projet-machine-learning\dataset\images\train\gss1109_jpg.rf.4a5c9e1ce59c71758c9d7562b6e78246.jpg
train,gss110_jpg.rf.1654a5b5ffde37b594424dc1cce858fc,C:\Machine Learning\projet\projet-machine-learning\dataset\labels\train\gss110_jpg.rf.1654a5b5ffde37b594424dc1cce858fc.txt,C:\Machine Learning\projet\projet-machine-learning\dataset\images\train\gss110_jpg.rf.1654a5b5ffde37b594424dc1cce858fc.jpg
train,gss1110_jpg.rf.036d5de4d4a8d422457d1ade4ffaca8e,C:\Machine Learning\projet\projet-machine-learning\dataset\labels\train\gss1110_jpg.rf.036d5de4d4a8d422457d1ade4ffaca8e.txt,C:\Machine Learning\projet\projet-machine-learning\dataset\images\train\gss1110_jpg.rf.036d5de4d4a8d422457d1ade4ffaca8e.jpg
train,gss1114_jpg.rf.180dcd7b70cc67489af21cf87981dcd2,C:\Machine Learning\projet\projet-machine-learning\dataset\labels\train\gss1114_jpg.rf.180dcd7b70cc67489af21cf87981dcd2.txt,C:\Machine Learning\projet\projet-machine-learning\dataset\images\train\gss1114_jpg.rf.180dcd7b70cc67489af21cf87981dcd2.jpg
train,gss1115_jpg.rf.0226ff916475439b7a93a5c84775c086,C:\Machine Learning\projet\projet-machine-learning\dataset\labels\train\gss1115_jpg.rf.0226ff916475439b7a93a5c84775c086.txt,C:\Machine Learning\projet\projet-machine-learning\dataset\images\train\gss1115_jpg.rf.0226ff916475439b7a93a5c84775c086.jpg
train,gss1116_jpg.rf.109a0152438742a00ff5110eee09aeb0,C:\Machine Learning\projet\projet-machine-learning\dataset\labels\train\gss1116_jpg.rf.109a0152438742a00ff5110eee09aeb0.txt,C:\Machine Learning\projet\projet-machine-learning\dataset\images\train\gss1116_jpg.rf.109a0152438742a00ff5110eee09aeb0.jpg
train,gss1118_jpg.rf.62be23da7f6d9ecc7b21a31d6b247472,C:\Machine Learning\projet\projet-machine-learning\dataset\labels\train\gss1118_jpg.rf.62be23da7f6d9ecc7b21a31d6b247472.txt,C:\Machine Learning\projet\projet-machine-learning\dataset\images\train\gss1118_jpg.rf.62be23da7f6d9ecc7b21a31d6b247472.jpg
train,gss1119_jpg.rf.95da97fe3452a328928907306fbf4786,C:\Machine Learning\projet\projet-machine-learning\dataset\labels\train\gss1119_jpg.rf.95da97fe3452a328928907306fbf4786.txt,C:\Machine Learning\projet\projet-machine-learning\dataset\images\train\gss1119_jpg.rf.95da97fe3452a328928907306fbf4786.jpg
train,gss1121_jpg.rf.caee2cc7758458361a0f4ebcad31dd5a,C:\Machine Learning\projet\projet-machine-learning\dataset\labels\train\gss1121_jpg.rf.caee2cc7758458361a0f4ebcad31dd5a.txt,C:\Machine Learning\projet\projet-machine-learning\dataset\images\train\gss1121_jpg.rf.caee2cc7758458361a0f4ebcad31dd5a.jpg
train,gss1122_jpg.rf.d404de0ae932acdbad39f18fa7ff652b,C:\Machine Learning\projet\projet-machine-learning\dataset\labels\train\gss1122_jpg.rf.d404de0ae932acdbad39f18fa7ff652b.txt,C:\Machine Learning\projet\projet-machine-learning\dataset\images\train\gss1122_jpg.rf.d404de0ae932acdbad39f18fa7ff652b.jpg
train,gss1124_jpg.rf.e2af0a134e434cfd791920fc379a74bc,C:\Machine Learning\projet\projet-machine-learning\dataset\labels\train\gss1124_jpg.rf.e2af0a134e434cfd791920fc379a74bc.txt,C:\Machine Learning\projet\projet-machine-learning\dataset\images\train\gss1124_jpg.rf.e2af0a134e434cfd791920fc379a74bc.jpg
train,gss1125_jpg.rf.d206d3e84b1fdc51fa2ccad313285866,C:\Machine Learning\projet\projet-machine-learning\dataset\labels\train\gss1125_jpg.rf.d206d3e84b1fdc51fa2ccad313285866.txt,C:\Machine Learning\projet\projet-machine-learning\dataset\images\train\gss1125_jpg.rf.d206d3e84b1fdc51fa2ccad313285866.jpg
train,gss1126_jpg.rf.f439c040fcad45cc7bb07fb2d4d39300,C:\Machine Learning\projet\projet-machine-learning\dataset\labels\train\gss1126_jpg.rf.f439c040fcad45cc7bb07fb2d4d39300.txt,C:\Machine Learning\projet\projet-machine-learning\dataset\images\train\gss1126_jpg.rf.f439c040fcad45cc7bb07fb2d4d39300.jpg
train,gss1127_jpg.rf.110ad7ce5a79357055c6a29c26a65af1,C:\Machine Learning\projet\projet-machine-learning\dataset\labels\train\gss1127_jpg.rf.110ad7ce5a79357055c6a29c26a65af1.txt,C:\Machine Learning\projet\projet-machine-learning\dataset\images\train\gss1127_jpg.rf.110ad7ce5a79357055c6a29c26a65af1.jpg
train,gss112_jpg.rf.cda6468cc4a4345e9deba62f736d880f,C:\Machine Learning\projet\projet-machine-learning\dataset\labels\train\gss112_jpg.rf.cda6468cc4a4345e9deba62f736d880f.txt,C:\Machine Learning\projet\projet-machine-learning\dataset\images\train\gss112_jpg.rf.cda6468cc4a4345e9deba62f736d880f.jpg
train,gss113_jpg.rf.5291754a5cfec02de7e25fc725708f77,C:\Machine Learning\projet\projet-machine-learning\dataset\labels\train\gss113_jpg.rf.5291754a5cfec02de7e25fc725708f77.txt,C:\Machine Learning\projet\projet-machine-learning\dataset\images\train\gss113_jpg.rf.5291754a5cfec02de7e25fc725708f77.jpg
train,gss1140_jpg.rf.62addd68cfcb2a63c2bb64393a4ae373,C:\Machine Learning\projet\projet-machine-learning\dataset\labels\train\gss1140_jpg.rf.62addd68cfcb2a63c2bb64393a4ae373.txt,C:\Machine Learning\projet\projet-machine-learning\dataset\images\train\gss1140_jpg.rf.62addd68cfcb2a63c2bb64393a4ae373.jpg
train,gss1141_jpg.rf.008dd71d229f48579e647ec416994554,C:\Machine Learning\projet\projet-machine-learning\dataset\labels\train\gss1141_jpg.rf.008dd71d229f48579e647ec416994554.txt,C:\Machine Learning\projet\projet-machine-learning\dataset\images\train\gss1141_jpg.rf.008dd71d229f48579e647ec416994554.jpg
train,gss1142_jpg.rf.705a826cf69ca8d8f36a48f18e29521e,C:\Machine Learning\projet\projet-machine-learning\dataset\labels\train\gss1142_jpg.rf.705a826cf69ca8d8f36a48f18e29521e.txt,C:\Machine Learning\projet\projet-machine-learning\dataset\images\train\gss1142_jpg.rf.705a826cf69ca8d8f36a48f18e29521e.jpg
train,gss1143_jpg.rf.b09d58ad638216c013b1450b85f56d2c,C:\Machine Learning\projet\projet-machine-learning\dataset\labels\train\gss1143_jpg.rf.b09d58ad638216c013b1450b85f56d2c.txt,C:\Machine Learning\projet\projet-machine-learning\dataset\images\train\gss1143_jpg.rf.b09d58ad638216c013b1450b85f56d2c.jpg
train,gss1144_jpg.rf.7390dcbc714b92a874958363143f7269,C:\Machine Learning\projet\projet-machine-learning\dataset\labels\train\gss1144_jpg.rf.7390dcbc714b92a874958363143f7269.txt,C:\Machine Learning\projet\projet-machine-learning\dataset\images\train\gss1144_jpg.rf.7390dcbc714b92a874958363143f7269.jpg
train,gss1145_jpg.rf.03846f68cb6e5b4cb70b231d6fa83c70,C:\Machine Learning\projet\projet-machine-learning\dataset\labels\train\gss1145_jpg.rf.03846f68cb6e5b4cb70b231d6fa83c70.txt,C:\Machine Learning\projet\projet-machine-learning\dataset\images\train\gss1145_jpg.rf.03846f68cb6e5b4cb70b231d6fa83c70.jpg
train,gss1146_jpg.rf.0578677c854b3d4c146c80c398eb8849,C:\Machine Learning\projet\projet-machine-learning\dataset\labels\train\gss1146_jpg.rf.0578677c854b3d4c146c80c398eb8849.txt,C:\Machine Learning\projet\projet-machine-learning\dataset\images\train\gss1146_jpg.rf.0578677c854b3d4c146c80c398eb8849.jpg
train,gss1147_jpg.rf.4e848f84d5191f287ee8870f1f6b9e24,C:\Machine Learning\projet\projet-machine-learning\dataset\labels\train\gss1147_jpg.rf.4e848f84d5191f287ee8870f1f6b9e24.txt,C:\Machine Learning\projet\projet-machine-learning\dataset\images\train\gss1147_jpg.rf.4e848f84d5191f287ee8870f1f6b9e24.jpg
train,gss1148_jpg.rf.babc4c693391833a4544a5288439dff8,C:\Machine Learning\projet\projet-machine-learning\dataset\labels\train\gss1148_jpg.rf.babc4c693391833a4544a5288439dff8.txt,C:\Machine Learning\projet\projet-machine-learning\dataset\images\train\gss1148_jpg.rf.babc4c693391833a4544a5288439dff8.jpg
train,gss1150_jpg.rf.80403dda0c185d792d746efb907eb67a,C:\Machine Learning\projet\projet-machine-learning\dataset\labels\train\gss1150_jpg.rf.80403dda0c185d792d746efb907eb67a.txt,C:\Machine Learning\projet\projet-machine-learning\dataset\images\train\gss1150_jpg.rf.80403dda0c185d792d746efb907eb67a.jpg
train,gss1151_jpg.rf.7e1acfee63fbe6acaf299f0b2af29c46,C:\Machine Learning\projet\projet-machine-learning\dataset\labels\train\gss1151_jpg.rf.7e1acfee63fbe6acaf299f0b2af29c46.txt,C:\Machine Learning\projet\projet-machine-learning\dataset\images\train\gss1151_jpg.rf.7e1acfee63fbe6acaf299f0b2af29c46.jpg
train,gss1153_jpg.rf.3de6e9e125ad0593b769e812a2a43f1c,C:\Machine Learning\projet\projet-machine-learning\dataset\labels\train\gss1153_jpg.rf.3de6e9e125ad0593b769e812a2a43f1c.txt,C:\Machine Learning\projet\projet-machine-learning\dataset\images\train\gss1153_jpg.rf.3de6e9e125ad0593b769e812a2a43f1c.jpg
train,gss1155_jpg.rf.f64698ee2699606a1cc6b25e197126ff,C:\Machine Learning\projet\projet-machine-learning\dataset\labels\train\gss1155_jpg.rf.f64698ee2699606a1cc6b25e197126ff.txt,C:\Machine Learning\projet\projet-machine-learning\dataset\images\train\gss1155_jpg.rf.f64698ee2699606a1cc6b25e197126ff.jpg
train,gss1156_jpg.rf.bc686f6b42ac8aa21b55c30ededcaca7,C:\Machine Learning\projet\projet-machine-learning\dataset\labels\train\gss1156_jpg.rf.bc686f6b42ac8aa21b55c30ededcaca7.txt,C:\Machine Learning\projet\projet-machine-learning\dataset\images\train\gss1156_jpg.rf.bc686f6b42ac8aa21b55c30ededcaca7.jpg
train,gss1158_jpg.rf.38b4660152e8c89a7e211b80ec734f06,C:\Machine Learning\projet\projet-machine-learning\dataset\labels\train\gss1158_jpg.rf.38b4660152e8c89a7e211b80ec734f06.txt,C:\Machine Learning\projet\projet-machine-learning\dataset\images\train\gss1158_jpg.rf.38b4660152e8c89a7e211b80ec734f06.jpg
train,gss1159_jpg.rf.4c8429ead19da8a2f35b2bdfc5802d82,C:\Machine Learning\projet\projet-machine-learning\dataset\labels\train\gss1159_jpg.rf.4c8429ead19da8a2f35b2bdfc5802d82.txt,C:\Machine Learning\projet\projet-machine-learning\dataset\images\train\gss1159_jpg.rf.4c8429ead19da8a2f35b2bdfc5802d82.jpg
train,gss115_jpg.rf.b97b9e3bca7f0b91d3d052ed56879290,C:\Machine Learning\projet\projet-machine-learning\dataset\labels\train\gss115_jpg.rf.b97b9e3bca7f0b91d3d052ed56879290.txt,C:\Machine Learning\projet\projet-machine-learning\dataset\images\train\gss115_jpg.rf.b97b9e3bca7f0b91d3d052ed56879290.jpg
train,gss1160_jpg.rf.256ac529fc8f6b02c03fe645785dc3ed,C:\Machine Learning\projet\projet-machine-learning\dataset\labels\train\gss1160_jpg.rf.256ac529fc8f6b02c03fe645785dc3ed.txt,C:\Machine Learning\projet\projet-machine-learning\dataset\images\train\gss1160_jpg.rf.256ac529fc8f6b02c03fe645785dc3ed.jpg
train,gss1161_jpg.rf.c21e1693535d9ea439ccbb37f3debd97,C:\Machine Learning\projet\projet-machine-learning\dataset\labels\train\gss1161_jpg.rf.c21e1693535d9ea439ccbb37f3debd97.txt,C:\Machine Learning\projet\projet-machine-learning\dataset\images\train\gss1161_jpg.rf.c21e1693535d9ea439ccbb37f3debd97.jpg
train,gss1162_jpg.rf.ed3ca882abce88e34b971c9f06dbaf89,C:\Machine Learning\projet\projet-machine-learning\dataset\labels\train\gss1162_jpg.rf.ed3ca882abce88e34b971c9f06dbaf89.txt,C:\Machine Learning\projet\projet-machine-learning\dataset\images\train\gss1162_jpg.rf.ed3ca882abce88e34b971c9f06dbaf89.jpg
train,gss1163_jpg.rf.14aadfd12454a1560b55489f8de57e92,C:\Machine Learning\projet\projet-machine-learning\dataset\labels\train\gss1163_jpg.rf.14aadfd12454a1560b55489f8de57e92.txt,C:\Machine Learning\projet\projet-machine-learning\dataset\images\train\gss1163_jpg.rf.14aadfd12454a1560b55489f8de57e92.jpg
train,gss1164_jpg.rf.fabc6a1405b8d2c4e92ab6921d839e3c,C:\Machine Learning\projet\projet-machine-learning\dataset\labels\train\gss1164_jpg.rf.fabc6a1405b8d2c4e92ab6921d839e3c.txt,C:\Machine Learning\projet\projet-machine-learning\dataset\images\train\gss1164_jpg.rf.fabc6a1405b8d2c4e92ab6921d839e3c.jpg
train,gss1165_jpg.rf.3b6b5f132ba6c927ad307b4cdda310e3,C:\Machine Learning\projet\projet-machine-learning\dataset\labels\train\gss1165_jpg.rf.3b6b5f132ba6c927ad307b4cdda310e3.txt,C:\Machine Learning\projet\projet-machine-learning\dataset\images\train\gss1165_jpg.rf.3b6b5f132ba6c927ad307b4cdda310e3.jpg
train,gss1166_jpg.rf.a85ffbe134f7574f3256193fa3784467,C:\Machine Learning\projet\projet-machine-learning\dataset\labels\train\gss1166_jpg.rf.a85ffbe134f7574f3256193fa3784467.txt,C:\Machine Learning\projet\projet-machine-learning\dataset\images\train\gss1166_jpg.rf.a85ffbe134f7574f3256193fa3784467.jpg
train,gss1167_jpg.rf.ade535e1d931830bbc7758b5f84f115c,C:\Machine Learning\projet\projet-machine-learning\dataset\labels\train\gss1167_jpg.rf.ade535e1d931830bbc7758b5f84f115c.txt,C:\Machine Learning\projet\projet-machine-learning\dataset\images\train\gss1167_jpg.rf.ade535e1d931830bbc7758b5f84f115c.jpg
train,gss1169_jpg.rf.07c0f8a2bccecb95dec53d140d4f37bf,C:\Machine Learning\projet\projet-machine-learning\dataset\labels\train\gss1169_jpg.rf.07c0f8a2bccecb95dec53d140d4f37bf.txt,C:\Machine Learning\projet\projet-machine-learning\dataset\images\train\gss1169_jpg.rf.07c0f8a2bccecb95dec53d140d4f37bf.jpg
train,gss116_jpg.rf.6a64af69c801a95764263f21aa33cecd,C:\Machine Learning\projet\projet-machine-learning\dataset\labels\train\gss116_jpg.rf.6a64af69c801a95764263f21aa33cecd.txt,C:\Machine Learning\projet\projet-machine-learning\dataset\images\train\gss116_jpg.rf.6a64af69c801a95764263f21aa33cecd.jpg
train,gss1171_jpg.rf.4f1f867a286c7ba6274915c8d9783d30,C:\Machine Learning\projet\projet-machine-learning\dataset\labels\train\gss1171_jpg.rf.4f1f867a286c7ba6274915c8d9783d30.txt,C:\Machine Learning\projet\projet-machine-learning\dataset\images\train\gss1171_jpg.rf.4f1f867a286c7ba6274915c8d9783d30.jpg
train,gss1172_jpg.rf.74e863c715184d8fd4b9a67c044c9454,C:\Machine Learning\projet\projet-machine-learning\dataset\labels\train\gss1172_jpg.rf.74e863c715184d8fd4b9a67c044c9454.txt,C:\Machine Learning\projet\projet-machine-learning\dataset\images\train\gss1172_jpg.rf.74e863c715184d8fd4b9a67c044c9454.jpg
train,gss1173_jpg.rf.e47c21975df2c6ddf0e982b6688d7978,C:\Machine Learning\projet\projet-machine-learning\dataset\labels\train\gss1173_jpg.rf.e47c21975df2c6ddf0e982b6688d7978.txt,C:\Machine Learning\projet\projet-machine-learning\dataset\images\train\gss1173_jpg.rf.e47c21975df2c6ddf0e982b6688d7978.jpg
train,gss1174_jpg.rf.c1fb6c951254272e1805e4e47691e33d,C:\Machine Learning\projet\projet-machine-learning\dataset\labels\train\gss1174_jpg.rf.c1fb6c951254272e1805e4e47691e33d.txt,C:\Machine Learning\projet\projet-machine-learning\dataset\images\train\gss1174_jpg.rf.c1fb6c951254272e1805e4e47691e33d.jpg
train,gss1175_jpg.rf.71bb076719cf35c36318365194589ac9,C:\Machine Learning\projet\projet-machine-learning\dataset\labels\train\gss1175_jpg.rf.71bb076719cf35c36318365194589ac9.txt,C:\Machine Learning\projet\projet-machine-learning\dataset\images\train\gss1175_jpg.rf.71bb076719cf35c36318365194589ac9.jpg
train,gss1176_jpg.rf.1b166f241f1bdf227e7228b265fa7d31,C:\Machine Learning\projet\projet-machine-learning\dataset\labels\train\gss1176_jpg.rf.1b166f241f1bdf227e7228b265fa7d31.txt,C:\Machine Learning\projet\projet-machine-learning\dataset\images\train\gss1176_jpg.rf.1b166f241f1bdf227e7228b265fa7d31.jpg
train,gss1177_jpg.rf.7975da30032ae4bc888c588b20c953fb,C:\Machine Learning\projet\projet-machine-learning\dataset\labels\train\gss1177_jpg.rf.7975da30032ae4bc888c588b20c953fb.txt,C:\Machine Learning\projet\projet-machine-learning\dataset\images\train\gss1177_jpg.rf.7975da30032ae4bc888c588b20c953fb.jpg
train,gss1178_jpg.rf.a2a196474c0967397710b231d3fc8248,C:\Machine Learning\projet\projet-machine-learning\dataset\labels\train\gss1178_jpg.rf.a2a196474c0967397710b231d3fc8248.txt,C:\Machine Learning\projet\projet-machine-learning\dataset\images\train\gss1178_jpg.rf.a2a196474c0967397710b231d3fc8248.jpg
train,gss1179_jpg.rf.28e8021ddcc7bad336818b72a68aa2dc,C:\Machine Learning\projet\projet-machine-learning\dataset\labels\train\gss1179_jpg.rf.28e8021ddcc7bad336818b72a68aa2dc.txt,C:\Machine Learning\projet\projet-machine-learning\dataset\images\train\gss1179_jpg.rf.28e8021ddcc7bad336818b72a68aa2dc.jpg
train,gss1181_jpg.rf.2d692a3b8987b6f1211a6ebd69217a53,C:\Machine Learning\projet\projet-machine-learning\dataset\labels\train\gss1181_jpg.rf.2d692a3b8987b6f1211a6ebd69217a53.txt,C:\Machine Learning\projet\projet-machine-learning\dataset\images\train\gss1181_jpg.rf.2d692a3b8987b6f1211a6ebd69217a53.jpg
train,gss1182_jpg.rf.b5de2be70ef3939e61aa5bcf3fc59990,C:\Machine Learning\projet\projet-machine-learning\dataset\labels\train\gss1182_jpg.rf.b5de2be70ef3939e61aa5bcf3fc59990.txt,C:\Machine Learning\projet\projet-machine-learning\dataset\images\train\gss1182_jpg.rf.b5de2be70ef3939e61aa5bcf3fc59990.jpg
train,gss1183_jpg.rf.cb3e256d056355b6848da6d18facaad4,C:\Machine Learning\projet\projet-machine-learning\dataset\labels\train\gss1183_jpg.rf.cb3e256d056355b6848da6d18facaad4.txt,C:\Machine Learning\projet\projet-machine-learning\dataset\images\train\gss1183_jpg.rf.cb3e256d056355b6848da6d18facaad4.jpg
train,gss1185_jpg.rf.dc2891d9f0e573c01b2d22a471b68c4e,C:\Machine Learning\projet\projet-machine-learning\dataset\labels\train\gss1185_jpg.rf.dc2891d9f0e573c01b2d22a471b68c4e.txt,C:\Machine Learning\projet\projet-machine-learning\dataset\images\train\gss1185_jpg.rf.dc2891d9f0e573c01b2d22a471b68c4e.jpg
train,gss1186_jpg.rf.144444ff9853beb0a421dd2e7f269f8e,C:\Machine Learning\projet\projet-machine-learning\dataset\labels\train\gss1186_jpg.rf.144444ff9853beb0a421dd2e7f269f8e.txt,C:\Machine Learning\projet\projet-machine-learning\dataset\images\train\gss1186_jpg.rf.144444ff9853beb0a421dd2e7f269f8e.jpg
train,gss1188_jpg.rf.1aaa7ad1ab3de95bdbb245ca3b1d5c00,C:\Machine Learning\projet\projet-machine-learning\dataset\labels\train\gss1188_jpg.rf.1aaa7ad1ab3de95bdbb245ca3b1d5c00.txt,C:\Machine Learning\projet\projet-machine-learning\dataset\images\train\gss1188_jpg.rf.1aaa7ad1ab3de95bdbb245ca3b1d5c00.jpg
train,gss1189_jpg.rf.1d209e685a1db0e6152658d16397f675,C:\Machine Learning\projet\projet-machine-learning\dataset\labels\train\gss1189_jpg.rf.1d209e685a1db0e6152658d16397f675.txt,C:\Machine Learning\projet\projet-machine-learning\dataset\images\train\gss1189_jpg.rf.1d209e685a1db0e6152658d16397f675.jpg
train,gss118_jpg.rf.2d8c80dae7d6111b747d8cd7463c993f,C:\Machine Learning\projet\projet-machine-learning\dataset\labels\train\gss118_jpg.rf.2d8c80dae7d6111b747d8cd7463c993f.txt,C:\Machine Learning\projet\projet-machine-learning\dataset\images\train\gss118_jpg.rf.2d8c80dae7d6111b747d8cd7463c993f.jpg
train,gss1190_jpg.rf.c89af4b83d4aa69cc5579a33ca59d510,C:\Machine Learning\projet\projet-machine-learning\dataset\labels\train\gss1190_jpg.rf.c89af4b83d4aa69cc5579a33ca59d510.txt,C:\Machine Learning\projet\projet-machine-learning\dataset\images\train\gss1190_jpg.rf.c89af4b83d4aa69cc5579a33ca59d510.jpg
train,gss1197_jpg.rf.57c681aa72b46a277caa9634929b18ab,C:\Machine Learning\projet\projet-machine-learning\dataset\labels\train\gss1197_jpg.rf.57c681aa72b46a277caa9634929b18ab.txt,C:\Machine Learning\projet\projet-machine-learning\dataset\images\train\gss1197_jpg.rf.57c681aa72b46a277caa9634929b18ab.jpg
train,gss1198_jpg.rf.2c8deb4e737754cc6ebc76c294264618,C:\Machine Learning\projet\projet-machine-learning\dataset\labels\train\gss1198_jpg.rf.2c8deb4e737754cc6ebc76c294264618.txt,C:\Machine Learning\projet\projet-machine-learning\dataset\images\train\gss1198_jpg.rf.2c8deb4e737754cc6ebc76c294264618.jpg
train,gss1199_jpg.rf.b86ba9f2cc44e4304cb810b8ed0f9b55,C:\Machine Learning\projet\projet-machine-learning\dataset\labels\train\gss1199_jpg.rf.b86ba9f2cc44e4304cb810b8ed0f9b55.txt,C:\Machine Learning\projet\projet-machine-learning\dataset\images\train\gss1199_jpg.rf.b86ba9f2cc44e4304cb810b8ed0f9b55.jpg
train,gss119_jpg.rf.25c679961bdf51a972408168e059931f,C:\Machine Learning\projet\projet-machine-learning\dataset\labels\train\gss119_jpg.rf.25c679961bdf51a972408168e059931f.txt,C:\Machine Learning\projet\projet-machine-learning\dataset\images\train\gss119_jpg.rf.25c679961bdf51a972408168e059931f.jpg
train,gss1201_jpg.rf.ee7e80abb5a98d10d6a3e60e0273e773,C:\Machine Learning\projet\projet-machine-learning\dataset\labels\train\gss1201_jpg.rf.ee7e80abb5a98d10d6a3e60e0273e773.txt,C:\Machine Learning\projet\projet-machine-learning\dataset\images\train\gss1201_jpg.rf.ee7e80abb5a98d10d6a3e60e0273e773.jpg
train,gss1203_jpg.rf.50fa00fbc2abb44806405920582d0bf7,C:\Machine Learning\projet\projet-machine-learning\dataset\labels\train\gss1203_jpg.rf.50fa00fbc2abb44806405920582d0bf7.txt,C:\Machine Learning\projet\projet-machine-learning\dataset\images\train\gss1203_jpg.rf.50fa00fbc2abb44806405920582d0bf7.jpg
train,gss1204_jpg.rf.58d776309f08e22620eafb639de327be,C:\Machine Learning\projet\projet-machine-learning\dataset\labels\train\gss1204_jpg.rf.58d776309f08e22620eafb639de327be.txt,C:\Machine Learning\projet\projet-machine-learning\dataset\images\train\gss1204_jpg.rf.58d776309f08e22620eafb639de327be.jpg
train,gss1205_jpg.rf.1e9a1d7dc683dee4f598ee4271da5693,C:\Machine Learning\projet\projet-machine-learning\dataset\labels\train\gss1205_jpg.rf.1e9a1d7dc683dee4f598ee4271da5693.txt,C:\Machine Learning\projet\projet-machine-learning\dataset\images\train\gss1205_jpg.rf.1e9a1d7dc683dee4f598ee4271da5693.jpg
train,gss1206_jpg.rf.732e28b48edd2c2a9614249a41d9e3bc,C:\Machine Learning\projet\projet-machine-learning\dataset\labels\train\gss1206_jpg.rf.732e28b48edd2c2a9614249a41d9e3bc.txt,C:\Machine Learning\projet\projet-machine-learning\dataset\images\train\gss1206_jpg.rf.732e28b48edd2c2a9614249a41d9e3bc.jpg
train,gss1207_jpg.rf.b967733eb9cda800672995c694f3b77b,C:\Machine Learning\projet\projet-machine-learning\dataset\labels\train\gss1207_jpg.rf.b967733eb9cda800672995c694f3b77b.txt,C:\Machine Learning\projet\projet-machine-learning\dataset\images\train\gss1207_jpg.rf.b967733eb9cda800672995c694f3b77b.jpg
train,gss1208_jpg.rf.d2084ea62fa8c960d11ae788af4df971,C:\Machine Learning\projet\projet-machine-learning\dataset\labels\train\gss1208_jpg.rf.d2084ea62fa8c960d11ae788af4df971.txt,C:\Machine Learning\projet\projet-machine-learning\dataset\images\train\gss1208_jpg.rf.d2084ea62fa8c960d11ae788af4df971.jpg
train,gss1209_jpg.rf.9d9705c6eec5cc88969ce4230503ddeb,C:\Machine Learning\projet\projet-machine-learning\dataset\labels\train\gss1209_jpg.rf.9d9705c6eec5cc88969ce4230503ddeb.txt,C:\Machine Learning\projet\projet-machine-learning\dataset\images\train\gss1209_jpg.rf.9d9705c6eec5cc88969ce4230503ddeb.jpg
train,gss120_jpg.rf.f2b0d166b82500b86c4eb4ac7487b1f4,C:\Machine Learning\projet\projet-machine-learning\dataset\labels\train\gss120_jpg.rf.f2b0d166b82500b86c4eb4ac7487b1f4.txt,C:\Machine Learning\projet\projet-machine-learning\dataset\images\train\gss120_jpg.rf.f2b0d166b82500b86c4eb4ac7487b1f4.jpg
train,gss1210_jpg.rf.29e9987fa196419fbe35c919b92fa653,C:\Machine Learning\projet\projet-machine-learning\dataset\labels\train\gss1210_jpg.rf.29e9987fa196419fbe35c919b92fa653.txt,C:\Machine Learning\projet\projet-machine-learning\dataset\images\train\gss1210_jpg.rf.29e9987fa196419fbe35c919b92fa653.jpg
train,gss1211_jpg.rf.bcfe406965eb3dd4bec90f4658dbfbdd,C:\Machine Learning\projet\projet-machine-learning\dataset\labels\train\gss1211_jpg.rf.bcfe406965eb3dd4bec90f4658dbfbdd.txt,C:\Machine Learning\projet\projet-machine-learning\dataset\images\train\gss1211_jpg.rf.bcfe406965eb3dd4bec90f4658dbfbdd.jpg
train,gss1212_jpg.rf.2fabbebc260ba028eb286e6d428eba34,C:\Machine Learning\projet\projet-machine-learning\dataset\labels\train\gss1212_jpg.rf.2fabbebc260ba028eb286e6d428eba34.txt,C:\Machine Learning\projet\projet-machine-learning\dataset\images\train\gss1212_jpg.rf.2fabbebc260ba028eb286e6d428eba34.jpg
train,gss1213_jpg.rf.3ab6e8d28fad9ec6d8f2c71502ad642f,C:\Machine Learning\projet\projet-machine-learning\dataset\labels\train\gss1213_jpg.rf.3ab6e8d28fad9ec6d8f2c71502ad642f.txt,C:\Machine Learning\projet\projet-machine-learning\dataset\images\train\gss1213_jpg.rf.3ab6e8d28fad9ec6d8f2c71502ad642f.jpg
train,gss1214_jpg.rf.91136a96aa8429ada52e07b240c4f2a2,C:\Machine Learning\projet\projet-machine-learning\dataset\labels\train\gss1214_jpg.rf.91136a96aa8429ada52e07b240c4f2a2.txt,C:\Machine Learning\projet\projet-machine-learning\dataset\images\train\gss1214_jpg.rf.91136a96aa8429ada52e07b240c4f2a2.jpg
train,gss1215_jpg.rf.29c5405a485e14bc3960e59f360cb91b,C:\Machine Learning\projet\projet-machine-learning\dataset\labels\train\gss1215_jpg.rf.29c5405a485e14bc3960e59f360cb91b.txt,C:\Machine Learning\projet\projet-machine-learning\dataset\images\train\gss1215_jpg.rf.29c5405a485e14bc3960e59f360cb91b.jpg
train,gss1216_jpg.rf.076294c775d346a7ec9eb54ab23c4c94,C:\Machine Learning\projet\projet-machine-learning\dataset\labels\train\gss1216_jpg.rf.076294c775d346a7ec9eb54ab23c4c94.txt,C:\Machine Learning\projet\projet-machine-learning\dataset\images\train\gss1216_jpg.rf.076294c775d346a7ec9eb54ab23c4c94.jpg
train,gss1217_jpg.rf.764d09d5c2a414bff86e35562025ae1e,C:\Machine Learning\projet\projet-machine-learning\dataset\labels\train\gss1217_jpg.rf.764d09d5c2a414bff86e35562025ae1e.txt,C:\Machine Learning\projet\projet-machine-learning\dataset\images\train\gss1217_jpg.rf.764d09d5c2a414bff86e35562025ae1e.jpg
train,gss1218_jpg.rf.d4c8da0d3b1ebf64770b1de9c5e642c3,C:\Machine Learning\projet\projet-machine-learning\dataset\labels\train\gss1218_jpg.rf.d4c8da0d3b1ebf64770b1de9c5e642c3.txt,C:\Machine Learning\projet\projet-machine-learning\dataset\images\train\gss1218_jpg.rf.d4c8da0d3b1ebf64770b1de9c5e642c3.jpg
train,gss1219_jpg.rf.79e4da0c58a63f7e01da67e8bd04fb09,C:\Machine Learning\projet\projet-machine-learning\dataset\labels\train\gss1219_jpg.rf.79e4da0c58a63f7e01da67e8bd04fb09.txt,C:\Machine Learning\projet\projet-machine-learning\dataset\images\train\gss1219_jpg.rf.79e4da0c58a63f7e01da67e8bd04fb09.jpg
train,gss121_jpg.rf.eac4106b16d897b59c386fd7c5278ee2,C:\Machine Learning\projet\projet-machine-learning\dataset\labels\train\gss121_jpg.rf.eac4106b16d897b59c386fd7c5278ee2.txt,C:\Machine Learning\projet\projet-machine-learning\dataset\images\train\gss121_jpg.rf.eac4106b16d897b59c386fd7c5278ee2.jpg
train,gss1220_jpg.rf.7ec5862925fdbb2663b153c05d8b2d34,C:\Machine Learning\projet\projet-machine-learning\dataset\labels\train\gss1220_jpg.rf.7ec5862925fdbb2663b153c05d8b2d34.txt,C:\Machine Learning\projet\projet-machine-learning\dataset\images\train\gss1220_jpg.rf.7ec5862925fdbb2663b153c05d8b2d34.jpg
train,gss1222_jpg.rf.0408e01834931415e6916dddf31fa72c,C:\Machine Learning\projet\projet-machine-learning\dataset\labels\train\gss1222_jpg.rf.0408e01834931415e6916dddf31fa72c.txt,C:\Machine Learning\projet\projet-machine-learning\dataset\images\train\gss1222_jpg.rf.0408e01834931415e6916dddf31fa72c.jpg
train,gss1224_jpg.rf.9daa05ea29793a1baaca06d54bb966b4,C:\Machine Learning\projet\projet-machine-learning\dataset\labels\train\gss1224_jpg.rf.9daa05ea29793a1baaca06d54bb966b4.txt,C:\Machine Learning\projet\projet-machine-learning\dataset\images\train\gss1224_jpg.rf.9daa05ea29793a1baaca06d54bb966b4.jpg
train,gss1225_jpg.rf.c15df6328ed1fd7f14b9aa04d7af72e8,C:\Machine Learning\projet\projet-machine-learning\dataset\labels\train\gss1225_jpg.rf.c15df6328ed1fd7f14b9aa04d7af72e8.txt,C:\Machine Learning\projet\projet-machine-learning\dataset\images\train\gss1225_jpg.rf.c15df6328ed1fd7f14b9aa04d7af72e8.jpg
train,gss1226_jpg.rf.4a63dfbf91b5f4f9fbf06a52fbaced75,C:\Machine Learning\projet\projet-machine-learning\dataset\labels\train\gss1226_jpg.rf.4a63dfbf91b5f4f9fbf06a52fbaced75.txt,C:\Machine Learning\projet\projet-machine-learning\dataset\images\train\gss1226_jpg.rf.4a63dfbf91b5f4f9fbf06a52fbaced75.jpg
train,gss1232_jpg.rf.bba07c26804ccb8aedb9048cfca84be6,C:\Machine Learning\projet\projet-machine-learning\dataset\labels\train\gss1232_jpg.rf.bba07c26804ccb8aedb9048cfca84be6.txt,C:\Machine Learning\projet\projet-machine-learning\dataset\images\train\gss1232_jpg.rf.bba07c26804ccb8aedb9048cfca84be6.jpg
train,gss1233_jpg.rf.5f30feac7ed974cd0119aa05d3562f4b,C:\Machine Learning\projet\projet-machine-learning\dataset\labels\train\gss1233_jpg.rf.5f30feac7ed974cd0119aa05d3562f4b.txt,C:\Machine Learning\projet\projet-machine-learning\dataset\images\train\gss1233_jpg.rf.5f30feac7ed974cd0119aa05d3562f4b.jpg
train,gss1234_jpg.rf.96b12571e35a0605bee991dee59dee0d,C:\Machine Learning\projet\projet-machine-learning\dataset\labels\train\gss1234_jpg.rf.96b12571e35a0605bee991dee59dee0d.txt,C:\Machine Learning\projet\projet-machine-learning\dataset\images\train\gss1234_jpg.rf.96b12571e35a0605bee991dee59dee0d.jpg
train,gss124_jpg.rf.6b6ec6f566a97344f7ee38bb1068b78b,C:\Machine Learning\projet\projet-machine-learning\dataset\labels\train\gss124_jpg.rf.6b6ec6f566a97344f7ee38bb1068b78b.txt,C:\Machine Learning\projet\projet-machine-learning\dataset\images\train\gss124_jpg.rf.6b6ec6f566a97344f7ee38bb1068b78b.jpg
train,gss1258_jpg.rf.e204556e7978e3507dd201b31bb2d9db,C:\Machine Learning\projet\projet-machine-learning\dataset\labels\train\gss1258_jpg.rf.e204556e7978e3507dd201b31bb2d9db.txt,C:\Machine Learning\projet\projet-machine-learning\dataset\images\train\gss1258_jpg.rf.e204556e7978e3507dd201b31bb2d9db.jpg
train,gss1259_jpg.rf.60ff2f246cbd0ac8a1e5c9f610d1a747,C:\Machine Learning\projet\projet-machine-learning\dataset\labels\train\gss1259_jpg.rf.60ff2f246cbd0ac8a1e5c9f610d1a747.txt,C:\Machine Learning\projet\projet-machine-learning\dataset\images\train\gss1259_jpg.rf.60ff2f246cbd0ac8a1e5c9f610d1a747.jpg
train,gss1261_jpg.rf.49f30568e35bd3f2e12744538336c371,C:\Machine Learning\projet\projet-machine-learning\dataset\labels\train\gss1261_jpg.rf.49f30568e35bd3f2e12744538336c371.txt,C:\Machine Learning\projet\projet-machine-learning\dataset\images\train\gss1261_jpg.rf.49f30568e35bd3f2e12744538336c371.jpg
train,gss1264_jpg.rf.55fc625eff5ba8650dbee3801904f117,C:\Machine Learning\projet\projet-machine-learning\dataset\labels\train\gss1264_jpg.rf.55fc625eff5ba8650dbee3801904f117.txt,C:\Machine Learning\projet\projet-machine-learning\dataset\images\train\gss1264_jpg.rf.55fc625eff5ba8650dbee3801904f117.jpg
train,gss1265_jpg.rf.b5959331cec97f933d0fa15b90ca7899,C:\Machine Learning\projet\projet-machine-learning\dataset\labels\train\gss1265_jpg.rf.b5959331cec97f933d0fa15b90ca7899.txt,C:\Machine Learning\projet\projet-machine-learning\dataset\images\train\gss1265_jpg.rf.b5959331cec97f933d0fa15b90ca7899.jpg
train,gss1266_jpg.rf.573e87b231431c81829379067e2202ec,C:\Machine Learning\projet\projet-machine-learning\dataset\labels\train\gss1266_jpg.rf.573e87b231431c81829379067e2202ec.txt,C:\Machine Learning\projet\projet-machine-learning\dataset\images\train\gss1266_jpg.rf.573e87b231431c81829379067e2202ec.jpg
train,gss1269_jpg.rf.8ecf047e919e3e0c836685b23411c9fd,C:\Machine Learning\projet\projet-machine-learning\dataset\labels\train\gss1269_jpg.rf.8ecf047e919e3e0c836685b23411c9fd.txt,C:\Machine Learning\projet\projet-machine-learning\dataset\images\train\gss1269_jpg.rf.8ecf047e919e3e0c836685b23411c9fd.jpg
train,gss126_jpg.rf.95da7bdc100cabc49c00603976a6d331,C:\Machine Learning\projet\projet-machine-learning\dataset\labels\train\gss126_jpg.rf.95da7bdc100cabc49c00603976a6d331.txt,C:\Machine Learning\projet\projet-machine-learning\dataset\images\train\gss126_jpg.rf.95da7bdc100cabc49c00603976a6d331.jpg
train,gss1270_jpg.rf.31480f3e377b08160aede43f540a4a9d,C:\Machine Learning\projet\projet-machine-learning\dataset\labels\train\gss1270_jpg.rf.31480f3e377b08160aede43f540a4a9d.txt,C:\Machine Learning\projet\projet-machine-learning\dataset\images\train\gss1270_jpg.rf.31480f3e377b08160aede43f540a4a9d.jpg
train,gss1271_jpg.rf.9ff5197ea7e22a0cf3c177b39cebc2b9,C:\Machine Learning\projet\projet-machine-learning\dataset\labels\train\gss1271_jpg.rf.9ff5197ea7e22a0cf3c177b39cebc2b9.txt,C:\Machine Learning\projet\projet-machine-learning\dataset\images\train\gss1271_jpg.rf.9ff5197ea7e22a0cf3c177b39cebc2b9.jpg
train,gss1272_jpg.rf.fee84ee02f6e63e3e0b03888ec326b80,C:\Machine Learning\projet\projet-machine-learning\dataset\labels\train\gss1272_jpg.rf.fee84ee02f6e63e3e0b03888ec326b80.txt,C:\Machine Learning\projet\projet-machine-learning\dataset\images\train\gss1272_jpg.rf.fee84ee02f6e63e3e0b03888ec326b80.jpg
train,gss1273_jpg.rf.72bd0554e16e4452231204e500d04763,C:\Machine Learning\projet\projet-machine-learning\dataset\labels\train\gss1273_jpg.rf.72bd0554e16e4452231204e500d04763.txt,C:\Machine Learning\projet\projet-machine-learning\dataset\images\train\gss1273_jpg.rf.72bd0554e16e4452231204e500d04763.jpg
train,gss127_jpg.rf.483323c9157fde7aa596173ed559de9a,C:\Machine Learning\projet\projet-machine-learning\dataset\labels\train\gss127_jpg.rf.483323c9157fde7aa596173ed559de9a.txt,C:\Machine Learning\projet\projet-machine-learning\dataset\images\train\gss127_jpg.rf.483323c9157fde7aa596173ed559de9a.jpg
train,gss128_jpg.rf.484e180d9936ba5e1c37ab4ea48f51bc,C:\Machine Learning\projet\projet-machine-learning\dataset\labels\train\gss128_jpg.rf.484e180d9936ba5e1c37ab4ea48f51bc.txt,C:\Machine Learning\projet\projet-machine-learning\dataset\images\train\gss128_jpg.rf.484e180d9936ba5e1c37ab4ea48f51bc.jpg
train,gss1291_jpg.rf.fa1fd27aafe74f525a0a0f1b8ca8ed2b,C:\Machine Learning\projet\projet-machine-learning\dataset\labels\train\gss1291_jpg.rf.fa1fd27aafe74f525a0a0f1b8ca8ed2b.txt,C:\Machine Learning\projet\projet-machine-learning\dataset\images\train\gss1291_jpg.rf.fa1fd27aafe74f525a0a0f1b8ca8ed2b.jpg
train,gss1292_jpg.rf.5f7dbebca53669e89ca19d5c466697d4,C:\Machine Learning\projet\projet-machine-learning\dataset\labels\train\gss1292_jpg.rf.5f7dbebca53669e89ca19d5c466697d4.txt,C:\Machine Learning\projet\projet-machine-learning\dataset\images\train\gss1292_jpg.rf.5f7dbebca53669e89ca19d5c466697d4.jpg
train,gss1294_jpg.rf.1f55b50444bfdd9acde75cb1493bcab6,C:\Machine Learning\projet\projet-machine-learning\dataset\labels\train\gss1294_jpg.rf.1f55b50444bfdd9acde75cb1493bcab6.txt,C:\Machine Learning\projet\projet-machine-learning\dataset\images\train\gss1294_jpg.rf.1f55b50444bfdd9acde75cb1493bcab6.jpg
train,gss1295_jpg.rf.ed698991e9e4fd822b67b524053447dc,C:\Machine Learning\projet\projet-machine-learning\dataset\labels\train\gss1295_jpg.rf.ed698991e9e4fd822b67b524053447dc.txt,C:\Machine Learning\projet\projet-machine-learning\dataset\images\train\gss1295_jpg.rf.ed698991e9e4fd822b67b524053447dc.jpg
train,gss1296_jpg.rf.70b02ec82228c9c6fde6fce8c1056f7c,C:\Machine Learning\projet\projet-machine-learning\dataset\labels\train\gss1296_jpg.rf.70b02ec82228c9c6fde6fce8c1056f7c.txt,C:\Machine Learning\projet\projet-machine-learning\dataset\images\train\gss1296_jpg.rf.70b02ec82228c9c6fde6fce8c1056f7c.jpg
train,gss1298_jpg.rf.a24a87f9173b35cabfaee335e6e9e1f8,C:\Machine Learning\projet\projet-machine-learning\dataset\labels\train\gss1298_jpg.rf.a24a87f9173b35cabfaee335e6e9e1f8.txt,C:\Machine Learning\projet\projet-machine-learning\dataset\images\train\gss1298_jpg.rf.a24a87f9173b35cabfaee335e6e9e1f8.jpg
train,gss1299_jpg.rf.74d9627ce23ca61a84ec4a5bee5a769e,C:\Machine Learning\projet\projet-machine-learning\dataset\labels\train\gss1299_jpg.rf.74d9627ce23ca61a84ec4a5bee5a769e.txt,C:\Machine Learning\projet\projet-machine-learning\dataset\images\train\gss1299_jpg.rf.74d9627ce23ca61a84ec4a5bee5a769e.jpg
train,gss129_jpg.rf.946ae75fcaac9cf2a8737bffcfbfb43f,C:\Machine Learning\projet\projet-machine-learning\dataset\labels\train\gss129_jpg.rf.946ae75fcaac9cf2a8737bffcfbfb43f.txt,C:\Machine Learning\projet\projet-machine-learning\dataset\images\train\gss129_jpg.rf.946ae75fcaac9cf2a8737bffcfbfb43f.jpg
train,gss1300_jpg.rf.2430a666dd2b9e734f042f6a6e656e13,C:\Machine Learning\projet\projet-machine-learning\dataset\labels\train\gss1300_jpg.rf.2430a666dd2b9e734f042f6a6e656e13.txt,C:\Machine Learning\projet\projet-machine-learning\dataset\images\train\gss1300_jpg.rf.2430a666dd2b9e734f042f6a6e656e13.jpg
train,gss1302_jpg.rf.37d64e92896ec4b0c9928fe6dbf4cbe6,C:\Machine Learning\projet\projet-machine-learning\dataset\labels\train\gss1302_jpg.rf.37d64e92896ec4b0c9928fe6dbf4cbe6.txt,C:\Machine Learning\projet\projet-machine-learning\dataset\images\train\gss1302_jpg.rf.37d64e92896ec4b0c9928fe6dbf4cbe6.jpg
train,gss1303_jpg.rf.79b6e2da29a15fc3770a0c860da56bfa,C:\Machine Learning\projet\projet-machine-learning\dataset\labels\train\gss1303_jpg.rf.79b6e2da29a15fc3770a0c860da56bfa.txt,C:\Machine Learning\projet\projet-machine-learning\dataset\images\train\gss1303_jpg.rf.79b6e2da29a15fc3770a0c860da56bfa.jpg
train,gss1304_jpg.rf.2036074cd25b26c017652907195d0b30,C:\Machine Learning\projet\projet-machine-learning\dataset\labels\train\gss1304_jpg.rf.2036074cd25b26c017652907195d0b30.txt,C:\Machine Learning\projet\projet-machine-learning\dataset\images\train\gss1304_jpg.rf.2036074cd25b26c017652907195d0b30.jpg
train,gss1307_jpg.rf.0383ff863ad2f43836c5e731417db69c,C:\Machine Learning\projet\projet-machine-learning\dataset\labels\train\gss1307_jpg.rf.0383ff863ad2f43836c5e731417db69c.txt,C:\Machine Learning\projet\projet-machine-learning\dataset\images\train\gss1307_jpg.rf.0383ff863ad2f43836c5e731417db69c.jpg
train,gss1310_jpg.rf.764a390c4c6288c4ec2fabcab769cf67,C:\Machine Learning\projet\projet-machine-learning\dataset\labels\train\gss1310_jpg.rf.764a390c4c6288c4ec2fabcab769cf67.txt,C:\Machine Learning\projet\projet-machine-learning\dataset\images\train\gss1310_jpg.rf.764a390c4c6288c4ec2fabcab769cf67.jpg
train,gss1311_jpg.rf.56f04588a27690720f62ca35f45cc1c7,C:\Machine Learning\projet\projet-machine-learning\dataset\labels\train\gss1311_jpg.rf.56f04588a27690720f62ca35f45cc1c7.txt,C:\Machine Learning\projet\projet-machine-learning\dataset\images\train\gss1311_jpg.rf.56f04588a27690720f62ca35f45cc1c7.jpg
train,gss1312_jpg.rf.45245754aa549c5506b532a0d7456d2a,C:\Machine Learning\projet\projet-machine-learning\dataset\labels\train\gss1312_jpg.rf.45245754aa549c5506b532a0d7456d2a.txt,C:\Machine Learning\projet\projet-machine-learning\dataset\images\train\gss1312_jpg.rf.45245754aa549c5506b532a0d7456d2a.jpg
train,gss1313_jpg.rf.587e6c86a88ea16e3a5ba69cb2d58913,C:\Machine Learning\projet\projet-machine-learning\dataset\labels\train\gss1313_jpg.rf.587e6c86a88ea16e3a5ba69cb2d58913.txt,C:\Machine Learning\projet\projet-machine-learning\dataset\images\train\gss1313_jpg.rf.587e6c86a88ea16e3a5ba69cb2d58913.jpg
train,gss1315_jpg.rf.374723c7acf2071062179a54c93922c8,C:\Machine Learning\projet\projet-machine-learning\dataset\labels\train\gss1315_jpg.rf.374723c7acf2071062179a54c93922c8.txt,C:\Machine Learning\projet\projet-machine-learning\dataset\images\train\gss1315_jpg.rf.374723c7acf2071062179a54c93922c8.jpg
train,gss1316_jpg.rf.6072c6016604b66dc260d33588ab58b6,C:\Machine Learning\projet\projet-machine-learning\dataset\labels\train\gss1316_jpg.rf.6072c6016604b66dc260d33588ab58b6.txt,C:\Machine Learning\projet\projet-machine-learning\dataset\images\train\gss1316_jpg.rf.6072c6016604b66dc260d33588ab58b6.jpg
train,gss1318_jpg.rf.28dac6b3f8d666d11085894dffcf7c5f,C:\Machine Learning\projet\projet-machine-learning\dataset\labels\train\gss1318_jpg.rf.28dac6b3f8d666d11085894dffcf7c5f.txt,C:\Machine Learning\projet\projet-machine-learning\dataset\images\train\gss1318_jpg.rf.28dac6b3f8d666d11085894dffcf7c5f.jpg
train,gss1319_jpg.rf.e5b4396e6f8ef5190134a53ce520b722,C:\Machine Learning\projet\projet-machine-learning\dataset\labels\train\gss1319_jpg.rf.e5b4396e6f8ef5190134a53ce520b722.txt,C:\Machine Learning\projet\projet-machine-learning\dataset\images\train\gss1319_jpg.rf.e5b4396e6f8ef5190134a53ce520b722.jpg
train,gss131_jpg.rf.9c8bb394660cdc542ee0d69162546218,C:\Machine Learning\projet\projet-machine-learning\dataset\labels\train\gss131_jpg.rf.9c8bb394660cdc542ee0d69162546218.txt,C:\Machine Learning\projet\projet-machine-learning\dataset\images\train\gss131_jpg.rf.9c8bb394660cdc542ee0d69162546218.jpg
train,gss1320_jpg.rf.00017574fa3de2f845034fa6b97c9701,C:\Machine Learning\projet\projet-machine-learning\dataset\labels\train\gss1320_jpg.rf.00017574fa3de2f845034fa6b97c9701.txt,C:\Machine Learning\projet\projet-machine-learning\dataset\images\train\gss1320_jpg.rf.00017574fa3de2f845034fa6b97c9701.jpg
train,gss1321_jpg.rf.beeae00e7acd53aa61bf71e982c689de,C:\Machine Learning\projet\projet-machine-learning\dataset\labels\train\gss1321_jpg.rf.beeae00e7acd53aa61bf71e982c689de.txt,C:\Machine Learning\projet\projet-machine-learning\dataset\images\train\gss1321_jpg.rf.beeae00e7acd53aa61bf71e982c689de.jpg
train,gss1322_jpg.rf.a402d0c6d3db72c3816bd1ae21425573,C:\Machine Learning\projet\projet-machine-learning\dataset\labels\train\gss1322_jpg.rf.a402d0c6d3db72c3816bd1ae21425573.txt,C:\Machine Learning\projet\projet-machine-learning\dataset\images\train\gss1322_jpg.rf.a402d0c6d3db72c3816bd1ae21425573.jpg
train,gss1324_jpg.rf.cbecc79adcedc5aa90e945e03f62cf9f,C:\Machine Learning\projet\projet-machine-learning\dataset\labels\train\gss1324_jpg.rf.cbecc79adcedc5aa90e945e03f62cf9f.txt,C:\Machine Learning\projet\projet-machine-learning\dataset\images\train\gss1324_jpg.rf.cbecc79adcedc5aa90e945e03f62cf9f.jpg
train,gss1325_jpg.rf.4da77cb10803446b9766f33725815ac0,C:\Machine Learning\projet\projet-machine-learning\dataset\labels\train\gss1325_jpg.rf.4da77cb10803446b9766f33725815ac0.txt,C:\Machine Learning\projet\projet-machine-learning\dataset\images\train\gss1325_jpg.rf.4da77cb10803446b9766f33725815ac0.jpg
train,gss1326_jpg.rf.297ee76397eca323c251fb79492a1bab,C:\Machine Learning\projet\projet-machine-learning\dataset\labels\train\gss1326_jpg.rf.297ee76397eca323c251fb79492a1bab.txt,C:\Machine Learning\projet\projet-machine-learning\dataset\images\train\gss1326_jpg.rf.297ee76397eca323c251fb79492a1bab.jpg
train,gss1327_jpg.rf.91f0698ecd0f3c605ca9d31bc1efc6e6,C:\Machine Learning\projet\projet-machine-learning\dataset\labels\train\gss1327_jpg.rf.91f0698ecd0f3c605ca9d31bc1efc6e6.txt,C:\Machine Learning\projet\projet-machine-learning\dataset\images\train\gss1327_jpg.rf.91f0698ecd0f3c605ca9d31bc1efc6e6.jpg
train,gss1328_jpg.rf.834cbe1880332a82d4b4f14e6be88b96,C:\Machine Learning\projet\projet-machine-learning\dataset\labels\train\gss1328_jpg.rf.834cbe1880332a82d4b4f14e6be88b96.txt,C:\Machine Learning\projet\projet-machine-learning\dataset\images\train\gss1328_jpg.rf.834cbe1880332a82d4b4f14e6be88b96.jpg
train,gss1329_jpg.rf.b8d0b2dd6cb06eaddc6cd25c2604b515,C:\Machine Learning\projet\projet-machine-learning\dataset\labels\train\gss1329_jpg.rf.b8d0b2dd6cb06eaddc6cd25c2604b515.txt,C:\Machine Learning\projet\projet-machine-learning\dataset\images\train\gss1329_jpg.rf.b8d0b2dd6cb06eaddc6cd25c2604b515.jpg
train,gss1330_jpg.rf.6585dbf89b92bbae45e626487b08cf87,C:\Machine Learning\projet\projet-machine-learning\dataset\labels\train\gss1330_jpg.rf.6585dbf89b92bbae45e626487b08cf87.txt,C:\Machine Learning\projet\projet-machine-learning\dataset\images\train\gss1330_jpg.rf.6585dbf89b92bbae45e626487b08cf87.jpg
train,gss1332_jpg.rf.8e25c24a5402675a7a505d97bcd2c05a,C:\Machine Learning\projet\projet-machine-learning\dataset\labels\train\gss1332_jpg.rf.8e25c24a5402675a7a505d97bcd2c05a.txt,C:\Machine Learning\projet\projet-machine-learning\dataset\images\train\gss1332_jpg.rf.8e25c24a5402675a7a505d97bcd2c05a.jpg
train,gss1333_jpg.rf.5b0693075e3b7b4194b5ba33ff08e694,C:\Machine Learning\projet\projet-machine-learning\dataset\labels\train\gss1333_jpg.rf.5b0693075e3b7b4194b5ba33ff08e694.txt,C:\Machine Learning\projet\projet-machine-learning\dataset\images\train\gss1333_jpg.rf.5b0693075e3b7b4194b5ba33ff08e694.jpg
train,gss1334_jpg.rf.bbf03f911b91a7b179c6389ab2985e63,C:\Machine Learning\projet\projet-machine-learning\dataset\labels\train\gss1334_jpg.rf.bbf03f911b91a7b179c6389ab2985e63.txt,C:\Machine Learning\projet\projet-machine-learning\dataset\images\train\gss1334_jpg.rf.bbf03f911b91a7b179c6389ab2985e63.jpg
train,gss1336_jpg.rf.824b9e01819664ca310376739ffc091b,C:\Machine Learning\projet\projet-machine-learning\dataset\labels\train\gss1336_jpg.rf.824b9e01819664ca310376739ffc091b.txt,C:\Machine Learning\projet\projet-machine-learning\dataset\images\train\gss1336_jpg.rf.824b9e01819664ca310376739ffc091b.jpg
train,gss1337_jpg.rf.fe2d6f0ed26f52965c4aa8133bba03cd,C:\Machine Learning\projet\projet-machine-learning\dataset\labels\train\gss1337_jpg.rf.fe2d6f0ed26f52965c4aa8133bba03cd.txt,C:\Machine Learning\projet\projet-machine-learning\dataset\images\train\gss1337_jpg.rf.fe2d6f0ed26f52965c4aa8133bba03cd.jpg
train,gss1338_jpg.rf.9ca7cb848c4caff557dd1c76e993b1a8,C:\Machine Learning\projet\projet-machine-learning\dataset\labels\train\gss1338_jpg.rf.9ca7cb848c4caff557dd1c76e993b1a8.txt,C:\Machine Learning\projet\projet-machine-learning\dataset\images\train\gss1338_jpg.rf.9ca7cb848c4caff557dd1c76e993b1a8.jpg
train,gss133_jpg.rf.aceeec8f7eae37659c11360e8e4efc7d,C:\Machine Learning\projet\projet-machine-learning\dataset\labels\train\gss133_jpg.rf.aceeec8f7eae37659c11360e8e4efc7d.txt,C:\Machine Learning\projet\projet-machine-learning\dataset\images\train\gss133_jpg.rf.aceeec8f7eae37659c11360e8e4efc7d.jpg
train,gss1341_jpg.rf.037c3b6f5c29d9df893a081020aab884,C:\Machine Learning\projet\projet-machine-learning\dataset\labels\train\gss1341_jpg.rf.037c3b6f5c29d9df893a081020aab884.txt,C:\Machine Learning\projet\projet-machine-learning\dataset\images\train\gss1341_jpg.rf.037c3b6f5c29d9df893a081020aab884.jpg
train,gss1342_jpg.rf.5045a14d0198d1b6a7b76979dd1c115b,C:\Machine Learning\projet\projet-machine-learning\dataset\labels\train\gss1342_jpg.rf.5045a14d0198d1b6a7b76979dd1c115b.txt,C:\Machine Learning\projet\projet-machine-learning\dataset\images\train\gss1342_jpg.rf.5045a14d0198d1b6a7b76979dd1c115b.jpg
train,gss1343_jpg.rf.ab11f0e30f6ee81bcde8c411d892e175,C:\Machine Learning\projet\projet-machine-learning\dataset\labels\train\gss1343_jpg.rf.ab11f0e30f6ee81bcde8c411d892e175.txt,C:\Machine Learning\projet\projet-machine-learning\dataset\images\train\gss1343_jpg.rf.ab11f0e30f6ee81bcde8c411d892e175.jpg
train,gss1344_jpg.rf.4300d5bc61fe8e1b4bcdb3b90b3c491d,C:\Machine Learning\projet\projet-machine-learning\dataset\labels\train\gss1344_jpg.rf.4300d5bc61fe8e1b4bcdb3b90b3c491d.txt,C:\Machine Learning\projet\projet-machine-learning\dataset\images\train\gss1344_jpg.rf.4300d5bc61fe8e1b4bcdb3b90b3c491d.jpg
train,gss1345_jpg.rf.2ef905dbb0a0f7ccddcca40bffa86177,C:\Machine Learning\projet\projet-machine-learning\dataset\labels\train\gss1345_jpg.rf.2ef905dbb0a0f7ccddcca40bffa86177.txt,C:\Machine Learning\projet\projet-machine-learning\dataset\images\train\gss1345_jpg.rf.2ef905dbb0a0f7ccddcca40bffa86177.jpg
train,gss1347_jpg.rf.03dede31c3e402d5ad8285ddd43cb5fc,C:\Machine Learning\projet\projet-machine-learning\dataset\labels\train\gss1347_jpg.rf.03dede31c3e402d5ad8285ddd43cb5fc.txt,C:\Machine Learning\projet\projet-machine-learning\dataset\images\train\gss1347_jpg.rf.03dede31c3e402d5ad8285ddd43cb5fc.jpg
train,gss1349_jpg.rf.5d9a72428902a4f4eefb9c002511a005,C:\Machine Learning\projet\projet-machine-learning\dataset\labels\train\gss1349_jpg.rf.5d9a72428902a4f4eefb9c002511a005.txt,C:\Machine Learning\projet\projet-machine-learning\dataset\images\train\gss1349_jpg.rf.5d9a72428902a4f4eefb9c002511a005.jpg
train,gss1351_jpg.rf.06277aaa242bda5713157a433420d3ab,C:\Machine Learning\projet\projet-machine-learning\dataset\labels\train\gss1351_jpg.rf.06277aaa242bda5713157a433420d3ab.txt,C:\Machine Learning\projet\projet-machine-learning\dataset\images\train\gss1351_jpg.rf.06277aaa242bda5713157a433420d3ab.jpg
train,gss1353_jpg.rf.a93452aa3df7d0f8d0773ead92778b67,C:\Machine Learning\projet\projet-machine-learning\dataset\labels\train\gss1353_jpg.rf.a93452aa3df7d0f8d0773ead92778b67.txt,C:\Machine Learning\projet\projet-machine-learning\dataset\images\train\gss1353_jpg.rf.a93452aa3df7d0f8d0773ead92778b67.jpg
train,gss1354_jpg.rf.09c3ccb40206b5ea7dd69ba3d1a9656d,C:\Machine Learning\projet\projet-machine-learning\dataset\labels\train\gss1354_jpg.rf.09c3ccb40206b5ea7dd69ba3d1a9656d.txt,C:\Machine Learning\projet\projet-machine-learning\dataset\images\train\gss1354_jpg.rf.09c3ccb40206b5ea7dd69ba3d1a9656d.jpg
train,gss1358_jpg.rf.789c11f1458a25b55fbcc1f305bb0fa8,C:\Machine Learning\projet\projet-machine-learning\dataset\labels\train\gss1358_jpg.rf.789c11f1458a25b55fbcc1f305bb0fa8.txt,C:\Machine Learning\projet\projet-machine-learning\dataset\images\train\gss1358_jpg.rf.789c11f1458a25b55fbcc1f305bb0fa8.jpg
train,gss1359_jpg.rf.cd5a002f2dc22aabf99e14104fc24585,C:\Machine Learning\projet\projet-machine-learning\dataset\labels\train\gss1359_jpg.rf.cd5a002f2dc22aabf99e14104fc24585.txt,C:\Machine Learning\projet\projet-machine-learning\dataset\images\train\gss1359_jpg.rf.cd5a002f2dc22aabf99e14104fc24585.jpg
train,gss1360_jpg.rf.9e403d7e7e72df2dbe62ab3d51e684f8,C:\Machine Learning\projet\projet-machine-learning\dataset\labels\train\gss1360_jpg.rf.9e403d7e7e72df2dbe62ab3d51e684f8.txt,C:\Machine Learning\projet\projet-machine-learning\dataset\images\train\gss1360_jpg.rf.9e403d7e7e72df2dbe62ab3d51e684f8.jpg
train,gss1361_jpg.rf.76ac384ca854f2e04b7f6dbfed45ddf1,C:\Machine Learning\projet\projet-machine-learning\dataset\labels\train\gss1361_jpg.rf.76ac384ca854f2e04b7f6dbfed45ddf1.txt,C:\Machine Learning\projet\projet-machine-learning\dataset\images\train\gss1361_jpg.rf.76ac384ca854f2e04b7f6dbfed45ddf1.jpg
train,gss1362_jpg.rf.4c217cebc655196846ad8d2f9bb45ef2,C:\Machine Learning\projet\projet-machine-learning\dataset\labels\train\gss1362_jpg.rf.4c217cebc655196846ad8d2f9bb45ef2.txt,C:\Machine Learning\projet\projet-machine-learning\dataset\images\train\gss1362_jpg.rf.4c217cebc655196846ad8d2f9bb45ef2.jpg
train,gss1363_jpg.rf.03a784d7709e0f515995a4877cd2b2af,C:\Machine Learning\projet\projet-machine-learning\dataset\labels\train\gss1363_jpg.rf.03a784d7709e0f515995a4877cd2b2af.txt,C:\Machine Learning\projet\projet-machine-learning\dataset\images\train\gss1363_jpg.rf.03a784d7709e0f515995a4877cd2b2af.jpg
train,gss1364_jpg.rf.b87c2fa68f8906e03363681e3e744448,C:\Machine Learning\projet\projet-machine-learning\dataset\labels\train\gss1364_jpg.rf.b87c2fa68f8906e03363681e3e744448.txt,C:\Machine Learning\projet\projet-machine-learning\dataset\images\train\gss1364_jpg.rf.b87c2fa68f8906e03363681e3e744448.jpg
train,gss1365_jpg.rf.50a02e7db3116d1207f0ab824dcf50de,C:\Machine Learning\projet\projet-machine-learning\dataset\labels\train\gss1365_jpg.rf.50a02e7db3116d1207f0ab824dcf50de.txt,C:\Machine Learning\projet\projet-machine-learning\dataset\images\train\gss1365_jpg.rf.50a02e7db3116d1207f0ab824dcf50de.jpg
train,gss1366_jpg.rf.7642b07fb8a255b414dc87fa1bf1e8d9,C:\Machine Learning\projet\projet-machine-learning\dataset\labels\train\gss1366_jpg.rf.7642b07fb8a255b414dc87fa1bf1e8d9.txt,C:\Machine Learning\projet\projet-machine-learning\dataset\images\train\gss1366_jpg.rf.7642b07fb8a255b414dc87fa1bf1e8d9.jpg
train,gss1367_jpg.rf.0aecc7874cb5dac5e84cd63a3d9fd8cd,C:\Machine Learning\projet\projet-machine-learning\dataset\labels\train\gss1367_jpg.rf.0aecc7874cb5dac5e84cd63a3d9fd8cd.txt,C:\Machine Learning\projet\projet-machine-learning\dataset\images\train\gss1367_jpg.rf.0aecc7874cb5dac5e84cd63a3d9fd8cd.jpg
train,gss1368_jpg.rf.c5200d458fca802daab9e870f0338437,C:\Machine Learning\projet\projet-machine-learning\dataset\labels\train\gss1368_jpg.rf.c5200d458fca802daab9e870f0338437.txt,C:\Machine Learning\projet\projet-machine-learning\dataset\images\train\gss1368_jpg.rf.c5200d458fca802daab9e870f0338437.jpg
train,gss136_jpg.rf.a8816dbea3e15b52efe767c1502ba2c2,C:\Machine Learning\projet\projet-machine-learning\dataset\labels\train\gss136_jpg.rf.a8816dbea3e15b52efe767c1502ba2c2.txt,C:\Machine Learning\projet\projet-machine-learning\dataset\images\train\gss136_jpg.rf.a8816dbea3e15b52efe767c1502ba2c2.jpg
train,gss1371_jpg.rf.2cb694e7d32700941f16495cb4afca62,C:\Machine Learning\projet\projet-machine-learning\dataset\labels\train\gss1371_jpg.rf.2cb694e7d32700941f16495cb4afca62.txt,C:\Machine Learning\projet\projet-machine-learning\dataset\images\train\gss1371_jpg.rf.2cb694e7d32700941f16495cb4afca62.jpg
train,gss1372_jpg.rf.df77a5baa4d5e5c775c32eb8e76e16c8,C:\Machine Learning\projet\projet-machine-learning\dataset\labels\train\gss1372_jpg.rf.df77a5baa4d5e5c775c32eb8e76e16c8.txt,C:\Machine Learning\projet\projet-machine-learning\dataset\images\train\gss1372_jpg.rf.df77a5baa4d5e5c775c32eb8e76e16c8.jpg
train,gss1373_jpg.rf.cba46ed74f5a5eae33ab765f00bf458c,C:\Machine Learning\projet\projet-machine-learning\dataset\labels\train\gss1373_jpg.rf.cba46ed74f5a5eae33ab765f00bf458c.txt,C:\Machine Learning\projet\projet-machine-learning\dataset\images\train\gss1373_jpg.rf.cba46ed74f5a5eae33ab765f00bf458c.jpg
train,gss1374_jpg.rf.7bbb9173ba0f5904eda4a288a03ccd95,C:\Machine Learning\projet\projet-machine-learning\dataset\labels\train\gss1374_jpg.rf.7bbb9173ba0f5904eda4a288a03ccd95.txt,C:\Machine Learning\projet\projet-machine-learning\dataset\images\train\gss1374_jpg.rf.7bbb9173ba0f5904eda4a288a03ccd95.jpg
train,gss1377_jpg.rf.c9eb98c1e09f1b98e8f65fc6a3a34c12,C:\Machine Learning\projet\projet-machine-learning\dataset\labels\train\gss1377_jpg.rf.c9eb98c1e09f1b98e8f65fc6a3a34c12.txt,C:\Machine Learning\projet\projet-machine-learning\dataset\images\train\gss1377_jpg.rf.c9eb98c1e09f1b98e8f65fc6a3a34c12.jpg
train,gss1379_jpg.rf.f6750874ce2e9b4264fed77c8710f67d,C:\Machine Learning\projet\projet-machine-learning\dataset\labels\train\gss1379_jpg.rf.f6750874ce2e9b4264fed77c8710f67d.txt,C:\Machine Learning\projet\projet-machine-learning\dataset\images\train\gss1379_jpg.rf.f6750874ce2e9b4264fed77c8710f67d.jpg
train,gss1380_jpg.rf.bd9e2483cc740a9aacab83011620011f,C:\Machine Learning\projet\projet-machine-learning\dataset\labels\train\gss1380_jpg.rf.bd9e2483cc740a9aacab83011620011f.txt,C:\Machine Learning\projet\projet-machine-learning\dataset\images\train\gss1380_jpg.rf.bd9e2483cc740a9aacab83011620011f.jpg
train,gss1381_jpg.rf.3d2b5e14630b06249f47714e0e1eb0b7,C:\Machine Learning\projet\projet-machine-learning\dataset\labels\train\gss1381_jpg.rf.3d2b5e14630b06249f47714e0e1eb0b7.txt,C:\Machine Learning\projet\projet-machine-learning\dataset\images\train\gss1381_jpg.rf.3d2b5e14630b06249f47714e0e1eb0b7.jpg
train,gss1382_jpg.rf.8796fd372577fdf5b56240742f9e2acf,C:\Machine Learning\projet\projet-machine-learning\dataset\labels\train\gss1382_jpg.rf.8796fd372577fdf5b56240742f9e2acf.txt,C:\Machine Learning\projet\projet-machine-learning\dataset\images\train\gss1382_jpg.rf.8796fd372577fdf5b56240742f9e2acf.jpg
train,gss1384_jpg.rf.497974b4a4681fa39c3c41221f8a9ace,C:\Machine Learning\projet\projet-machine-learning\dataset\labels\train\gss1384_jpg.rf.497974b4a4681fa39c3c41221f8a9ace.txt,C:\Machine Learning\projet\projet-machine-learning\dataset\images\train\gss1384_jpg.rf.497974b4a4681fa39c3c41221f8a9ace.jpg
train,gss1387_jpg.rf.0b776d8866ed9951addc9bb0e5a5fdd1,C:\Machine Learning\projet\projet-machine-learning\dataset\labels\train\gss1387_jpg.rf.0b776d8866ed9951addc9bb0e5a5fdd1.txt,C:\Machine Learning\projet\projet-machine-learning\dataset\images\train\gss1387_jpg.rf.0b776d8866ed9951addc9bb0e5a5fdd1.jpg
train,gss1388_jpg.rf.c9401c56a389a6ada55ff1f24131adfc,C:\Machine Learning\projet\projet-machine-learning\dataset\labels\train\gss1388_jpg.rf.c9401c56a389a6ada55ff1f24131adfc.txt,C:\Machine Learning\projet\projet-machine-learning\dataset\images\train\gss1388_jpg.rf.c9401c56a389a6ada55ff1f24131adfc.jpg
train,gss1389_jpg.rf.5b6c77538964d52d59ddae9ecda65e89,C:\Machine Learning\projet\projet-machine-learning\dataset\labels\train\gss1389_jpg.rf.5b6c77538964d52d59ddae9ecda65e89.txt,C:\Machine Learning\projet\projet-machine-learning\dataset\images\train\gss1389_jpg.rf.5b6c77538964d52d59ddae9ecda65e89.jpg
train,gss138_jpg.rf.89f84182f09f3bfe6b83003843cd6603,C:\Machine Learning\projet\projet-machine-learning\dataset\labels\train\gss138_jpg.rf.89f84182f09f3bfe6b83003843cd6603.txt,C:\Machine Learning\projet\projet-machine-learning\dataset\images\train\gss138_jpg.rf.89f84182f09f3bfe6b83003843cd6603.jpg
train,gss1390_jpg.rf.d6ce10af02ffaa6ab62aa008f02ae468,C:\Machine Learning\projet\projet-machine-learning\dataset\labels\train\gss1390_jpg.rf.d6ce10af02ffaa6ab62aa008f02ae468.txt,C:\Machine Learning\projet\projet-machine-learning\dataset\images\train\gss1390_jpg.rf.d6ce10af02ffaa6ab62aa008f02ae468.jpg
train,gss1392_jpg.rf.1798439a2a2a06543bf8f734535e8cb7,C:\Machine Learning\projet\projet-machine-learning\dataset\labels\train\gss1392_jpg.rf.1798439a2a2a06543bf8f734535e8cb7.txt,C:\Machine Learning\projet\projet-machine-learning\dataset\images\train\gss1392_jpg.rf.1798439a2a2a06543bf8f734535e8cb7.jpg
train,gss1393_jpg.rf.dc178569e446700f0c3489631eaa1b65,C:\Machine Learning\projet\projet-machine-learning\dataset\labels\train\gss1393_jpg.rf.dc178569e446700f0c3489631eaa1b65.txt,C:\Machine Learning\projet\projet-machine-learning\dataset\images\train\gss1393_jpg.rf.dc178569e446700f0c3489631eaa1b65.jpg
train,gss1395_jpg.rf.aee40c292f2a6422a46b11713a17c8ab,C:\Machine Learning\projet\projet-machine-learning\dataset\labels\train\gss1395_jpg.rf.aee40c292f2a6422a46b11713a17c8ab.txt,C:\Machine Learning\projet\projet-machine-learning\dataset\images\train\gss1395_jpg.rf.aee40c292f2a6422a46b11713a17c8ab.jpg
train,gss1396_jpg.rf.0d3b20be9a031e0e7b121efef75e836f,C:\Machine Learning\projet\projet-machine-learning\dataset\labels\train\gss1396_jpg.rf.0d3b20be9a031e0e7b121efef75e836f.txt,C:\Machine Learning\projet\projet-machine-learning\dataset\images\train\gss1396_jpg.rf.0d3b20be9a031e0e7b121efef75e836f.jpg
train,gss1397_jpg.rf.036d9497c5f97b8020f06632b121cd8a,C:\Machine Learning\projet\projet-machine-learning\dataset\labels\train\gss1397_jpg.rf.036d9497c5f97b8020f06632b121cd8a.txt,C:\Machine Learning\projet\projet-machine-learning\dataset\images\train\gss1397_jpg.rf.036d9497c5f97b8020f06632b121cd8a.jpg
train,gss1398_jpg.rf.f16a65a4bf7fd0f86d6c3f1c1f9b6389,C:\Machine Learning\projet\projet-machine-learning\dataset\labels\train\gss1398_jpg.rf.f16a65a4bf7fd0f86d6c3f1c1f9b6389.txt,C:\Machine Learning\projet\projet-machine-learning\dataset\images\train\gss1398_jpg.rf.f16a65a4bf7fd0f86d6c3f1c1f9b6389.jpg
train,gss1399_jpg.rf.d6ab02fd56a04df55025eb0e0b758d1d,C:\Machine Learning\projet\projet-machine-learning\dataset\labels\train\gss1399_jpg.rf.d6ab02fd56a04df55025eb0e0b758d1d.txt,C:\Machine Learning\projet\projet-machine-learning\dataset\images\train\gss1399_jpg.rf.d6ab02fd56a04df55025eb0e0b758d1d.jpg
train,gss13_jpg.rf.2dd090080b9e3ad30cb0f31b54b2d7b6,C:\Machine Learning\projet\projet-machine-learning\dataset\labels\train\gss13_jpg.rf.2dd090080b9e3ad30cb0f31b54b2d7b6.txt,C:\Machine Learning\projet\projet-machine-learning\dataset\images\train\gss13_jpg.rf.2dd090080b9e3ad30cb0f31b54b2d7b6.jpg
train,gss1400_jpg.rf.579b79aee80c0a406304c0d734eaebc1,C:\Machine Learning\projet\projet-machine-learning\dataset\labels\train\gss1400_jpg.rf.579b79aee80c0a406304c0d734eaebc1.txt,C:\Machine Learning\projet\projet-machine-learning\dataset\images\train\gss1400_jpg.rf.579b79aee80c0a406304c0d734eaebc1.jpg
train,gss1402_jpg.rf.cfee64258e2d81956044d54ea42b8bb8,C:\Machine Learning\projet\projet-machine-learning\dataset\labels\train\gss1402_jpg.rf.cfee64258e2d81956044d54ea42b8bb8.txt,C:\Machine Learning\projet\projet-machine-learning\dataset\images\train\gss1402_jpg.rf.cfee64258e2d81956044d54ea42b8bb8.jpg
train,gss1403_jpg.rf.b5b454a316ef26c20df4fc0d591461f7,C:\Machine Learning\projet\projet-machine-learning\dataset\labels\train\gss1403_jpg.rf.b5b454a316ef26c20df4fc0d591461f7.txt,C:\Machine Learning\projet\projet-machine-learning\dataset\images\train\gss1403_jpg.rf.b5b454a316ef26c20df4fc0d591461f7.jpg
train,gss1404_jpg.rf.cf43821b37593823c62096acd8f0b536,C:\Machine Learning\projet\projet-machine-learning\dataset\labels\train\gss1404_jpg.rf.cf43821b37593823c62096acd8f0b536.txt,C:\Machine Learning\projet\projet-machine-learning\dataset\images\train\gss1404_jpg.rf.cf43821b37593823c62096acd8f0b536.jpg
train,gss1405_jpg.rf.b328c3065382cb6a0f9857edafc8da9a,C:\Machine Learning\projet\projet-machine-learning\dataset\labels\train\gss1405_jpg.rf.b328c3065382cb6a0f9857edafc8da9a.txt,C:\Machine Learning\projet\projet-machine-learning\dataset\images\train\gss1405_jpg.rf.b328c3065382cb6a0f9857edafc8da9a.jpg
train,gss1406_jpg.rf.d56bbfa71ce9374d45a1f515670f6c89,C:\Machine Learning\projet\projet-machine-learning\dataset\labels\train\gss1406_jpg.rf.d56bbfa71ce9374d45a1f515670f6c89.txt,C:\Machine Learning\projet\projet-machine-learning\dataset\images\train\gss1406_jpg.rf.d56bbfa71ce9374d45a1f515670f6c89.jpg
train,gss1407_jpg.rf.a8756eb3c18edbf080ce2d1472770061,C:\Machine Learning\projet\projet-machine-learning\dataset\labels\train\gss1407_jpg.rf.a8756eb3c18edbf080ce2d1472770061.txt,C:\Machine Learning\projet\projet-machine-learning\dataset\images\train\gss1407_jpg.rf.a8756eb3c18edbf080ce2d1472770061.jpg
train,gss1408_jpg.rf.c744a789c0be57b1167c26e5eb99db2b,C:\Machine Learning\projet\projet-machine-learning\dataset\labels\train\gss1408_jpg.rf.c744a789c0be57b1167c26e5eb99db2b.txt,C:\Machine Learning\projet\projet-machine-learning\dataset\images\train\gss1408_jpg.rf.c744a789c0be57b1167c26e5eb99db2b.jpg
train,gss140_jpg.rf.46b0865462b5b96fbae9f2f93fe3173b,C:\Machine Learning\projet\projet-machine-learning\dataset\labels\train\gss140_jpg.rf.46b0865462b5b96fbae9f2f93fe3173b.txt,C:\Machine Learning\projet\projet-machine-learning\dataset\images\train\gss140_jpg.rf.46b0865462b5b96fbae9f2f93fe3173b.jpg
train,gss1410_jpg.rf.458136e8391d4b78131276df7d3b1efb,C:\Machine Learning\projet\projet-machine-learning\dataset\labels\train\gss1410_jpg.rf.458136e8391d4b78131276df7d3b1efb.txt,C:\Machine Learning\projet\projet-machine-learning\dataset\images\train\gss1410_jpg.rf.458136e8391d4b78131276df7d3b1efb.jpg
train,gss1411_jpg.rf.23e9c3012d7b99567741bb12f9b2f84a,C:\Machine Learning\projet\projet-machine-learning\dataset\labels\train\gss1411_jpg.rf.23e9c3012d7b99567741bb12f9b2f84a.txt,C:\Machine Learning\projet\projet-machine-learning\dataset\images\train\gss1411_jpg.rf.23e9c3012d7b99567741bb12f9b2f84a.jpg
train,gss1413_jpg.rf.8f6fca901341d4deb3a3523a89eefc0e,C:\Machine Learning\projet\projet-machine-learning\dataset\labels\train\gss1413_jpg.rf.8f6fca901341d4deb3a3523a89eefc0e.txt,C:\Machine Learning\projet\projet-machine-learning\dataset\images\train\gss1413_jpg.rf.8f6fca901341d4deb3a3523a89eefc0e.jpg
train,gss1414_jpg.rf.e4ed43ec2f4306b16b8848bdf7f6a937,C:\Machine Learning\projet\projet-machine-learning\dataset\labels\train\gss1414_jpg.rf.e4ed43ec2f4306b16b8848bdf7f6a937.txt,C:\Machine Learning\projet\projet-machine-learning\dataset\images\train\gss1414_jpg.rf.e4ed43ec2f4306b16b8848bdf7f6a937.jpg
train,gss1416_jpg.rf.0689c4a41f0b1ee72af08f69a7a8f6d2,C:\Machine Learning\projet\projet-machine-learning\dataset\labels\train\gss1416_jpg.rf.0689c4a41f0b1ee72af08f69a7a8f6d2.txt,C:\Machine Learning\projet\projet-machine-learning\dataset\images\train\gss1416_jpg.rf.0689c4a41f0b1ee72af08f69a7a8f6d2.jpg
train,gss1417_jpg.rf.975d8860060c4ab7bf90e1ee42930c08,C:\Machine Learning\projet\projet-machine-learning\dataset\labels\train\gss1417_jpg.rf.975d8860060c4ab7bf90e1ee42930c08.txt,C:\Machine Learning\projet\projet-machine-learning\dataset\images\train\gss1417_jpg.rf.975d8860060c4ab7bf90e1ee42930c08.jpg
train,gss1418_jpg.rf.5aaf1efde4a859c09c4bc4617a6be333,C:\Machine Learning\projet\projet-machine-learning\dataset\labels\train\gss1418_jpg.rf.5aaf1efde4a859c09c4bc4617a6be333.txt,C:\Machine Learning\projet\projet-machine-learning\dataset\images\train\gss1418_jpg.rf.5aaf1efde4a859c09c4bc4617a6be333.jpg
train,gss1419_jpg.rf.de79815e6d31439af948dd86c8986039,C:\Machine Learning\projet\projet-machine-learning\dataset\labels\train\gss1419_jpg.rf.de79815e6d31439af948dd86c8986039.txt,C:\Machine Learning\projet\projet-machine-learning\dataset\images\train\gss1419_jpg.rf.de79815e6d31439af948dd86c8986039.jpg
train,gss141_jpg.rf.087a92d9433126f0279e019db470a06c,C:\Machine Learning\projet\projet-machine-learning\dataset\labels\train\gss141_jpg.rf.087a92d9433126f0279e019db470a06c.txt,C:\Machine Learning\projet\projet-machine-learning\dataset\images\train\gss141_jpg.rf.087a92d9433126f0279e019db470a06c.jpg
train,gss1420_jpg.rf.4bc2513ccf702c483859d0cbadef4ca1,C:\Machine Learning\projet\projet-machine-learning\dataset\labels\train\gss1420_jpg.rf.4bc2513ccf702c483859d0cbadef4ca1.txt,C:\Machine Learning\projet\projet-machine-learning\dataset\images\train\gss1420_jpg.rf.4bc2513ccf702c483859d0cbadef4ca1.jpg
train,gss1421_jpg.rf.4ec3004b09237d2c1bc7283e6317d2cd,C:\Machine Learning\projet\projet-machine-learning\dataset\labels\train\gss1421_jpg.rf.4ec3004b09237d2c1bc7283e6317d2cd.txt,C:\Machine Learning\projet\projet-machine-learning\dataset\images\train\gss1421_jpg.rf.4ec3004b09237d2c1bc7283e6317d2cd.jpg
train,gss1424_jpg.rf.7cb18e70b3c4822be429e696425b46d7,C:\Machine Learning\projet\projet-machine-learning\dataset\labels\train\gss1424_jpg.rf.7cb18e70b3c4822be429e696425b46d7.txt,C:\Machine Learning\projet\projet-machine-learning\dataset\images\train\gss1424_jpg.rf.7cb18e70b3c4822be429e696425b46d7.jpg
train,gss1425_jpg.rf.fc62ea0a78e41e25c3c0a9596e44ac8e,C:\Machine Learning\projet\projet-machine-learning\dataset\labels\train\gss1425_jpg.rf.fc62ea0a78e41e25c3c0a9596e44ac8e.txt,C:\Machine Learning\projet\projet-machine-learning\dataset\images\train\gss1425_jpg.rf.fc62ea0a78e41e25c3c0a9596e44ac8e.jpg
train,gss1426_jpg.rf.3e1057da65f8b69c18cc599e9a4d44e8,C:\Machine Learning\projet\projet-machine-learning\dataset\labels\train\gss1426_jpg.rf.3e1057da65f8b69c18cc599e9a4d44e8.txt,C:\Machine Learning\projet\projet-machine-learning\dataset\images\train\gss1426_jpg.rf.3e1057da65f8b69c18cc599e9a4d44e8.jpg
train,gss1427_jpg.rf.48453bf12c07c850b93e975917ad3246,C:\Machine Learning\projet\projet-machine-learning\dataset\labels\train\gss1427_jpg.rf.48453bf12c07c850b93e975917ad3246.txt,C:\Machine Learning\projet\projet-machine-learning\dataset\images\train\gss1427_jpg.rf.48453bf12c07c850b93e975917ad3246.jpg
train,gss1428_jpg.rf.94b0362aa6091c6b3fa09b9b26ea9881,C:\Machine Learning\projet\projet-machine-learning\dataset\labels\train\gss1428_jpg.rf.94b0362aa6091c6b3fa09b9b26ea9881.txt,C:\Machine Learning\projet\projet-machine-learning\dataset\images\train\gss1428_jpg.rf.94b0362aa6091c6b3fa09b9b26ea9881.jpg
train,gss142_jpg.rf.60c981f94b4519d9dae4c81e0898fec3,C:\Machine Learning\projet\projet-machine-learning\dataset\labels\train\gss142_jpg.rf.60c981f94b4519d9dae4c81e0898fec3.txt,C:\Machine Learning\projet\projet-machine-learning\dataset\images\train\gss142_jpg.rf.60c981f94b4519d9dae4c81e0898fec3.jpg
train,gss1430_jpg.rf.b6365b5f4e0735fd266de56db0f07fe8,C:\Machine Learning\projet\projet-machine-learning\dataset\labels\train\gss1430_jpg.rf.b6365b5f4e0735fd266de56db0f07fe8.txt,C:\Machine Learning\projet\projet-machine-learning\dataset\images\train\gss1430_jpg.rf.b6365b5f4e0735fd266de56db0f07fe8.jpg
train,gss1431_jpg.rf.fe5938735f833c3cb7559e563743fcb2,C:\Machine Learning\projet\projet-machine-learning\dataset\labels\train\gss1431_jpg.rf.fe5938735f833c3cb7559e563743fcb2.txt,C:\Machine Learning\projet\projet-machine-learning\dataset\images\train\gss1431_jpg.rf.fe5938735f833c3cb7559e563743fcb2.jpg
train,gss1433_jpg.rf.a8374f4a357c1186a762bf4199272c80,C:\Machine Learning\projet\projet-machine-learning\dataset\labels\train\gss1433_jpg.rf.a8374f4a357c1186a762bf4199272c80.txt,C:\Machine Learning\projet\projet-machine-learning\dataset\images\train\gss1433_jpg.rf.a8374f4a357c1186a762bf4199272c80.jpg
train,gss1436_jpg.rf.3ed6dde3ebc4ec047d9f6bd267f24332,C:\Machine Learning\projet\projet-machine-learning\dataset\labels\train\gss1436_jpg.rf.3ed6dde3ebc4ec047d9f6bd267f24332.txt,C:\Machine Learning\projet\projet-machine-learning\dataset\images\train\gss1436_jpg.rf.3ed6dde3ebc4ec047d9f6bd267f24332.jpg
train,gss1438_jpg.rf.3d20dd4d1a5dad82d2498d365837a033,C:\Machine Learning\projet\projet-machine-learning\dataset\labels\train\gss1438_jpg.rf.3d20dd4d1a5dad82d2498d365837a033.txt,C:\Machine Learning\projet\projet-machine-learning\dataset\images\train\gss1438_jpg.rf.3d20dd4d1a5dad82d2498d365837a033.jpg
train,gss1439_jpg.rf.9288c4b5aae3a26f44b2fe533371a528,C:\Machine Learning\projet\projet-machine-learning\dataset\labels\train\gss1439_jpg.rf.9288c4b5aae3a26f44b2fe533371a528.txt,C:\Machine Learning\projet\projet-machine-learning\dataset\images\train\gss1439_jpg.rf.9288c4b5aae3a26f44b2fe533371a528.jpg
train,gss143_jpg.rf.fdb56e78984050e117f12f3f368e3437,C:\Machine Learning\projet\projet-machine-learning\dataset\labels\train\gss143_jpg.rf.fdb56e78984050e117f12f3f368e3437.txt,C:\Machine Learning\projet\projet-machine-learning\dataset\images\train\gss143_jpg.rf.fdb56e78984050e117f12f3f368e3437.jpg
train,gss1441_jpg.rf.6fd438075f91e12fe229c5adf8d40924,C:\Machine Learning\projet\projet-machine-learning\dataset\labels\train\gss1441_jpg.rf.6fd438075f91e12fe229c5adf8d40924.txt,C:\Machine Learning\projet\projet-machine-learning\dataset\images\train\gss1441_jpg.rf.6fd438075f91e12fe229c5adf8d40924.jpg
train,gss1442_jpg.rf.e453104b2d0fe20ec46e004c25384137,C:\Machine Learning\projet\projet-machine-learning\dataset\labels\train\gss1442_jpg.rf.e453104b2d0fe20ec46e004c25384137.txt,C:\Machine Learning\projet\projet-machine-learning\dataset\images\train\gss1442_jpg.rf.e453104b2d0fe20ec46e004c25384137.jpg
train,gss1443_jpg.rf.8b26798d558aa8c574c07ea85cef43a3,C:\Machine Learning\projet\projet-machine-learning\dataset\labels\train\gss1443_jpg.rf.8b26798d558aa8c574c07ea85cef43a3.txt,C:\Machine Learning\projet\projet-machine-learning\dataset\images\train\gss1443_jpg.rf.8b26798d558aa8c574c07ea85cef43a3.jpg
train,gss1445_jpg.rf.9bdfd00a77160619408670f97ccdf8e5,C:\Machine Learning\projet\projet-machine-learning\dataset\labels\train\gss1445_jpg.rf.9bdfd00a77160619408670f97ccdf8e5.txt,C:\Machine Learning\projet\projet-machine-learning\dataset\images\train\gss1445_jpg.rf.9bdfd00a77160619408670f97ccdf8e5.jpg
train,gss1446_jpg.rf.290da739aa53331758aec7f9240929db,C:\Machine Learning\projet\projet-machine-learning\dataset\labels\train\gss1446_jpg.rf.290da739aa53331758aec7f9240929db.txt,C:\Machine Learning\projet\projet-machine-learning\dataset\images\train\gss1446_jpg.rf.290da739aa53331758aec7f9240929db.jpg
train,gss1448_jpg.rf.52e47aaa2168ca5f1fbf7ae24d5f17f4,C:\Machine Learning\projet\projet-machine-learning\dataset\labels\train\gss1448_jpg.rf.52e47aaa2168ca5f1fbf7ae24d5f17f4.txt,C:\Machine Learning\projet\projet-machine-learning\dataset\images\train\gss1448_jpg.rf.52e47aaa2168ca5f1fbf7ae24d5f17f4.jpg
train,gss144_jpg.rf.00af8263de5d5a2dcdc4fac6d471e1bc,C:\Machine Learning\projet\projet-machine-learning\dataset\labels\train\gss144_jpg.rf.00af8263de5d5a2dcdc4fac6d471e1bc.txt,C:\Machine Learning\projet\projet-machine-learning\dataset\images\train\gss144_jpg.rf.00af8263de5d5a2dcdc4fac6d471e1bc.jpg
train,gss1451_jpg.rf.2e0d50618da08d6de591198a6aa25938,C:\Machine Learning\projet\projet-machine-learning\dataset\labels\train\gss1451_jpg.rf.2e0d50618da08d6de591198a6aa25938.txt,C:\Machine Learning\projet\projet-machine-learning\dataset\images\train\gss1451_jpg.rf.2e0d50618da08d6de591198a6aa25938.jpg
train,gss1452_jpg.rf.0d9c57b4d34a03c88b31c9abf39e6eb3,C:\Machine Learning\projet\projet-machine-learning\dataset\labels\train\gss1452_jpg.rf.0d9c57b4d34a03c88b31c9abf39e6eb3.txt,C:\Machine Learning\projet\projet-machine-learning\dataset\images\train\gss1452_jpg.rf.0d9c57b4d34a03c88b31c9abf39e6eb3.jpg
train,gss1456_jpg.rf.a2340666e29e8b5548715c6361c20fae,C:\Machine Learning\projet\projet-machine-learning\dataset\labels\train\gss1456_jpg.rf.a2340666e29e8b5548715c6361c20fae.txt,C:\Machine Learning\projet\projet-machine-learning\dataset\images\train\gss1456_jpg.rf.a2340666e29e8b5548715c6361c20fae.jpg
train,gss1459_jpg.rf.922cc56444660c3a7106d32f7f21ff1a,C:\Machine Learning\projet\projet-machine-learning\dataset\labels\train\gss1459_jpg.rf.922cc56444660c3a7106d32f7f21ff1a.txt,C:\Machine Learning\projet\projet-machine-learning\dataset\images\train\gss1459_jpg.rf.922cc56444660c3a7106d32f7f21ff1a.jpg
train,gss145_jpg.rf.14fe7a0c0bdfe9f37e74773f50d8fd3a,C:\Machine Learning\projet\projet-machine-learning\dataset\labels\train\gss145_jpg.rf.14fe7a0c0bdfe9f37e74773f50d8fd3a.txt,C:\Machine Learning\projet\projet-machine-learning\dataset\images\train\gss145_jpg.rf.14fe7a0c0bdfe9f37e74773f50d8fd3a.jpg
train,gss1461_jpg.rf.10d499ca4a8ebcb120f1461f963808cf,C:\Machine Learning\projet\projet-machine-learning\dataset\labels\train\gss1461_jpg.rf.10d499ca4a8ebcb120f1461f963808cf.txt,C:\Machine Learning\projet\projet-machine-learning\dataset\images\train\gss1461_jpg.rf.10d499ca4a8ebcb120f1461f963808cf.jpg
train,gss1462_jpg.rf.0f23d89aa83a58d49bb460c140101e47,C:\Machine Learning\projet\projet-machine-learning\dataset\labels\train\gss1462_jpg.rf.0f23d89aa83a58d49bb460c140101e47.txt,C:\Machine Learning\projet\projet-machine-learning\dataset\images\train\gss1462_jpg.rf.0f23d89aa83a58d49bb460c140101e47.jpg
train,gss1463_jpg.rf.e9cc4fdf00363830f7a98c0ef0e8995e,C:\Machine Learning\projet\projet-machine-learning\dataset\labels\train\gss1463_jpg.rf.e9cc4fdf00363830f7a98c0ef0e8995e.txt,C:\Machine Learning\projet\projet-machine-learning\dataset\images\train\gss1463_jpg.rf.e9cc4fdf00363830f7a98c0ef0e8995e.jpg
train,gss1464_jpg.rf.f7b2e41e570b28414d1990d2f149429a,C:\Machine Learning\projet\projet-machine-learning\dataset\labels\train\gss1464_jpg.rf.f7b2e41e570b28414d1990d2f149429a.txt,C:\Machine Learning\projet\projet-machine-learning\dataset\images\train\gss1464_jpg.rf.f7b2e41e570b28414d1990d2f149429a.jpg
train,gss1465_jpg.rf.6453c1a0203e2dbb6d0e147dc40e57b2,C:\Machine Learning\projet\projet-machine-learning\dataset\labels\train\gss1465_jpg.rf.6453c1a0203e2dbb6d0e147dc40e57b2.txt,C:\Machine Learning\projet\projet-machine-learning\dataset\images\train\gss1465_jpg.rf.6453c1a0203e2dbb6d0e147dc40e57b2.jpg
train,gss1466_jpg.rf.ff525b83c3b4256abc70b806f68a4119,C:\Machine Learning\projet\projet-machine-learning\dataset\labels\train\gss1466_jpg.rf.ff525b83c3b4256abc70b806f68a4119.txt,C:\Machine Learning\projet\projet-machine-learning\dataset\images\train\gss1466_jpg.rf.ff525b83c3b4256abc70b806f68a4119.jpg
train,gss1467_jpg.rf.f078f16b0ed460f638c9773019e0014b,C:\Machine Learning\projet\projet-machine-learning\dataset\labels\train\gss1467_jpg.rf.f078f16b0ed460f638c9773019e0014b.txt,C:\Machine Learning\projet\projet-machine-learning\dataset\images\train\gss1467_jpg.rf.f078f16b0ed460f638c9773019e0014b.jpg
train,gss1470_jpg.rf.31655fab51fcf56d52841f4aa3e3a1c9,C:\Machine Learning\projet\projet-machine-learning\dataset\labels\train\gss1470_jpg.rf.31655fab51fcf56d52841f4aa3e3a1c9.txt,C:\Machine Learning\projet\projet-machine-learning\dataset\images\train\gss1470_jpg.rf.31655fab51fcf56d52841f4aa3e3a1c9.jpg
train,gss1471_jpg.rf.94498e18811084c7079b7c2bd1571862,C:\Machine Learning\projet\projet-machine-learning\dataset\labels\train\gss1471_jpg.rf.94498e18811084c7079b7c2bd1571862.txt,C:\Machine Learning\projet\projet-machine-learning\dataset\images\train\gss1471_jpg.rf.94498e18811084c7079b7c2bd1571862.jpg
train,gss1472_jpg.rf.56b4f01b3880612c65068f0fb44a9779,C:\Machine Learning\projet\projet-machine-learning\dataset\labels\train\gss1472_jpg.rf.56b4f01b3880612c65068f0fb44a9779.txt,C:\Machine Learning\projet\projet-machine-learning\dataset\images\train\gss1472_jpg.rf.56b4f01b3880612c65068f0fb44a9779.jpg
train,gss1475_jpg.rf.6b5875aa05a2a899eebbdf62a2377ddd,C:\Machine Learning\projet\projet-machine-learning\dataset\labels\train\gss1475_jpg.rf.6b5875aa05a2a899eebbdf62a2377ddd.txt,C:\Machine Learning\projet\projet-machine-learning\dataset\images\train\gss1475_jpg.rf.6b5875aa05a2a899eebbdf62a2377ddd.jpg
train,gss1477_jpg.rf.0390890530c008ca7427e0e7d748a651,C:\Machine Learning\projet\projet-machine-learning\dataset\labels\train\gss1477_jpg.rf.0390890530c008ca7427e0e7d748a651.txt,C:\Machine Learning\projet\projet-machine-learning\dataset\images\train\gss1477_jpg.rf.0390890530c008ca7427e0e7d748a651.jpg
train,gss1478_jpg.rf.f261dd93b39ab8c5d319231a99b090eb,C:\Machine Learning\projet\projet-machine-learning\dataset\labels\train\gss1478_jpg.rf.f261dd93b39ab8c5d319231a99b090eb.txt,C:\Machine Learning\projet\projet-machine-learning\dataset\images\train\gss1478_jpg.rf.f261dd93b39ab8c5d319231a99b090eb.jpg
train,gss147_jpg.rf.6595f77704df989f0018f7f9a7dba20e,C:\Machine Learning\projet\projet-machine-learning\dataset\labels\train\gss147_jpg.rf.6595f77704df989f0018f7f9a7dba20e.txt,C:\Machine Learning\projet\projet-machine-learning\dataset\images\train\gss147_jpg.rf.6595f77704df989f0018f7f9a7dba20e.jpg
train,gss1480_jpg.rf.380571d504c1fe23421aea528c30eb21,C:\Machine Learning\projet\projet-machine-learning\dataset\labels\train\gss1480_jpg.rf.380571d504c1fe23421aea528c30eb21.txt,C:\Machine Learning\projet\projet-machine-learning\dataset\images\train\gss1480_jpg.rf.380571d504c1fe23421aea528c30eb21.jpg
train,gss1481_jpg.rf.90637ee1b0ca44e6c7045f322bda301f,C:\Machine Learning\projet\projet-machine-learning\dataset\labels\train\gss1481_jpg.rf.90637ee1b0ca44e6c7045f322bda301f.txt,C:\Machine Learning\projet\projet-machine-learning\dataset\images\train\gss1481_jpg.rf.90637ee1b0ca44e6c7045f322bda301f.jpg
train,gss1482_jpg.rf.ed85998c034a8f22770cc492f8624569,C:\Machine Learning\projet\projet-machine-learning\dataset\labels\train\gss1482_jpg.rf.ed85998c034a8f22770cc492f8624569.txt,C:\Machine Learning\projet\projet-machine-learning\dataset\images\train\gss1482_jpg.rf.ed85998c034a8f22770cc492f8624569.jpg
train,gss1483_jpg.rf.5d41c5cda42380cc02e15cfdffe68d83,C:\Machine Learning\projet\projet-machine-learning\dataset\labels\train\gss1483_jpg.rf.5d41c5cda42380cc02e15cfdffe68d83.txt,C:\Machine Learning\projet\projet-machine-learning\dataset\images\train\gss1483_jpg.rf.5d41c5cda42380cc02e15cfdffe68d83.jpg
train,gss1484_jpg.rf.405f402cab9f72bdc1f1e2433b216a11,C:\Machine Learning\projet\projet-machine-learning\dataset\labels\train\gss1484_jpg.rf.405f402cab9f72bdc1f1e2433b216a11.txt,C:\Machine Learning\projet\projet-machine-learning\dataset\images\train\gss1484_jpg.rf.405f402cab9f72bdc1f1e2433b216a11.jpg
train,gss1485_jpg.rf.d0ff3a6399369d6f5b3f93b1d8045f72,C:\Machine Learning\projet\projet-machine-learning\dataset\labels\train\gss1485_jpg.rf.d0ff3a6399369d6f5b3f93b1d8045f72.txt,C:\Machine Learning\projet\projet-machine-learning\dataset\images\train\gss1485_jpg.rf.d0ff3a6399369d6f5b3f93b1d8045f72.jpg
train,gss1487_jpg.rf.195ece070e805005f0cc0fa678e538c9,C:\Machine Learning\projet\projet-machine-learning\dataset\labels\train\gss1487_jpg.rf.195ece070e805005f0cc0fa678e538c9.txt,C:\Machine Learning\projet\projet-machine-learning\dataset\images\train\gss1487_jpg.rf.195ece070e805005f0cc0fa678e538c9.jpg
train,gss1488_jpg.rf.10a98ba43d5032eab0e946936f30a1a8,C:\Machine Learning\projet\projet-machine-learning\dataset\labels\train\gss1488_jpg.rf.10a98ba43d5032eab0e946936f30a1a8.txt,C:\Machine Learning\projet\projet-machine-learning\dataset\images\train\gss1488_jpg.rf.10a98ba43d5032eab0e946936f30a1a8.jpg
train,gss1489_jpg.rf.be41962a73ad3b54c4e365b6127311b8,C:\Machine Learning\projet\projet-machine-learning\dataset\labels\train\gss1489_jpg.rf.be41962a73ad3b54c4e365b6127311b8.txt,C:\Machine Learning\projet\projet-machine-learning\dataset\images\train\gss1489_jpg.rf.be41962a73ad3b54c4e365b6127311b8.jpg
train,gss148_jpg.rf.d8d525e75ddc3848c49a833cd6d12774,C:\Machine Learning\projet\projet-machine-learning\dataset\labels\train\gss148_jpg.rf.d8d525e75ddc3848c49a833cd6d12774.txt,C:\Machine Learning\projet\projet-machine-learning\dataset\images\train\gss148_jpg.rf.d8d525e75ddc3848c49a833cd6d12774.jpg
train,gss1491_jpg.rf.cb8b3f5cd83002c8d94581e079a4b2ed,C:\Machine Learning\projet\projet-machine-learning\dataset\labels\train\gss1491_jpg.rf.cb8b3f5cd83002c8d94581e079a4b2ed.txt,C:\Machine Learning\projet\projet-machine-learning\dataset\images\train\gss1491_jpg.rf.cb8b3f5cd83002c8d94581e079a4b2ed.jpg
train,gss1495_jpg.rf.9c014037da06058b3d020100165e0660,C:\Machine Learning\projet\projet-machine-learning\dataset\labels\train\gss1495_jpg.rf.9c014037da06058b3d020100165e0660.txt,C:\Machine Learning\projet\projet-machine-learning\dataset\images\train\gss1495_jpg.rf.9c014037da06058b3d020100165e0660.jpg
train,gss1496_jpg.rf.667e7cc63e71c0dc3bb55907b30cc738,C:\Machine Learning\projet\projet-machine-learning\dataset\labels\train\gss1496_jpg.rf.667e7cc63e71c0dc3bb55907b30cc738.txt,C:\Machine Learning\projet\projet-machine-learning\dataset\images\train\gss1496_jpg.rf.667e7cc63e71c0dc3bb55907b30cc738.jpg
train,gss1498_jpg.rf.5ecf53a25869593ed6dc12806ebf54bc,C:\Machine Learning\projet\projet-machine-learning\dataset\labels\train\gss1498_jpg.rf.5ecf53a25869593ed6dc12806ebf54bc.txt,C:\Machine Learning\projet\projet-machine-learning\dataset\images\train\gss1498_jpg.rf.5ecf53a25869593ed6dc12806ebf54bc.jpg
train,gss149_jpg.rf.b1772d2ff78e61bf4f6c5d7e4b24888f,C:\Machine Learning\projet\projet-machine-learning\dataset\labels\train\gss149_jpg.rf.b1772d2ff78e61bf4f6c5d7e4b24888f.txt,C:\Machine Learning\projet\projet-machine-learning\dataset\images\train\gss149_jpg.rf.b1772d2ff78e61bf4f6c5d7e4b24888f.jpg
train,gss1501_jpg.rf.4f21cda3ad15ba0be920f42cc2ace6b2,C:\Machine Learning\projet\projet-machine-learning\dataset\labels\train\gss1501_jpg.rf.4f21cda3ad15ba0be920f42cc2ace6b2.txt,C:\Machine Learning\projet\projet-machine-learning\dataset\images\train\gss1501_jpg.rf.4f21cda3ad15ba0be920f42cc2ace6b2.jpg
train,gss1502_jpg.rf.cbc2806367b2d517670e116997d1daa7,C:\Machine Learning\projet\projet-machine-learning\dataset\labels\train\gss1502_jpg.rf.cbc2806367b2d517670e116997d1daa7.txt,C:\Machine Learning\projet\projet-machine-learning\dataset\images\train\gss1502_jpg.rf.cbc2806367b2d517670e116997d1daa7.jpg
train,gss1503_jpg.rf.8188bb5b8f38f343fde5b7afa4aa045f,C:\Machine Learning\projet\projet-machine-learning\dataset\labels\train\gss1503_jpg.rf.8188bb5b8f38f343fde5b7afa4aa045f.txt,C:\Machine Learning\projet\projet-machine-learning\dataset\images\train\gss1503_jpg.rf.8188bb5b8f38f343fde5b7afa4aa045f.jpg
train,gss1505_jpg.rf.3c1a760d0cc72f3036a89302da8ecce5,C:\Machine Learning\projet\projet-machine-learning\dataset\labels\train\gss1505_jpg.rf.3c1a760d0cc72f3036a89302da8ecce5.txt,C:\Machine Learning\projet\projet-machine-learning\dataset\images\train\gss1505_jpg.rf.3c1a760d0cc72f3036a89302da8ecce5.jpg
train,gss1507_jpg.rf.1285051b73f35aec49fa7609edcd85b2,C:\Machine Learning\projet\projet-machine-learning\dataset\labels\train\gss1507_jpg.rf.1285051b73f35aec49fa7609edcd85b2.txt,C:\Machine Learning\projet\projet-machine-learning\dataset\images\train\gss1507_jpg.rf.1285051b73f35aec49fa7609edcd85b2.jpg
train,gss1509_jpg.rf.c92a8ce56ed8d36bc1c4fa5a2dc3f3ba,C:\Machine Learning\projet\projet-machine-learning\dataset\labels\train\gss1509_jpg.rf.c92a8ce56ed8d36bc1c4fa5a2dc3f3ba.txt,C:\Machine Learning\projet\projet-machine-learning\dataset\images\train\gss1509_jpg.rf.c92a8ce56ed8d36bc1c4fa5a2dc3f3ba.jpg
train,gss1510_jpg.rf.ec058f3687e66401619b0c5110282f5d,C:\Machine Learning\projet\projet-machine-learning\dataset\labels\train\gss1510_jpg.rf.ec058f3687e66401619b0c5110282f5d.txt,C:\Machine Learning\projet\projet-machine-learning\dataset\images\train\gss1510_jpg.rf.ec058f3687e66401619b0c5110282f5d.jpg
train,gss1511_jpg.rf.1eb8e2c1181000a8bb8b991f3c9b8aa7,C:\Machine Learning\projet\projet-machine-learning\dataset\labels\train\gss1511_jpg.rf.1eb8e2c1181000a8bb8b991f3c9b8aa7.txt,C:\Machine Learning\projet\projet-machine-learning\dataset\images\train\gss1511_jpg.rf.1eb8e2c1181000a8bb8b991f3c9b8aa7.jpg
train,gss1514_jpg.rf.2fcf446d56fc3f7f2b8f372048e15332,C:\Machine Learning\projet\projet-machine-learning\dataset\labels\train\gss1514_jpg.rf.2fcf446d56fc3f7f2b8f372048e15332.txt,C:\Machine Learning\projet\projet-machine-learning\dataset\images\train\gss1514_jpg.rf.2fcf446d56fc3f7f2b8f372048e15332.jpg
train,gss1515_jpg.rf.af536563e95a8191953c76e9186d4ee3,C:\Machine Learning\projet\projet-machine-learning\dataset\labels\train\gss1515_jpg.rf.af536563e95a8191953c76e9186d4ee3.txt,C:\Machine Learning\projet\projet-machine-learning\dataset\images\train\gss1515_jpg.rf.af536563e95a8191953c76e9186d4ee3.jpg
train,gss1517_jpg.rf.eda7d76a890b1a31dea47b61249035f0,C:\Machine Learning\projet\projet-machine-learning\dataset\labels\train\gss1517_jpg.rf.eda7d76a890b1a31dea47b61249035f0.txt,C:\Machine Learning\projet\projet-machine-learning\dataset\images\train\gss1517_jpg.rf.eda7d76a890b1a31dea47b61249035f0.jpg
train,gss1519_jpg.rf.b14de6274b818cc97c2c4c01c4e683e9,C:\Machine Learning\projet\projet-machine-learning\dataset\labels\train\gss1519_jpg.rf.b14de6274b818cc97c2c4c01c4e683e9.txt,C:\Machine Learning\projet\projet-machine-learning\dataset\images\train\gss1519_jpg.rf.b14de6274b818cc97c2c4c01c4e683e9.jpg
train,gss1521_jpg.rf.791fe5ada0989e6cf0c4b49ea705bb26,C:\Machine Learning\projet\projet-machine-learning\dataset\labels\train\gss1521_jpg.rf.791fe5ada0989e6cf0c4b49ea705bb26.txt,C:\Machine Learning\projet\projet-machine-learning\dataset\images\train\gss1521_jpg.rf.791fe5ada0989e6cf0c4b49ea705bb26.jpg
train,gss1522_jpg.rf.56cde021e2fa8d47ecaa2e80c336d32e,C:\Machine Learning\projet\projet-machine-learning\dataset\labels\train\gss1522_jpg.rf.56cde021e2fa8d47ecaa2e80c336d32e.txt,C:\Machine Learning\projet\projet-machine-learning\dataset\images\train\gss1522_jpg.rf.56cde021e2fa8d47ecaa2e80c336d32e.jpg
train,gss1523_jpg.rf.369725beed354829156bc471a0fdd100,C:\Machine Learning\projet\projet-machine-learning\dataset\labels\train\gss1523_jpg.rf.369725beed354829156bc471a0fdd100.txt,C:\Machine Learning\projet\projet-machine-learning\dataset\images\train\gss1523_jpg.rf.369725beed354829156bc471a0fdd100.jpg
train,gss1526_jpg.rf.c6f9e113e33bad34cd0343c45f6785b8,C:\Machine Learning\projet\projet-machine-learning\dataset\labels\train\gss1526_jpg.rf.c6f9e113e33bad34cd0343c45f6785b8.txt,C:\Machine Learning\projet\projet-machine-learning\dataset\images\train\gss1526_jpg.rf.c6f9e113e33bad34cd0343c45f6785b8.jpg
train,gss1527_jpg.rf.41249eaec1c83c19175d5f133c3b4efb,C:\Machine Learning\projet\projet-machine-learning\dataset\labels\train\gss1527_jpg.rf.41249eaec1c83c19175d5f133c3b4efb.txt,C:\Machine Learning\projet\projet-machine-learning\dataset\images\train\gss1527_jpg.rf.41249eaec1c83c19175d5f133c3b4efb.jpg
train,gss1528_jpg.rf.f334bdf1be5d6c903717b75c9526e074,C:\Machine Learning\projet\projet-machine-learning\dataset\labels\train\gss1528_jpg.rf.f334bdf1be5d6c903717b75c9526e074.txt,C:\Machine Learning\projet\projet-machine-learning\dataset\images\train\gss1528_jpg.rf.f334bdf1be5d6c903717b75c9526e074.jpg
train,gss1529_jpg.rf.7175f1c8adb192ee903babc92937eff7,C:\Machine Learning\projet\projet-machine-learning\dataset\labels\train\gss1529_jpg.rf.7175f1c8adb192ee903babc92937eff7.txt,C:\Machine Learning\projet\projet-machine-learning\dataset\images\train\gss1529_jpg.rf.7175f1c8adb192ee903babc92937eff7.jpg
train,gss1530_jpg.rf.603e85288bde61afaeb2c383f01e47f9,C:\Machine Learning\projet\projet-machine-learning\dataset\labels\train\gss1530_jpg.rf.603e85288bde61afaeb2c383f01e47f9.txt,C:\Machine Learning\projet\projet-machine-learning\dataset\images\train\gss1530_jpg.rf.603e85288bde61afaeb2c383f01e47f9.jpg
train,gss1532_jpg.rf.c6da0ec6a8fceab0a75fd3a4f44f0f66,C:\Machine Learning\projet\projet-machine-learning\dataset\labels\train\gss1532_jpg.rf.c6da0ec6a8fceab0a75fd3a4f44f0f66.txt,C:\Machine Learning\projet\projet-machine-learning\dataset\images\train\gss1532_jpg.rf.c6da0ec6a8fceab0a75fd3a4f44f0f66.jpg
train,gss1538_jpg.rf.b2624739b20ae010cd2630f81c781ac1,C:\Machine Learning\projet\projet-machine-learning\dataset\labels\train\gss1538_jpg.rf.b2624739b20ae010cd2630f81c781ac1.txt,C:\Machine Learning\projet\projet-machine-learning\dataset\images\train\gss1538_jpg.rf.b2624739b20ae010cd2630f81c781ac1.jpg
train,gss1539_jpg.rf.5b4c3f9884ae45d901a37d81fec2947c,C:\Machine Learning\projet\projet-machine-learning\dataset\labels\train\gss1539_jpg.rf.5b4c3f9884ae45d901a37d81fec2947c.txt,C:\Machine Learning\projet\projet-machine-learning\dataset\images\train\gss1539_jpg.rf.5b4c3f9884ae45d901a37d81fec2947c.jpg
train,gss1542_jpg.rf.4d1b0acf6a4f2d4af9dea01022341c07,C:\Machine Learning\projet\projet-machine-learning\dataset\labels\train\gss1542_jpg.rf.4d1b0acf6a4f2d4af9dea01022341c07.txt,C:\Machine Learning\projet\projet-machine-learning\dataset\images\train\gss1542_jpg.rf.4d1b0acf6a4f2d4af9dea01022341c07.jpg
train,gss1543_jpg.rf.6be80c8c0557d6bd180f613c1272efe4,C:\Machine Learning\projet\projet-machine-learning\dataset\labels\train\gss1543_jpg.rf.6be80c8c0557d6bd180f613c1272efe4.txt,C:\Machine Learning\projet\projet-machine-learning\dataset\images\train\gss1543_jpg.rf.6be80c8c0557d6bd180f613c1272efe4.jpg
train,gss1545_jpg.rf.1a26ce8773a3c2d9f7ef5d33fc4f1fda,C:\Machine Learning\projet\projet-machine-learning\dataset\labels\train\gss1545_jpg.rf.1a26ce8773a3c2d9f7ef5d33fc4f1fda.txt,C:\Machine Learning\projet\projet-machine-learning\dataset\images\train\gss1545_jpg.rf.1a26ce8773a3c2d9f7ef5d33fc4f1fda.jpg
train,gss1548_jpg.rf.3c38576c033af46dba4c5d761193573c,C:\Machine Learning\projet\projet-machine-learning\dataset\labels\train\gss1548_jpg.rf.3c38576c033af46dba4c5d761193573c.txt,C:\Machine Learning\projet\projet-machine-learning\dataset\images\train\gss1548_jpg.rf.3c38576c033af46dba4c5d761193573c.jpg
train,gss1550_jpg.rf.8893998c75dc11572adb15743a999910,C:\Machine Learning\projet\projet-machine-learning\dataset\labels\train\gss1550_jpg.rf.8893998c75dc11572adb15743a999910.txt,C:\Machine Learning\projet\projet-machine-learning\dataset\images\train\gss1550_jpg.rf.8893998c75dc11572adb15743a999910.jpg
train,gss1551_jpg.rf.579d8bf633d95a2c9e4180265fefcea3,C:\Machine Learning\projet\projet-machine-learning\dataset\labels\train\gss1551_jpg.rf.579d8bf633d95a2c9e4180265fefcea3.txt,C:\Machine Learning\projet\projet-machine-learning\dataset\images\train\gss1551_jpg.rf.579d8bf633d95a2c9e4180265fefcea3.jpg
train,gss1552_jpg.rf.3e3ca158d2f9814496d2435d6e6538aa,C:\Machine Learning\projet\projet-machine-learning\dataset\labels\train\gss1552_jpg.rf.3e3ca158d2f9814496d2435d6e6538aa.txt,C:\Machine Learning\projet\projet-machine-learning\dataset\images\train\gss1552_jpg.rf.3e3ca158d2f9814496d2435d6e6538aa.jpg
train,gss1554_jpg.rf.fe617107ed8e9e8456c975bebfc564d9,C:\Machine Learning\projet\projet-machine-learning\dataset\labels\train\gss1554_jpg.rf.fe617107ed8e9e8456c975bebfc564d9.txt,C:\Machine Learning\projet\projet-machine-learning\dataset\images\train\gss1554_jpg.rf.fe617107ed8e9e8456c975bebfc564d9.jpg
train,gss1556_jpg.rf.23a4a8238dfb1a36cceeb5b7c88b94a9,C:\Machine Learning\projet\projet-machine-learning\dataset\labels\train\gss1556_jpg.rf.23a4a8238dfb1a36cceeb5b7c88b94a9.txt,C:\Machine Learning\projet\projet-machine-learning\dataset\images\train\gss1556_jpg.rf.23a4a8238dfb1a36cceeb5b7c88b94a9.jpg
train,gss1557_jpg.rf.aa0bdec96f4dc5ce28d5e68ff832dbaa,C:\Machine Learning\projet\projet-machine-learning\dataset\labels\train\gss1557_jpg.rf.aa0bdec96f4dc5ce28d5e68ff832dbaa.txt,C:\Machine Learning\projet\projet-machine-learning\dataset\images\train\gss1557_jpg.rf.aa0bdec96f4dc5ce28d5e68ff832dbaa.jpg
train,gss1558_jpg.rf.fadda250076866768ca37497d90f67d5,C:\Machine Learning\projet\projet-machine-learning\dataset\labels\train\gss1558_jpg.rf.fadda250076866768ca37497d90f67d5.txt,C:\Machine Learning\projet\projet-machine-learning\dataset\images\train\gss1558_jpg.rf.fadda250076866768ca37497d90f67d5.jpg
train,gss1559_jpg.rf.d131d5bdb87ab53c86c3793eec177a08,C:\Machine Learning\projet\projet-machine-learning\dataset\labels\train\gss1559_jpg.rf.d131d5bdb87ab53c86c3793eec177a08.txt,C:\Machine Learning\projet\projet-machine-learning\dataset\images\train\gss1559_jpg.rf.d131d5bdb87ab53c86c3793eec177a08.jpg
train,gss155_jpg.rf.aaf98716d516ff1d878d433d06ccada4,C:\Machine Learning\projet\projet-machine-learning\dataset\labels\train\gss155_jpg.rf.aaf98716d516ff1d878d433d06ccada4.txt,C:\Machine Learning\projet\projet-machine-learning\dataset\images\train\gss155_jpg.rf.aaf98716d516ff1d878d433d06ccada4.jpg
train,gss1560_jpg.rf.bcfb2acabb14ad980de37a6d24291f04,C:\Machine Learning\projet\projet-machine-learning\dataset\labels\train\gss1560_jpg.rf.bcfb2acabb14ad980de37a6d24291f04.txt,C:\Machine Learning\projet\projet-machine-learning\dataset\images\train\gss1560_jpg.rf.bcfb2acabb14ad980de37a6d24291f04.jpg
train,gss1563_jpg.rf.59efd0b75ec43a01b8fa4bac28937e89,C:\Machine Learning\projet\projet-machine-learning\dataset\labels\train\gss1563_jpg.rf.59efd0b75ec43a01b8fa4bac28937e89.txt,C:\Machine Learning\projet\projet-machine-learning\dataset\images\train\gss1563_jpg.rf.59efd0b75ec43a01b8fa4bac28937e89.jpg
train,gss1564_jpg.rf.3a6c35dfeb3975863d45536616dcb491,C:\Machine Learning\projet\projet-machine-learning\dataset\labels\train\gss1564_jpg.rf.3a6c35dfeb3975863d45536616dcb491.txt,C:\Machine Learning\projet\projet-machine-learning\dataset\images\train\gss1564_jpg.rf.3a6c35dfeb3975863d45536616dcb491.jpg
train,gss1565_jpg.rf.5bd3ca889b10aa6b618cbe23d9b06f02,C:\Machine Learning\projet\projet-machine-learning\dataset\labels\train\gss1565_jpg.rf.5bd3ca889b10aa6b618cbe23d9b06f02.txt,C:\Machine Learning\projet\projet-machine-learning\dataset\images\train\gss1565_jpg.rf.5bd3ca889b10aa6b618cbe23d9b06f02.jpg
train,gss1566_jpg.rf.138f017cea4314d7116383d5f5473b46,C:\Machine Learning\projet\projet-machine-learning\dataset\labels\train\gss1566_jpg.rf.138f017cea4314d7116383d5f5473b46.txt,C:\Machine Learning\projet\projet-machine-learning\dataset\images\train\gss1566_jpg.rf.138f017cea4314d7116383d5f5473b46.jpg
train,gss1567_jpg.rf.407bf005567df904dfced00793eb17b3,C:\Machine Learning\projet\projet-machine-learning\dataset\labels\train\gss1567_jpg.rf.407bf005567df904dfced00793eb17b3.txt,C:\Machine Learning\projet\projet-machine-learning\dataset\images\train\gss1567_jpg.rf.407bf005567df904dfced00793eb17b3.jpg
train,gss1568_jpg.rf.db57ad18fce07e84cc65910ae29fe816,C:\Machine Learning\projet\projet-machine-learning\dataset\labels\train\gss1568_jpg.rf.db57ad18fce07e84cc65910ae29fe816.txt,C:\Machine Learning\projet\projet-machine-learning\dataset\images\train\gss1568_jpg.rf.db57ad18fce07e84cc65910ae29fe816.jpg
train,gss1569_jpg.rf.08ad1df7efcab5e321a77c816e8f5e21,C:\Machine Learning\projet\projet-machine-learning\dataset\labels\train\gss1569_jpg.rf.08ad1df7efcab5e321a77c816e8f5e21.txt,C:\Machine Learning\projet\projet-machine-learning\dataset\images\train\gss1569_jpg.rf.08ad1df7efcab5e321a77c816e8f5e21.jpg
train,gss156_jpg.rf.eaf14b1e1ddbb51298801bdb1eae6f49,C:\Machine Learning\projet\projet-machine-learning\dataset\labels\train\gss156_jpg.rf.eaf14b1e1ddbb51298801bdb1eae6f49.txt,C:\Machine Learning\projet\projet-machine-learning\dataset\images\train\gss156_jpg.rf.eaf14b1e1ddbb51298801bdb1eae6f49.jpg
train,gss1572_jpg.rf.a9e91c8e27db11ae2e32bd8f5a981d33,C:\Machine Learning\projet\projet-machine-learning\dataset\labels\train\gss1572_jpg.rf.a9e91c8e27db11ae2e32bd8f5a981d33.txt,C:\Machine Learning\projet\projet-machine-learning\dataset\images\train\gss1572_jpg.rf.a9e91c8e27db11ae2e32bd8f5a981d33.jpg
train,gss1573_jpg.rf.fdde8593fca47f43bd708bfd3b804906,C:\Machine Learning\projet\projet-machine-learning\dataset\labels\train\gss1573_jpg.rf.fdde8593fca47f43bd708bfd3b804906.txt,C:\Machine Learning\projet\projet-machine-learning\dataset\images\train\gss1573_jpg.rf.fdde8593fca47f43bd708bfd3b804906.jpg
train,gss1574_jpg.rf.d60e074ae39c3d6f997ed5cbc512cb07,C:\Machine Learning\projet\projet-machine-learning\dataset\labels\train\gss1574_jpg.rf.d60e074ae39c3d6f997ed5cbc512cb07.txt,C:\Machine Learning\projet\projet-machine-learning\dataset\images\train\gss1574_jpg.rf.d60e074ae39c3d6f997ed5cbc512cb07.jpg
train,gss1575_jpg.rf.4269c4d4b14eb54b719b7ce087947de9,C:\Machine Learning\projet\projet-machine-learning\dataset\labels\train\gss1575_jpg.rf.4269c4d4b14eb54b719b7ce087947de9.txt,C:\Machine Learning\projet\projet-machine-learning\dataset\images\train\gss1575_jpg.rf.4269c4d4b14eb54b719b7ce087947de9.jpg
train,gss1576_jpg.rf.8fce498a17dfdb30c847e8cb146222f2,C:\Machine Learning\projet\projet-machine-learning\dataset\labels\train\gss1576_jpg.rf.8fce498a17dfdb30c847e8cb146222f2.txt,C:\Machine Learning\projet\projet-machine-learning\dataset\images\train\gss1576_jpg.rf.8fce498a17dfdb30c847e8cb146222f2.jpg
train,gss1577_jpg.rf.071a263b2a6282794aa0c56f126d19bc,C:\Machine Learning\projet\projet-machine-learning\dataset\labels\train\gss1577_jpg.rf.071a263b2a6282794aa0c56f126d19bc.txt,C:\Machine Learning\projet\projet-machine-learning\dataset\images\train\gss1577_jpg.rf.071a263b2a6282794aa0c56f126d19bc.jpg
train,gss1579_jpg.rf.124293760161e3a7cce57ad4997dbbe9,C:\Machine Learning\projet\projet-machine-learning\dataset\labels\train\gss1579_jpg.rf.124293760161e3a7cce57ad4997dbbe9.txt,C:\Machine Learning\projet\projet-machine-learning\dataset\images\train\gss1579_jpg.rf.124293760161e3a7cce57ad4997dbbe9.jpg
train,gss157_jpg.rf.74f2e76b0da46a8956682c7564f2dd87,C:\Machine Learning\projet\projet-machine-learning\dataset\labels\train\gss157_jpg.rf.74f2e76b0da46a8956682c7564f2dd87.txt,C:\Machine Learning\projet\projet-machine-learning\dataset\images\train\gss157_jpg.rf.74f2e76b0da46a8956682c7564f2dd87.jpg
train,gss1580_jpg.rf.eaa61412a1608ab138bb1cd5c7050e7b,C:\Machine Learning\projet\projet-machine-learning\dataset\labels\train\gss1580_jpg.rf.eaa61412a1608ab138bb1cd5c7050e7b.txt,C:\Machine Learning\projet\projet-machine-learning\dataset\images\train\gss1580_jpg.rf.eaa61412a1608ab138bb1cd5c7050e7b.jpg
train,gss1581_jpg.rf.127271a2619e8dfa397978121b9d3e51,C:\Machine Learning\projet\projet-machine-learning\dataset\labels\train\gss1581_jpg.rf.127271a2619e8dfa397978121b9d3e51.txt,C:\Machine Learning\projet\projet-machine-learning\dataset\images\train\gss1581_jpg.rf.127271a2619e8dfa397978121b9d3e51.jpg
train,gss1582_jpg.rf.5f253f15d352911afbac75e3543ca60b,C:\Machine Learning\projet\projet-machine-learning\dataset\labels\train\gss1582_jpg.rf.5f253f15d352911afbac75e3543ca60b.txt,C:\Machine Learning\projet\projet-machine-learning\dataset\images\train\gss1582_jpg.rf.5f253f15d352911afbac75e3543ca60b.jpg
train,gss1583_jpg.rf.b3e3a683c023dc75f6e6254811070329,C:\Machine Learning\projet\projet-machine-learning\dataset\labels\train\gss1583_jpg.rf.b3e3a683c023dc75f6e6254811070329.txt,C:\Machine Learning\projet\projet-machine-learning\dataset\images\train\gss1583_jpg.rf.b3e3a683c023dc75f6e6254811070329.jpg
train,gss1585_jpg.rf.ac3a6de0c13d8b464bd0f2699e86b91f,C:\Machine Learning\projet\projet-machine-learning\dataset\labels\train\gss1585_jpg.rf.ac3a6de0c13d8b464bd0f2699e86b91f.txt,C:\Machine Learning\projet\projet-machine-learning\dataset\images\train\gss1585_jpg.rf.ac3a6de0c13d8b464bd0f2699e86b91f.jpg
train,gss1586_jpg.rf.0a06f52929ede098c9c488dbeec275f7,C:\Machine Learning\projet\projet-machine-learning\dataset\labels\train\gss1586_jpg.rf.0a06f52929ede098c9c488dbeec275f7.txt,C:\Machine Learning\projet\projet-machine-learning\dataset\images\train\gss1586_jpg.rf.0a06f52929ede098c9c488dbeec275f7.jpg
train,gss1588_jpg.rf.0b37e31628b2a866684bda3b416bd1b8,C:\Machine Learning\projet\projet-machine-learning\dataset\labels\train\gss1588_jpg.rf.0b37e31628b2a866684bda3b416bd1b8.txt,C:\Machine Learning\projet\projet-machine-learning\dataset\images\train\gss1588_jpg.rf.0b37e31628b2a866684bda3b416bd1b8.jpg
train,gss1589_jpg.rf.5e127b7f6a91a0ac215d1ba6a3ef6962,C:\Machine Learning\projet\projet-machine-learning\dataset\labels\train\gss1589_jpg.rf.5e127b7f6a91a0ac215d1ba6a3ef6962.txt,C:\Machine Learning\projet\projet-machine-learning\dataset\images\train\gss1589_jpg.rf.5e127b7f6a91a0ac215d1ba6a3ef6962.jpg
train,gss158_jpg.rf.051fe8471fa09a9c7815d9c920667b6d,C:\Machine Learning\projet\projet-machine-learning\dataset\labels\train\gss158_jpg.rf.051fe8471fa09a9c7815d9c920667b6d.txt,C:\Machine Learning\projet\projet-machine-learning\dataset\images\train\gss158_jpg.rf.051fe8471fa09a9c7815d9c920667b6d.jpg
train,gss1590_jpg.rf.693fc1d30de4637c5e1cbe7cd1f9ec9b,C:\Machine Learning\projet\projet-machine-learning\dataset\labels\train\gss1590_jpg.rf.693fc1d30de4637c5e1cbe7cd1f9ec9b.txt,C:\Machine Learning\projet\projet-machine-learning\dataset\images\train\gss1590_jpg.rf.693fc1d30de4637c5e1cbe7cd1f9ec9b.jpg
train,gss1591_jpg.rf.1e79e95ef1ed6d94ceb558bcd9ffa97d,C:\Machine Learning\projet\projet-machine-learning\dataset\labels\train\gss1591_jpg.rf.1e79e95ef1ed6d94ceb558bcd9ffa97d.txt,C:\Machine Learning\projet\projet-machine-learning\dataset\images\train\gss1591_jpg.rf.1e79e95ef1ed6d94ceb558bcd9ffa97d.jpg
train,gss1592_jpg.rf.e053e2c64360866114ece8bdb766667a,C:\Machine Learning\projet\projet-machine-learning\dataset\labels\train\gss1592_jpg.rf.e053e2c64360866114ece8bdb766667a.txt,C:\Machine Learning\projet\projet-machine-learning\dataset\images\train\gss1592_jpg.rf.e053e2c64360866114ece8bdb766667a.jpg
train,gss1593_jpg.rf.e3f9e60786217a08aeaced8a1e0d6fb4,C:\Machine Learning\projet\projet-machine-learning\dataset\labels\train\gss1593_jpg.rf.e3f9e60786217a08aeaced8a1e0d6fb4.txt,C:\Machine Learning\projet\projet-machine-learning\dataset\images\train\gss1593_jpg.rf.e3f9e60786217a08aeaced8a1e0d6fb4.jpg
train,gss1595_jpg.rf.7b27a05e86b8ca759c243cdee3d77cb4,C:\Machine Learning\projet\projet-machine-learning\dataset\labels\train\gss1595_jpg.rf.7b27a05e86b8ca759c243cdee3d77cb4.txt,C:\Machine Learning\projet\projet-machine-learning\dataset\images\train\gss1595_jpg.rf.7b27a05e86b8ca759c243cdee3d77cb4.jpg
train,gss1597_jpg.rf.9b5b9a90dfc4d0056d567f4bbee2e87f,C:\Machine Learning\projet\projet-machine-learning\dataset\labels\train\gss1597_jpg.rf.9b5b9a90dfc4d0056d567f4bbee2e87f.txt,C:\Machine Learning\projet\projet-machine-learning\dataset\images\train\gss1597_jpg.rf.9b5b9a90dfc4d0056d567f4bbee2e87f.jpg
train,gss159_jpg.rf.c26e59656a2899fddc7914c7edaab853,C:\Machine Learning\projet\projet-machine-learning\dataset\labels\train\gss159_jpg.rf.c26e59656a2899fddc7914c7edaab853.txt,C:\Machine Learning\projet\projet-machine-learning\dataset\images\train\gss159_jpg.rf.c26e59656a2899fddc7914c7edaab853.jpg
train,gss1600_jpg.rf.382678172bece5f0d58faa926b6a7b3e,C:\Machine Learning\projet\projet-machine-learning\dataset\labels\train\gss1600_jpg.rf.382678172bece5f0d58faa926b6a7b3e.txt,C:\Machine Learning\projet\projet-machine-learning\dataset\images\train\gss1600_jpg.rf.382678172bece5f0d58faa926b6a7b3e.jpg
train,gss1601_jpg.rf.8a05ba79cf1328e7eb66d02e8f3c5265,C:\Machine Learning\projet\projet-machine-learning\dataset\labels\train\gss1601_jpg.rf.8a05ba79cf1328e7eb66d02e8f3c5265.txt,C:\Machine Learning\projet\projet-machine-learning\dataset\images\train\gss1601_jpg.rf.8a05ba79cf1328e7eb66d02e8f3c5265.jpg
train,gss1602_jpg.rf.50d6b47a33a9b339817db59729d413f9,C:\Machine Learning\projet\projet-machine-learning\dataset\labels\train\gss1602_jpg.rf.50d6b47a33a9b339817db59729d413f9.txt,C:\Machine Learning\projet\projet-machine-learning\dataset\images\train\gss1602_jpg.rf.50d6b47a33a9b339817db59729d413f9.jpg
train,gss1603_jpg.rf.b2c5ef0cb68c88068d97b57f1550e00d,C:\Machine Learning\projet\projet-machine-learning\dataset\labels\train\gss1603_jpg.rf.b2c5ef0cb68c88068d97b57f1550e00d.txt,C:\Machine Learning\projet\projet-machine-learning\dataset\images\train\gss1603_jpg.rf.b2c5ef0cb68c88068d97b57f1550e00d.jpg
train,gss1605_jpg.rf.0123056763f9cb6512adc2e0e6ea1961,C:\Machine Learning\projet\projet-machine-learning\dataset\labels\train\gss1605_jpg.rf.0123056763f9cb6512adc2e0e6ea1961.txt,C:\Machine Learning\projet\projet-machine-learning\dataset\images\train\gss1605_jpg.rf.0123056763f9cb6512adc2e0e6ea1961.jpg
train,gss1606_jpg.rf.f80e2a9f8e70c6be3ceaa8b9e85f2a38,C:\Machine Learning\projet\projet-machine-learning\dataset\labels\train\gss1606_jpg.rf.f80e2a9f8e70c6be3ceaa8b9e85f2a38.txt,C:\Machine Learning\projet\projet-machine-learning\dataset\images\train\gss1606_jpg.rf.f80e2a9f8e70c6be3ceaa8b9e85f2a38.jpg
train,gss1607_jpg.rf.3cc9a904f1f8d0ead03ed3516e279fea,C:\Machine Learning\projet\projet-machine-learning\dataset\labels\train\gss1607_jpg.rf.3cc9a904f1f8d0ead03ed3516e279fea.txt,C:\Machine Learning\projet\projet-machine-learning\dataset\images\train\gss1607_jpg.rf.3cc9a904f1f8d0ead03ed3516e279fea.jpg
train,gss1609_jpg.rf.114409a2b2acf5cf98240a4e42377dbe,C:\Machine Learning\projet\projet-machine-learning\dataset\labels\train\gss1609_jpg.rf.114409a2b2acf5cf98240a4e42377dbe.txt,C:\Machine Learning\projet\projet-machine-learning\dataset\images\train\gss1609_jpg.rf.114409a2b2acf5cf98240a4e42377dbe.jpg
train,gss160_jpg.rf.83e72e16a0dfea1ec61dceb16e870b3d,C:\Machine Learning\projet\projet-machine-learning\dataset\labels\train\gss160_jpg.rf.83e72e16a0dfea1ec61dceb16e870b3d.txt,C:\Machine Learning\projet\projet-machine-learning\dataset\images\train\gss160_jpg.rf.83e72e16a0dfea1ec61dceb16e870b3d.jpg
train,gss1611_jpg.rf.692cd5a858cf35587f60ffbddc261d19,C:\Machine Learning\projet\projet-machine-learning\dataset\labels\train\gss1611_jpg.rf.692cd5a858cf35587f60ffbddc261d19.txt,C:\Machine Learning\projet\projet-machine-learning\dataset\images\train\gss1611_jpg.rf.692cd5a858cf35587f60ffbddc261d19.jpg
train,gss1612_jpg.rf.c5142ebebb0157143b0d30bb087355be,C:\Machine Learning\projet\projet-machine-learning\dataset\labels\train\gss1612_jpg.rf.c5142ebebb0157143b0d30bb087355be.txt,C:\Machine Learning\projet\projet-machine-learning\dataset\images\train\gss1612_jpg.rf.c5142ebebb0157143b0d30bb087355be.jpg
train,gss1613_jpg.rf.e73c57a8ea9d29b1002848441cef33fa,C:\Machine Learning\projet\projet-machine-learning\dataset\labels\train\gss1613_jpg.rf.e73c57a8ea9d29b1002848441cef33fa.txt,C:\Machine Learning\projet\projet-machine-learning\dataset\images\train\gss1613_jpg.rf.e73c57a8ea9d29b1002848441cef33fa.jpg
train,gss1614_jpg.rf.9a1819c82f2bd28d2905ea0765621fcd,C:\Machine Learning\projet\projet-machine-learning\dataset\labels\train\gss1614_jpg.rf.9a1819c82f2bd28d2905ea0765621fcd.txt,C:\Machine Learning\projet\projet-machine-learning\dataset\images\train\gss1614_jpg.rf.9a1819c82f2bd28d2905ea0765621fcd.jpg
train,gss1615_jpg.rf.b4eeec966794ae1994a8f7a86695a89c,C:\Machine Learning\projet\projet-machine-learning\dataset\labels\train\gss1615_jpg.rf.b4eeec966794ae1994a8f7a86695a89c.txt,C:\Machine Learning\projet\projet-machine-learning\dataset\images\train\gss1615_jpg.rf.b4eeec966794ae1994a8f7a86695a89c.jpg
train,gss1616_jpg.rf.008a994ea2df0e77dc1ab137e47c56c4,C:\Machine Learning\projet\projet-machine-learning\dataset\labels\train\gss1616_jpg.rf.008a994ea2df0e77dc1ab137e47c56c4.txt,C:\Machine Learning\projet\projet-machine-learning\dataset\images\train\gss1616_jpg.rf.008a994ea2df0e77dc1ab137e47c56c4.jpg
train,gss1617_jpg.rf.910f73cecb474a6c4a8fc7f7b2e39801,C:\Machine Learning\projet\projet-machine-learning\dataset\labels\train\gss1617_jpg.rf.910f73cecb474a6c4a8fc7f7b2e39801.txt,C:\Machine Learning\projet\projet-machine-learning\dataset\images\train\gss1617_jpg.rf.910f73cecb474a6c4a8fc7f7b2e39801.jpg
train,gss1618_jpg.rf.b657d70a1990b281ae4bd310e86f9a53,C:\Machine Learning\projet\projet-machine-learning\dataset\labels\train\gss1618_jpg.rf.b657d70a1990b281ae4bd310e86f9a53.txt,C:\Machine Learning\projet\projet-machine-learning\dataset\images\train\gss1618_jpg.rf.b657d70a1990b281ae4bd310e86f9a53.jpg
train,gss1619_jpg.rf.c350ad682374fb7645e70b9265620485,C:\Machine Learning\projet\projet-machine-learning\dataset\labels\train\gss1619_jpg.rf.c350ad682374fb7645e70b9265620485.txt,C:\Machine Learning\projet\projet-machine-learning\dataset\images\train\gss1619_jpg.rf.c350ad682374fb7645e70b9265620485.jpg
train,gss1621_jpg.rf.c274d3d4ea539ae6176ed915d881c5c1,C:\Machine Learning\projet\projet-machine-learning\dataset\labels\train\gss1621_jpg.rf.c274d3d4ea539ae6176ed915d881c5c1.txt,C:\Machine Learning\projet\projet-machine-learning\dataset\images\train\gss1621_jpg.rf.c274d3d4ea539ae6176ed915d881c5c1.jpg
train,gss1622_jpg.rf.7df7c8a27c76b672e7722bac70c85f97,C:\Machine Learning\projet\projet-machine-learning\dataset\labels\train\gss1622_jpg.rf.7df7c8a27c76b672e7722bac70c85f97.txt,C:\Machine Learning\projet\projet-machine-learning\dataset\images\train\gss1622_jpg.rf.7df7c8a27c76b672e7722bac70c85f97.jpg
train,gss1623_jpg.rf.8cbe468c50ab564c1c4e8526bd046358,C:\Machine Learning\projet\projet-machine-learning\dataset\labels\train\gss1623_jpg.rf.8cbe468c50ab564c1c4e8526bd046358.txt,C:\Machine Learning\projet\projet-machine-learning\dataset\images\train\gss1623_jpg.rf.8cbe468c50ab564c1c4e8526bd046358.jpg
train,gss1624_jpg.rf.6873d8f54266d65f14471c222fa6e885,C:\Machine Learning\projet\projet-machine-learning\dataset\labels\train\gss1624_jpg.rf.6873d8f54266d65f14471c222fa6e885.txt,C:\Machine Learning\projet\projet-machine-learning\dataset\images\train\gss1624_jpg.rf.6873d8f54266d65f14471c222fa6e885.jpg
train,gss1625_jpg.rf.60e267d0326dad8bfcff5557a4e3434e,C:\Machine Learning\projet\projet-machine-learning\dataset\labels\train\gss1625_jpg.rf.60e267d0326dad8bfcff5557a4e3434e.txt,C:\Machine Learning\projet\projet-machine-learning\dataset\images\train\gss1625_jpg.rf.60e267d0326dad8bfcff5557a4e3434e.jpg
train,gss1626_jpg.rf.dd7f9bc5d1b52747e34683a108bd3925,C:\Machine Learning\projet\projet-machine-learning\dataset\labels\train\gss1626_jpg.rf.dd7f9bc5d1b52747e34683a108bd3925.txt,C:\Machine Learning\projet\projet-machine-learning\dataset\images\train\gss1626_jpg.rf.dd7f9bc5d1b52747e34683a108bd3925.jpg
train,gss1627_jpg.rf.73cbbc4b233ffae6132ed0c1fd8532f7,C:\Machine Learning\projet\projet-machine-learning\dataset\labels\train\gss1627_jpg.rf.73cbbc4b233ffae6132ed0c1fd8532f7.txt,C:\Machine Learning\projet\projet-machine-learning\dataset\images\train\gss1627_jpg.rf.73cbbc4b233ffae6132ed0c1fd8532f7.jpg
train,gss1628_jpg.rf.77d9978b1a005276fd7f222b8ff35b0c,C:\Machine Learning\projet\projet-machine-learning\dataset\labels\train\gss1628_jpg.rf.77d9978b1a005276fd7f222b8ff35b0c.txt,C:\Machine Learning\projet\projet-machine-learning\dataset\images\train\gss1628_jpg.rf.77d9978b1a005276fd7f222b8ff35b0c.jpg
train,gss1629_jpg.rf.f404f5ef59c7edbe0f7061b100657155,C:\Machine Learning\projet\projet-machine-learning\dataset\labels\train\gss1629_jpg.rf.f404f5ef59c7edbe0f7061b100657155.txt,C:\Machine Learning\projet\projet-machine-learning\dataset\images\train\gss1629_jpg.rf.f404f5ef59c7edbe0f7061b100657155.jpg
train,gss1630_jpg.rf.3ea4f253fe7c03ff01d1878c14797f82,C:\Machine Learning\projet\projet-machine-learning\dataset\labels\train\gss1630_jpg.rf.3ea4f253fe7c03ff01d1878c14797f82.txt,C:\Machine Learning\projet\projet-machine-learning\dataset\images\train\gss1630_jpg.rf.3ea4f253fe7c03ff01d1878c14797f82.jpg
train,gss1631_jpg.rf.5c742dd23cfc75fa54d910f5e3e5551f,C:\Machine Learning\projet\projet-machine-learning\dataset\labels\train\gss1631_jpg.rf.5c742dd23cfc75fa54d910f5e3e5551f.txt,C:\Machine Learning\projet\projet-machine-learning\dataset\images\train\gss1631_jpg.rf.5c742dd23cfc75fa54d910f5e3e5551f.jpg
train,gss1632_jpg.rf.a09e7684ff1bd39accfe4776550ebe07,C:\Machine Learning\projet\projet-machine-learning\dataset\labels\train\gss1632_jpg.rf.a09e7684ff1bd39accfe4776550ebe07.txt,C:\Machine Learning\projet\projet-machine-learning\dataset\images\train\gss1632_jpg.rf.a09e7684ff1bd39accfe4776550ebe07.jpg
train,gss1633_jpg.rf.5697a37a9eac6c972727354b17be32b9,C:\Machine Learning\projet\projet-machine-learning\dataset\labels\train\gss1633_jpg.rf.5697a37a9eac6c972727354b17be32b9.txt,C:\Machine Learning\projet\projet-machine-learning\dataset\images\train\gss1633_jpg.rf.5697a37a9eac6c972727354b17be32b9.jpg
train,gss1634_jpg.rf.6637b3a690df1443aa0993169ccfe524,C:\Machine Learning\projet\projet-machine-learning\dataset\labels\train\gss1634_jpg.rf.6637b3a690df1443aa0993169ccfe524.txt,C:\Machine Learning\projet\projet-machine-learning\dataset\images\train\gss1634_jpg.rf.6637b3a690df1443aa0993169ccfe524.jpg
train,gss1635_jpg.rf.76c6b7f007ba53c1af7d3d8e87f792d7,C:\Machine Learning\projet\projet-machine-learning\dataset\labels\train\gss1635_jpg.rf.76c6b7f007ba53c1af7d3d8e87f792d7.txt,C:\Machine Learning\projet\projet-machine-learning\dataset\images\train\gss1635_jpg.rf.76c6b7f007ba53c1af7d3d8e87f792d7.jpg
train,gss1636_jpg.rf.fc3176c5359b91eeb2aa5194784a527f,C:\Machine Learning\projet\projet-machine-learning\dataset\labels\train\gss1636_jpg.rf.fc3176c5359b91eeb2aa5194784a527f.txt,C:\Machine Learning\projet\projet-machine-learning\dataset\images\train\gss1636_jpg.rf.fc3176c5359b91eeb2aa5194784a527f.jpg
train,gss1637_jpg.rf.6476acdc6f3a0a2dac9b689f5e2f6b8a,C:\Machine Learning\projet\projet-machine-learning\dataset\labels\train\gss1637_jpg.rf.6476acdc6f3a0a2dac9b689f5e2f6b8a.txt,C:\Machine Learning\projet\projet-machine-learning\dataset\images\train\gss1637_jpg.rf.6476acdc6f3a0a2dac9b689f5e2f6b8a.jpg
train,gss1638_jpg.rf.9b7b3c24da558b6ebe81a61f659368a9,C:\Machine Learning\projet\projet-machine-learning\dataset\labels\train\gss1638_jpg.rf.9b7b3c24da558b6ebe81a61f659368a9.txt,C:\Machine Learning\projet\projet-machine-learning\dataset\images\train\gss1638_jpg.rf.9b7b3c24da558b6ebe81a61f659368a9.jpg
train,gss1639_jpg.rf.bbab36d392a53409f201781f910112e3,C:\Machine Learning\projet\projet-machine-learning\dataset\labels\train\gss1639_jpg.rf.bbab36d392a53409f201781f910112e3.txt,C:\Machine Learning\projet\projet-machine-learning\dataset\images\train\gss1639_jpg.rf.bbab36d392a53409f201781f910112e3.jpg
train,gss1641_jpg.rf.35708c7c85ab800a167353860df8e0e6,C:\Machine Learning\projet\projet-machine-learning\dataset\labels\train\gss1641_jpg.rf.35708c7c85ab800a167353860df8e0e6.txt,C:\Machine Learning\projet\projet-machine-learning\dataset\images\train\gss1641_jpg.rf.35708c7c85ab800a167353860df8e0e6.jpg
train,gss1642_jpg.rf.c335240f86748f4073db079ff66595d7,C:\Machine Learning\projet\projet-machine-learning\dataset\labels\train\gss1642_jpg.rf.c335240f86748f4073db079ff66595d7.txt,C:\Machine Learning\projet\projet-machine-learning\dataset\images\train\gss1642_jpg.rf.c335240f86748f4073db079ff66595d7.jpg
train,gss1643_jpg.rf.e77597a89c3dfb09f4f906c3705f9e2e,C:\Machine Learning\projet\projet-machine-learning\dataset\labels\train\gss1643_jpg.rf.e77597a89c3dfb09f4f906c3705f9e2e.txt,C:\Machine Learning\projet\projet-machine-learning\dataset\images\train\gss1643_jpg.rf.e77597a89c3dfb09f4f906c3705f9e2e.jpg
train,gss1645_jpg.rf.8b4ee61fbda23e8749bbc0d407bdd28d,C:\Machine Learning\projet\projet-machine-learning\dataset\labels\train\gss1645_jpg.rf.8b4ee61fbda23e8749bbc0d407bdd28d.txt,C:\Machine Learning\projet\projet-machine-learning\dataset\images\train\gss1645_jpg.rf.8b4ee61fbda23e8749bbc0d407bdd28d.jpg
train,gss1646_jpg.rf.4a7da0b9a3422da970b706043c9b604b,C:\Machine Learning\projet\projet-machine-learning\dataset\labels\train\gss1646_jpg.rf.4a7da0b9a3422da970b706043c9b604b.txt,C:\Machine Learning\projet\projet-machine-learning\dataset\images\train\gss1646_jpg.rf.4a7da0b9a3422da970b706043c9b604b.jpg
train,gss1648_jpg.rf.806158f480ad2020f24b326aafcece96,C:\Machine Learning\projet\projet-machine-learning\dataset\labels\train\gss1648_jpg.rf.806158f480ad2020f24b326aafcece96.txt,C:\Machine Learning\projet\projet-machine-learning\dataset\images\train\gss1648_jpg.rf.806158f480ad2020f24b326aafcece96.jpg
train,gss1649_jpg.rf.c72d369650424262a1563d31d60d3eaf,C:\Machine Learning\projet\projet-machine-learning\dataset\labels\train\gss1649_jpg.rf.c72d369650424262a1563d31d60d3eaf.txt,C:\Machine Learning\projet\projet-machine-learning\dataset\images\train\gss1649_jpg.rf.c72d369650424262a1563d31d60d3eaf.jpg
train,gss1652_jpg.rf.b4e0492abf4a06c53ca4774b8c86716a,C:\Machine Learning\projet\projet-machine-learning\dataset\labels\train\gss1652_jpg.rf.b4e0492abf4a06c53ca4774b8c86716a.txt,C:\Machine Learning\projet\projet-machine-learning\dataset\images\train\gss1652_jpg.rf.b4e0492abf4a06c53ca4774b8c86716a.jpg
train,gss1654_jpg.rf.35ffa060809f4bbbfd91a50365c31e84,C:\Machine Learning\projet\projet-machine-learning\dataset\labels\train\gss1654_jpg.rf.35ffa060809f4bbbfd91a50365c31e84.txt,C:\Machine Learning\projet\projet-machine-learning\dataset\images\train\gss1654_jpg.rf.35ffa060809f4bbbfd91a50365c31e84.jpg
train,gss1656_jpg.rf.f448a1795f68c7fb422b8346a805ead6,C:\Machine Learning\projet\projet-machine-learning\dataset\labels\train\gss1656_jpg.rf.f448a1795f68c7fb422b8346a805ead6.txt,C:\Machine Learning\projet\projet-machine-learning\dataset\images\train\gss1656_jpg.rf.f448a1795f68c7fb422b8346a805ead6.jpg
train,gss1657_jpg.rf.d0d9b6884c01985a07c548726c8cc2a9,C:\Machine Learning\projet\projet-machine-learning\dataset\labels\train\gss1657_jpg.rf.d0d9b6884c01985a07c548726c8cc2a9.txt,C:\Machine Learning\projet\projet-machine-learning\dataset\images\train\gss1657_jpg.rf.d0d9b6884c01985a07c548726c8cc2a9.jpg
train,gss1658_jpg.rf.25fbdf8b80408c12fba6c2aa570c5bdb,C:\Machine Learning\projet\projet-machine-learning\dataset\labels\train\gss1658_jpg.rf.25fbdf8b80408c12fba6c2aa570c5bdb.txt,C:\Machine Learning\projet\projet-machine-learning\dataset\images\train\gss1658_jpg.rf.25fbdf8b80408c12fba6c2aa570c5bdb.jpg
train,gss1659_jpg.rf.74838278dd8a6f9817ed7c5f2c69cc9c,C:\Machine Learning\projet\projet-machine-learning\dataset\labels\train\gss1659_jpg.rf.74838278dd8a6f9817ed7c5f2c69cc9c.txt,C:\Machine Learning\projet\projet-machine-learning\dataset\images\train\gss1659_jpg.rf.74838278dd8a6f9817ed7c5f2c69cc9c.jpg
train,gss1660_jpg.rf.0b19b54eb60b7470a024b55293df9a34,C:\Machine Learning\projet\projet-machine-learning\dataset\labels\train\gss1660_jpg.rf.0b19b54eb60b7470a024b55293df9a34.txt,C:\Machine Learning\projet\projet-machine-learning\dataset\images\train\gss1660_jpg.rf.0b19b54eb60b7470a024b55293df9a34.jpg
train,gss1661_jpg.rf.8bd5e5eccf845d07ad34282e0e994091,C:\Machine Learning\projet\projet-machine-learning\dataset\labels\train\gss1661_jpg.rf.8bd5e5eccf845d07ad34282e0e994091.txt,C:\Machine Learning\projet\projet-machine-learning\dataset\images\train\gss1661_jpg.rf.8bd5e5eccf845d07ad34282e0e994091.jpg
train,gss1662_jpg.rf.7f1b4d5ae49997265e959337ca80254b,C:\Machine Learning\projet\projet-machine-learning\dataset\labels\train\gss1662_jpg.rf.7f1b4d5ae49997265e959337ca80254b.txt,C:\Machine Learning\projet\projet-machine-learning\dataset\images\train\gss1662_jpg.rf.7f1b4d5ae49997265e959337ca80254b.jpg
train,gss1663_jpg.rf.cc81ae3dc9a536a96f689eaa71a91220,C:\Machine Learning\projet\projet-machine-learning\dataset\labels\train\gss1663_jpg.rf.cc81ae3dc9a536a96f689eaa71a91220.txt,C:\Machine Learning\projet\projet-machine-learning\dataset\images\train\gss1663_jpg.rf.cc81ae3dc9a536a96f689eaa71a91220.jpg
train,gss1664_jpg.rf.34d51d1643372f7fed047d0fd01f875b,C:\Machine Learning\projet\projet-machine-learning\dataset\labels\train\gss1664_jpg.rf.34d51d1643372f7fed047d0fd01f875b.txt,C:\Machine Learning\projet\projet-machine-learning\dataset\images\train\gss1664_jpg.rf.34d51d1643372f7fed047d0fd01f875b.jpg
train,gss1665_jpg.rf.0b2c39939c23579aed677559f285afb5,C:\Machine Learning\projet\projet-machine-learning\dataset\labels\train\gss1665_jpg.rf.0b2c39939c23579aed677559f285afb5.txt,C:\Machine Learning\projet\projet-machine-learning\dataset\images\train\gss1665_jpg.rf.0b2c39939c23579aed677559f285afb5.jpg
train,gss1666_jpg.rf.6df9f843950d888cb343b6d4ab64d48b,C:\Machine Learning\projet\projet-machine-learning\dataset\labels\train\gss1666_jpg.rf.6df9f843950d888cb343b6d4ab64d48b.txt,C:\Machine Learning\projet\projet-machine-learning\dataset\images\train\gss1666_jpg.rf.6df9f843950d888cb343b6d4ab64d48b.jpg
train,gss1668_jpg.rf.90f586a00dcdedc0ec10fbcca0d5f33f,C:\Machine Learning\projet\projet-machine-learning\dataset\labels\train\gss1668_jpg.rf.90f586a00dcdedc0ec10fbcca0d5f33f.txt,C:\Machine Learning\projet\projet-machine-learning\dataset\images\train\gss1668_jpg.rf.90f586a00dcdedc0ec10fbcca0d5f33f.jpg
train,gss1669_jpg.rf.54bac476fff3b5248df114af9c38d1e5,C:\Machine Learning\projet\projet-machine-learning\dataset\labels\train\gss1669_jpg.rf.54bac476fff3b5248df114af9c38d1e5.txt,C:\Machine Learning\projet\projet-machine-learning\dataset\images\train\gss1669_jpg.rf.54bac476fff3b5248df114af9c38d1e5.jpg
train,gss166_jpg.rf.afb67c29b648922d8f7a478423a6fc2c,C:\Machine Learning\projet\projet-machine-learning\dataset\labels\train\gss166_jpg.rf.afb67c29b648922d8f7a478423a6fc2c.txt,C:\Machine Learning\projet\projet-machine-learning\dataset\images\train\gss166_jpg.rf.afb67c29b648922d8f7a478423a6fc2c.jpg
train,gss1671_jpg.rf.f45d64960c7bf71650a9e0063b4ffffa,C:\Machine Learning\projet\projet-machine-learning\dataset\labels\train\gss1671_jpg.rf.f45d64960c7bf71650a9e0063b4ffffa.txt,C:\Machine Learning\projet\projet-machine-learning\dataset\images\train\gss1671_jpg.rf.f45d64960c7bf71650a9e0063b4ffffa.jpg
train,gss1673_jpg.rf.dfede7849e4b336ef2eaaa12a3c80a0a,C:\Machine Learning\projet\projet-machine-learning\dataset\labels\train\gss1673_jpg.rf.dfede7849e4b336ef2eaaa12a3c80a0a.txt,C:\Machine Learning\projet\projet-machine-learning\dataset\images\train\gss1673_jpg.rf.dfede7849e4b336ef2eaaa12a3c80a0a.jpg
train,gss1674_jpg.rf.a10c28244e6d1616e880f5e6521b21d2,C:\Machine Learning\projet\projet-machine-learning\dataset\labels\train\gss1674_jpg.rf.a10c28244e6d1616e880f5e6521b21d2.txt,C:\Machine Learning\projet\projet-machine-learning\dataset\images\train\gss1674_jpg.rf.a10c28244e6d1616e880f5e6521b21d2.jpg
train,gss1676_jpg.rf.812789577ac94030dbffb78dcda11a5a,C:\Machine Learning\projet\projet-machine-learning\dataset\labels\train\gss1676_jpg.rf.812789577ac94030dbffb78dcda11a5a.txt,C:\Machine Learning\projet\projet-machine-learning\dataset\images\train\gss1676_jpg.rf.812789577ac94030dbffb78dcda11a5a.jpg
train,gss167_jpg.rf.7a66529e3b983d452fe7088ba6bfe5ba,C:\Machine Learning\projet\projet-machine-learning\dataset\labels\train\gss167_jpg.rf.7a66529e3b983d452fe7088ba6bfe5ba.txt,C:\Machine Learning\projet\projet-machine-learning\dataset\images\train\gss167_jpg.rf.7a66529e3b983d452fe7088ba6bfe5ba.jpg
train,gss1680_jpg.rf.19700429d68759037669096e0863d833,C:\Machine Learning\projet\projet-machine-learning\dataset\labels\train\gss1680_jpg.rf.19700429d68759037669096e0863d833.txt,C:\Machine Learning\projet\projet-machine-learning\dataset\images\train\gss1680_jpg.rf.19700429d68759037669096e0863d833.jpg
train,gss1682_jpg.rf.6602b599727d0afc364fff42a9a220a8,C:\Machine Learning\projet\projet-machine-learning\dataset\labels\train\gss1682_jpg.rf.6602b599727d0afc364fff42a9a220a8.txt,C:\Machine Learning\projet\projet-machine-learning\dataset\images\train\gss1682_jpg.rf.6602b599727d0afc364fff42a9a220a8.jpg
train,gss1683_jpg.rf.9c2ad182f40ad6b93590b28b52dc0152,C:\Machine Learning\projet\projet-machine-learning\dataset\labels\train\gss1683_jpg.rf.9c2ad182f40ad6b93590b28b52dc0152.txt,C:\Machine Learning\projet\projet-machine-learning\dataset\images\train\gss1683_jpg.rf.9c2ad182f40ad6b93590b28b52dc0152.jpg
train,gss1685_jpg.rf.b9797dd2921644becf3c8f0c8f451899,C:\Machine Learning\projet\projet-machine-learning\dataset\labels\train\gss1685_jpg.rf.b9797dd2921644becf3c8f0c8f451899.txt,C:\Machine Learning\projet\projet-machine-learning\dataset\images\train\gss1685_jpg.rf.b9797dd2921644becf3c8f0c8f451899.jpg
train,gss1686_jpg.rf.4de49d33af3aa44669c11b21808a69f8,C:\Machine Learning\projet\projet-machine-learning\dataset\labels\train\gss1686_jpg.rf.4de49d33af3aa44669c11b21808a69f8.txt,C:\Machine Learning\projet\projet-machine-learning\dataset\images\train\gss1686_jpg.rf.4de49d33af3aa44669c11b21808a69f8.jpg
train,gss1687_jpg.rf.61c94a08b129eb407a1c695cfc98abf3,C:\Machine Learning\projet\projet-machine-learning\dataset\labels\train\gss1687_jpg.rf.61c94a08b129eb407a1c695cfc98abf3.txt,C:\Machine Learning\projet\projet-machine-learning\dataset\images\train\gss1687_jpg.rf.61c94a08b129eb407a1c695cfc98abf3.jpg
train,gss1688_jpg.rf.097a31bd64b890fdd1317a0bb28dfebe,C:\Machine Learning\projet\projet-machine-learning\dataset\labels\train\gss1688_jpg.rf.097a31bd64b890fdd1317a0bb28dfebe.txt,C:\Machine Learning\projet\projet-machine-learning\dataset\images\train\gss1688_jpg.rf.097a31bd64b890fdd1317a0bb28dfebe.jpg
train,gss1689_jpg.rf.dc7be89e872d76379f9aab7e9960fc46,C:\Machine Learning\projet\projet-machine-learning\dataset\labels\train\gss1689_jpg.rf.dc7be89e872d76379f9aab7e9960fc46.txt,C:\Machine Learning\projet\projet-machine-learning\dataset\images\train\gss1689_jpg.rf.dc7be89e872d76379f9aab7e9960fc46.jpg
train,gss168_jpg.rf.896a5cac89a7c53770cf48996ff7acfa,C:\Machine Learning\projet\projet-machine-learning\dataset\labels\train\gss168_jpg.rf.896a5cac89a7c53770cf48996ff7acfa.txt,C:\Machine Learning\projet\projet-machine-learning\dataset\images\train\gss168_jpg.rf.896a5cac89a7c53770cf48996ff7acfa.jpg
train,gss1690_jpg.rf.3da838d317ace9f6162dda7463a7be15,C:\Machine Learning\projet\projet-machine-learning\dataset\labels\train\gss1690_jpg.rf.3da838d317ace9f6162dda7463a7be15.txt,C:\Machine Learning\projet\projet-machine-learning\dataset\images\train\gss1690_jpg.rf.3da838d317ace9f6162dda7463a7be15.jpg
train,gss1691_jpg.rf.dab42b17e044572b2232b127df801169,C:\Machine Learning\projet\projet-machine-learning\dataset\labels\train\gss1691_jpg.rf.dab42b17e044572b2232b127df801169.txt,C:\Machine Learning\projet\projet-machine-learning\dataset\images\train\gss1691_jpg.rf.dab42b17e044572b2232b127df801169.jpg
train,gss1692_jpg.rf.46ce1ba35dedbcf861fd20577c6fc13e,C:\Machine Learning\projet\projet-machine-learning\dataset\labels\train\gss1692_jpg.rf.46ce1ba35dedbcf861fd20577c6fc13e.txt,C:\Machine Learning\projet\projet-machine-learning\dataset\images\train\gss1692_jpg.rf.46ce1ba35dedbcf861fd20577c6fc13e.jpg
train,gss1693_jpg.rf.a8afe60bcadb7f7a004feffa3da385a0,C:\Machine Learning\projet\projet-machine-learning\dataset\labels\train\gss1693_jpg.rf.a8afe60bcadb7f7a004feffa3da385a0.txt,C:\Machine Learning\projet\projet-machine-learning\dataset\images\train\gss1693_jpg.rf.a8afe60bcadb7f7a004feffa3da385a0.jpg
train,gss1698_jpg.rf.cf39652aa2c5d6d86c6a1be1c92212f8,C:\Machine Learning\projet\projet-machine-learning\dataset\labels\train\gss1698_jpg.rf.cf39652aa2c5d6d86c6a1be1c92212f8.txt,C:\Machine Learning\projet\projet-machine-learning\dataset\images\train\gss1698_jpg.rf.cf39652aa2c5d6d86c6a1be1c92212f8.jpg
train,gss1699_jpg.rf.5092f78a6dd3b5cd99e72f4b4c5db8e4,C:\Machine Learning\projet\projet-machine-learning\dataset\labels\train\gss1699_jpg.rf.5092f78a6dd3b5cd99e72f4b4c5db8e4.txt,C:\Machine Learning\projet\projet-machine-learning\dataset\images\train\gss1699_jpg.rf.5092f78a6dd3b5cd99e72f4b4c5db8e4.jpg
train,gss169_jpg.rf.80007da031d497fffdc183689bb25e8e,C:\Machine Learning\projet\projet-machine-learning\dataset\labels\train\gss169_jpg.rf.80007da031d497fffdc183689bb25e8e.txt,C:\Machine Learning\projet\projet-machine-learning\dataset\images\train\gss169_jpg.rf.80007da031d497fffdc183689bb25e8e.jpg
train,gss16_jpg.rf.d2b11ab9a2742740614f1c4900a4471d,C:\Machine Learning\projet\projet-machine-learning\dataset\labels\train\gss16_jpg.rf.d2b11ab9a2742740614f1c4900a4471d.txt,C:\Machine Learning\projet\projet-machine-learning\dataset\images\train\gss16_jpg.rf.d2b11ab9a2742740614f1c4900a4471d.jpg
train,gss1700_jpg.rf.d50d75673c9c3a31a1511103308b2d72,C:\Machine Learning\projet\projet-machine-learning\dataset\labels\train\gss1700_jpg.rf.d50d75673c9c3a31a1511103308b2d72.txt,C:\Machine Learning\projet\projet-machine-learning\dataset\images\train\gss1700_jpg.rf.d50d75673c9c3a31a1511103308b2d72.jpg
train,gss1701_jpg.rf.32e85ae007ea0f55a1dd9a8ac55a72ee,C:\Machine Learning\projet\projet-machine-learning\dataset\labels\train\gss1701_jpg.rf.32e85ae007ea0f55a1dd9a8ac55a72ee.txt,C:\Machine Learning\projet\projet-machine-learning\dataset\images\train\gss1701_jpg.rf.32e85ae007ea0f55a1dd9a8ac55a72ee.jpg
train,gss1702_jpg.rf.a191a4321f64c2f9fb5392b9a42fbd10,C:\Machine Learning\projet\projet-machine-learning\dataset\labels\train\gss1702_jpg.rf.a191a4321f64c2f9fb5392b9a42fbd10.txt,C:\Machine Learning\projet\projet-machine-learning\dataset\images\train\gss1702_jpg.rf.a191a4321f64c2f9fb5392b9a42fbd10.jpg
train,gss1703_jpg.rf.c52c748e5814eb1d9094d8ec7020c7ae,C:\Machine Learning\projet\projet-machine-learning\dataset\labels\train\gss1703_jpg.rf.c52c748e5814eb1d9094d8ec7020c7ae.txt,C:\Machine Learning\projet\projet-machine-learning\dataset\images\train\gss1703_jpg.rf.c52c748e5814eb1d9094d8ec7020c7ae.jpg
train,gss1704_jpg.rf.cda1f106b5b7992ed0fdbe85de5d6ffc,C:\Machine Learning\projet\projet-machine-learning\dataset\labels\train\gss1704_jpg.rf.cda1f106b5b7992ed0fdbe85de5d6ffc.txt,C:\Machine Learning\projet\projet-machine-learning\dataset\images\train\gss1704_jpg.rf.cda1f106b5b7992ed0fdbe85de5d6ffc.jpg
train,gss1705_jpg.rf.3beceff17a2a5ff939f81135608f91a0,C:\Machine Learning\projet\projet-machine-learning\dataset\labels\train\gss1705_jpg.rf.3beceff17a2a5ff939f81135608f91a0.txt,C:\Machine Learning\projet\projet-machine-learning\dataset\images\train\gss1705_jpg.rf.3beceff17a2a5ff939f81135608f91a0.jpg
train,gss1709_jpg.rf.ce551b7ea91732573c85e4a5cdbf9676,C:\Machine Learning\projet\projet-machine-learning\dataset\labels\train\gss1709_jpg.rf.ce551b7ea91732573c85e4a5cdbf9676.txt,C:\Machine Learning\projet\projet-machine-learning\dataset\images\train\gss1709_jpg.rf.ce551b7ea91732573c85e4a5cdbf9676.jpg
train,gss170_jpg.rf.db2be3023ab0f1afcd3e68324be1eb04,C:\Machine Learning\projet\projet-machine-learning\dataset\labels\train\gss170_jpg.rf.db2be3023ab0f1afcd3e68324be1eb04.txt,C:\Machine Learning\projet\projet-machine-learning\dataset\images\train\gss170_jpg.rf.db2be3023ab0f1afcd3e68324be1eb04.jpg
train,gss1710_jpg.rf.c57967f609dbd81f7c1191b1aaf790b7,C:\Machine Learning\projet\projet-machine-learning\dataset\labels\train\gss1710_jpg.rf.c57967f609dbd81f7c1191b1aaf790b7.txt,C:\Machine Learning\projet\projet-machine-learning\dataset\images\train\gss1710_jpg.rf.c57967f609dbd81f7c1191b1aaf790b7.jpg
train,gss1711_jpg.rf.0521592f91c70280f060a368ae005324,C:\Machine Learning\projet\projet-machine-learning\dataset\labels\train\gss1711_jpg.rf.0521592f91c70280f060a368ae005324.txt,C:\Machine Learning\projet\projet-machine-learning\dataset\images\train\gss1711_jpg.rf.0521592f91c70280f060a368ae005324.jpg
train,gss1712_jpg.rf.8ecdb63664aae4e6cebbfd38681a2409,C:\Machine Learning\projet\projet-machine-learning\dataset\labels\train\gss1712_jpg.rf.8ecdb63664aae4e6cebbfd38681a2409.txt,C:\Machine Learning\projet\projet-machine-learning\dataset\images\train\gss1712_jpg.rf.8ecdb63664aae4e6cebbfd38681a2409.jpg
train,gss1713_jpg.rf.bc4253879d3adc5fc88c93d106571017,C:\Machine Learning\projet\projet-machine-learning\dataset\labels\train\gss1713_jpg.rf.bc4253879d3adc5fc88c93d106571017.txt,C:\Machine Learning\projet\projet-machine-learning\dataset\images\train\gss1713_jpg.rf.bc4253879d3adc5fc88c93d106571017.jpg
train,gss1714_jpg.rf.5b1db82ab1d7e2e2be5132731d94d67d,C:\Machine Learning\projet\projet-machine-learning\dataset\labels\train\gss1714_jpg.rf.5b1db82ab1d7e2e2be5132731d94d67d.txt,C:\Machine Learning\projet\projet-machine-learning\dataset\images\train\gss1714_jpg.rf.5b1db82ab1d7e2e2be5132731d94d67d.jpg
train,gss1715_jpg.rf.a28d8931e87a5e62c980fcb1a9295b5b,C:\Machine Learning\projet\projet-machine-learning\dataset\labels\train\gss1715_jpg.rf.a28d8931e87a5e62c980fcb1a9295b5b.txt,C:\Machine Learning\projet\projet-machine-learning\dataset\images\train\gss1715_jpg.rf.a28d8931e87a5e62c980fcb1a9295b5b.jpg
train,gss1716_jpg.rf.37c8fe2cc691625e40ff85365b750822,C:\Machine Learning\projet\projet-machine-learning\dataset\labels\train\gss1716_jpg.rf.37c8fe2cc691625e40ff85365b750822.txt,C:\Machine Learning\projet\projet-machine-learning\dataset\images\train\gss1716_jpg.rf.37c8fe2cc691625e40ff85365b750822.jpg
train,gss1717_jpg.rf.4949d4f893205cf350526019e5ec6290,C:\Machine Learning\projet\projet-machine-learning\dataset\labels\train\gss1717_jpg.rf.4949d4f893205cf350526019e5ec6290.txt,C:\Machine Learning\projet\projet-machine-learning\dataset\images\train\gss1717_jpg.rf.4949d4f893205cf350526019e5ec6290.jpg
train,gss1718_jpg.rf.00eefe4ee2d6ad5eacf16646c27ebd58,C:\Machine Learning\projet\projet-machine-learning\dataset\labels\train\gss1718_jpg.rf.00eefe4ee2d6ad5eacf16646c27ebd58.txt,C:\Machine Learning\projet\projet-machine-learning\dataset\images\train\gss1718_jpg.rf.00eefe4ee2d6ad5eacf16646c27ebd58.jpg
train,gss171_jpg.rf.d182178aed819023553f8865845f06ad,C:\Machine Learning\projet\projet-machine-learning\dataset\labels\train\gss171_jpg.rf.d182178aed819023553f8865845f06ad.txt,C:\Machine Learning\projet\projet-machine-learning\dataset\images\train\gss171_jpg.rf.d182178aed819023553f8865845f06ad.jpg
train,gss1720_jpg.rf.f5f8316f052f58882d5aef991d853388,C:\Machine Learning\projet\projet-machine-learning\dataset\labels\train\gss1720_jpg.rf.f5f8316f052f58882d5aef991d853388.txt,C:\Machine Learning\projet\projet-machine-learning\dataset\images\train\gss1720_jpg.rf.f5f8316f052f58882d5aef991d853388.jpg
train,gss1721_jpg.rf.33eb68f84a090882ad4093a3b5db3534,C:\Machine Learning\projet\projet-machine-learning\dataset\labels\train\gss1721_jpg.rf.33eb68f84a090882ad4093a3b5db3534.txt,C:\Machine Learning\projet\projet-machine-learning\dataset\images\train\gss1721_jpg.rf.33eb68f84a090882ad4093a3b5db3534.jpg
train,gss1722_jpg.rf.39f099fcc02b2df414b8314bac6d191c,C:\Machine Learning\projet\projet-machine-learning\dataset\labels\train\gss1722_jpg.rf.39f099fcc02b2df414b8314bac6d191c.txt,C:\Machine Learning\projet\projet-machine-learning\dataset\images\train\gss1722_jpg.rf.39f099fcc02b2df414b8314bac6d191c.jpg
train,gss1723_jpg.rf.4d00758b9d1f82efdc0a7aa2fa8f93bc,C:\Machine Learning\projet\projet-machine-learning\dataset\labels\train\gss1723_jpg.rf.4d00758b9d1f82efdc0a7aa2fa8f93bc.txt,C:\Machine Learning\projet\projet-machine-learning\dataset\images\train\gss1723_jpg.rf.4d00758b9d1f82efdc0a7aa2fa8f93bc.jpg
train,gss1724_jpg.rf.74bc876251b3021355cb8729c26d7f90,C:\Machine Learning\projet\projet-machine-learning\dataset\labels\train\gss1724_jpg.rf.74bc876251b3021355cb8729c26d7f90.txt,C:\Machine Learning\projet\projet-machine-learning\dataset\images\train\gss1724_jpg.rf.74bc876251b3021355cb8729c26d7f90.jpg
train,gss1726_jpg.rf.8861cc1225d08d638c96e8eb9b76134e,C:\Machine Learning\projet\projet-machine-learning\dataset\labels\train\gss1726_jpg.rf.8861cc1225d08d638c96e8eb9b76134e.txt,C:\Machine Learning\projet\projet-machine-learning\dataset\images\train\gss1726_jpg.rf.8861cc1225d08d638c96e8eb9b76134e.jpg
train,gss1727_jpg.rf.cb2ae3e7ccaa48b18a27832dbba6237a,C:\Machine Learning\projet\projet-machine-learning\dataset\labels\train\gss1727_jpg.rf.cb2ae3e7ccaa48b18a27832dbba6237a.txt,C:\Machine Learning\projet\projet-machine-learning\dataset\images\train\gss1727_jpg.rf.cb2ae3e7ccaa48b18a27832dbba6237a.jpg
train,gss1728_jpg.rf.0fbbdfa29874cfc89442e7990dd07b8c,C:\Machine Learning\projet\projet-machine-learning\dataset\labels\train\gss1728_jpg.rf.0fbbdfa29874cfc89442e7990dd07b8c.txt,C:\Machine Learning\projet\projet-machine-learning\dataset\images\train\gss1728_jpg.rf.0fbbdfa29874cfc89442e7990dd07b8c.jpg
train,gss172_jpg.rf.8b82a0171dcd69125e5f0697281ef05b,C:\Machine Learning\projet\projet-machine-learning\dataset\labels\train\gss172_jpg.rf.8b82a0171dcd69125e5f0697281ef05b.txt,C:\Machine Learning\projet\projet-machine-learning\dataset\images\train\gss172_jpg.rf.8b82a0171dcd69125e5f0697281ef05b.jpg
train,gss1731_jpg.rf.9109e70cb88ddf064aa0b3df635a9e17,C:\Machine Learning\projet\projet-machine-learning\dataset\labels\train\gss1731_jpg.rf.9109e70cb88ddf064aa0b3df635a9e17.txt,C:\Machine Learning\projet\projet-machine-learning\dataset\images\train\gss1731_jpg.rf.9109e70cb88ddf064aa0b3df635a9e17.jpg
train,gss1733_jpg.rf.f30216784f58bf737408c7ed4e64eafa,C:\Machine Learning\projet\projet-machine-learning\dataset\labels\train\gss1733_jpg.rf.f30216784f58bf737408c7ed4e64eafa.txt,C:\Machine Learning\projet\projet-machine-learning\dataset\images\train\gss1733_jpg.rf.f30216784f58bf737408c7ed4e64eafa.jpg
train,gss1734_jpg.rf.050037b317505bcba64d9a602555256d,C:\Machine Learning\projet\projet-machine-learning\dataset\labels\train\gss1734_jpg.rf.050037b317505bcba64d9a602555256d.txt,C:\Machine Learning\projet\projet-machine-learning\dataset\images\train\gss1734_jpg.rf.050037b317505bcba64d9a602555256d.jpg
train,gss1735_jpg.rf.a8bfae8876ed2d81edb54a5fbb6c52cf,C:\Machine Learning\projet\projet-machine-learning\dataset\labels\train\gss1735_jpg.rf.a8bfae8876ed2d81edb54a5fbb6c52cf.txt,C:\Machine Learning\projet\projet-machine-learning\dataset\images\train\gss1735_jpg.rf.a8bfae8876ed2d81edb54a5fbb6c52cf.jpg
train,gss1736_jpg.rf.c18d39e2dd486510049f388748accc79,C:\Machine Learning\projet\projet-machine-learning\dataset\labels\train\gss1736_jpg.rf.c18d39e2dd486510049f388748accc79.txt,C:\Machine Learning\projet\projet-machine-learning\dataset\images\train\gss1736_jpg.rf.c18d39e2dd486510049f388748accc79.jpg
train,gss1738_jpg.rf.f29a47046ab5268ac7a1e43a6bb83f38,C:\Machine Learning\projet\projet-machine-learning\dataset\labels\train\gss1738_jpg.rf.f29a47046ab5268ac7a1e43a6bb83f38.txt,C:\Machine Learning\projet\projet-machine-learning\dataset\images\train\gss1738_jpg.rf.f29a47046ab5268ac7a1e43a6bb83f38.jpg
train,gss173_jpg.rf.0394ca4b66463583d7a99c9d7586aacc,C:\Machine Learning\projet\projet-machine-learning\dataset\labels\train\gss173_jpg.rf.0394ca4b66463583d7a99c9d7586aacc.txt,C:\Machine Learning\projet\projet-machine-learning\dataset\images\train\gss173_jpg.rf.0394ca4b66463583d7a99c9d7586aacc.jpg
train,gss1740_jpg.rf.05bf4f2f56120fe58595d670904aa07d,C:\Machine Learning\projet\projet-machine-learning\dataset\labels\train\gss1740_jpg.rf.05bf4f2f56120fe58595d670904aa07d.txt,C:\Machine Learning\projet\projet-machine-learning\dataset\images\train\gss1740_jpg.rf.05bf4f2f56120fe58595d670904aa07d.jpg
train,gss1741_jpg.rf.8aef707f4709d99219e21196a370571c,C:\Machine Learning\projet\projet-machine-learning\dataset\labels\train\gss1741_jpg.rf.8aef707f4709d99219e21196a370571c.txt,C:\Machine Learning\projet\projet-machine-learning\dataset\images\train\gss1741_jpg.rf.8aef707f4709d99219e21196a370571c.jpg
train,gss1742_jpg.rf.32d370983909f246651ae344fe0ef1d3,C:\Machine Learning\projet\projet-machine-learning\dataset\labels\train\gss1742_jpg.rf.32d370983909f246651ae344fe0ef1d3.txt,C:\Machine Learning\projet\projet-machine-learning\dataset\images\train\gss1742_jpg.rf.32d370983909f246651ae344fe0ef1d3.jpg
train,gss1744_jpg.rf.5d4d5f066ed414ae8d97a3472844a6e6,C:\Machine Learning\projet\projet-machine-learning\dataset\labels\train\gss1744_jpg.rf.5d4d5f066ed414ae8d97a3472844a6e6.txt,C:\Machine Learning\projet\projet-machine-learning\dataset\images\train\gss1744_jpg.rf.5d4d5f066ed414ae8d97a3472844a6e6.jpg
train,gss1745_jpg.rf.7f10db92b1b4cbf687f12db42dd6e8ce,C:\Machine Learning\projet\projet-machine-learning\dataset\labels\train\gss1745_jpg.rf.7f10db92b1b4cbf687f12db42dd6e8ce.txt,C:\Machine Learning\projet\projet-machine-learning\dataset\images\train\gss1745_jpg.rf.7f10db92b1b4cbf687f12db42dd6e8ce.jpg
train,gss1746_jpg.rf.7a31ac4362c828605aaf91aaa2125ec9,C:\Machine Learning\projet\projet-machine-learning\dataset\labels\train\gss1746_jpg.rf.7a31ac4362c828605aaf91aaa2125ec9.txt,C:\Machine Learning\projet\projet-machine-learning\dataset\images\train\gss1746_jpg.rf.7a31ac4362c828605aaf91aaa2125ec9.jpg
train,gss1747_jpg.rf.d9d08b5a301723ff32004ff4908d3cdb,C:\Machine Learning\projet\projet-machine-learning\dataset\labels\train\gss1747_jpg.rf.d9d08b5a301723ff32004ff4908d3cdb.txt,C:\Machine Learning\projet\projet-machine-learning\dataset\images\train\gss1747_jpg.rf.d9d08b5a301723ff32004ff4908d3cdb.jpg
train,gss1748_jpg.rf.8ae18b450fd74675ef151a4e8887f483,C:\Machine Learning\projet\projet-machine-learning\dataset\labels\train\gss1748_jpg.rf.8ae18b450fd74675ef151a4e8887f483.txt,C:\Machine Learning\projet\projet-machine-learning\dataset\images\train\gss1748_jpg.rf.8ae18b450fd74675ef151a4e8887f483.jpg
train,gss1749_jpg.rf.94a048382ae62f944a6f1f8f6e9b13fc,C:\Machine Learning\projet\projet-machine-learning\dataset\labels\train\gss1749_jpg.rf.94a048382ae62f944a6f1f8f6e9b13fc.txt,C:\Machine Learning\projet\projet-machine-learning\dataset\images\train\gss1749_jpg.rf.94a048382ae62f944a6f1f8f6e9b13fc.jpg
train,gss1751_jpg.rf.5640c119c0741094d9573ef873d801b3,C:\Machine Learning\projet\projet-machine-learning\dataset\labels\train\gss1751_jpg.rf.5640c119c0741094d9573ef873d801b3.txt,C:\Machine Learning\projet\projet-machine-learning\dataset\images\train\gss1751_jpg.rf.5640c119c0741094d9573ef873d801b3.jpg
train,gss1752_jpg.rf.8228e47d25e5a660e25c954938e68181,C:\Machine Learning\projet\projet-machine-learning\dataset\labels\train\gss1752_jpg.rf.8228e47d25e5a660e25c954938e68181.txt,C:\Machine Learning\projet\projet-machine-learning\dataset\images\train\gss1752_jpg.rf.8228e47d25e5a660e25c954938e68181.jpg
train,gss1753_jpg.rf.f9108f02e45f5bdd066ea04b6d50c789,C:\Machine Learning\projet\projet-machine-learning\dataset\labels\train\gss1753_jpg.rf.f9108f02e45f5bdd066ea04b6d50c789.txt,C:\Machine Learning\projet\projet-machine-learning\dataset\images\train\gss1753_jpg.rf.f9108f02e45f5bdd066ea04b6d50c789.jpg
train,gss1754_jpg.rf.5305269e5bee85d993da5ae7f32ff4a5,C:\Machine Learning\projet\projet-machine-learning\dataset\labels\train\gss1754_jpg.rf.5305269e5bee85d993da5ae7f32ff4a5.txt,C:\Machine Learning\projet\projet-machine-learning\dataset\images\train\gss1754_jpg.rf.5305269e5bee85d993da5ae7f32ff4a5.jpg
train,gss1756_jpg.rf.61568e3e7fd29962c4d2d610c05e9381,C:\Machine Learning\projet\projet-machine-learning\dataset\labels\train\gss1756_jpg.rf.61568e3e7fd29962c4d2d610c05e9381.txt,C:\Machine Learning\projet\projet-machine-learning\dataset\images\train\gss1756_jpg.rf.61568e3e7fd29962c4d2d610c05e9381.jpg
train,gss1757_jpg.rf.4497c59b26177d0fc098f3390326b0e4,C:\Machine Learning\projet\projet-machine-learning\dataset\labels\train\gss1757_jpg.rf.4497c59b26177d0fc098f3390326b0e4.txt,C:\Machine Learning\projet\projet-machine-learning\dataset\images\train\gss1757_jpg.rf.4497c59b26177d0fc098f3390326b0e4.jpg
train,gss175_jpg.rf.f0f3fff28a878cccd6ddb167fdc145e8,C:\Machine Learning\projet\projet-machine-learning\dataset\labels\train\gss175_jpg.rf.f0f3fff28a878cccd6ddb167fdc145e8.txt,C:\Machine Learning\projet\projet-machine-learning\dataset\images\train\gss175_jpg.rf.f0f3fff28a878cccd6ddb167fdc145e8.jpg
train,gss1761_jpg.rf.3589ff576d34f3fe49e9f0bfea03f3fc,C:\Machine Learning\projet\projet-machine-learning\dataset\labels\train\gss1761_jpg.rf.3589ff576d34f3fe49e9f0bfea03f3fc.txt,C:\Machine Learning\projet\projet-machine-learning\dataset\images\train\gss1761_jpg.rf.3589ff576d34f3fe49e9f0bfea03f3fc.jpg
train,gss1762_jpg.rf.60730f8de5e3969ce79438bf39851da5,C:\Machine Learning\projet\projet-machine-learning\dataset\labels\train\gss1762_jpg.rf.60730f8de5e3969ce79438bf39851da5.txt,C:\Machine Learning\projet\projet-machine-learning\dataset\images\train\gss1762_jpg.rf.60730f8de5e3969ce79438bf39851da5.jpg
train,gss1764_jpg.rf.774728cbf9f6fc797fb84512bffc88cf,C:\Machine Learning\projet\projet-machine-learning\dataset\labels\train\gss1764_jpg.rf.774728cbf9f6fc797fb84512bffc88cf.txt,C:\Machine Learning\projet\projet-machine-learning\dataset\images\train\gss1764_jpg.rf.774728cbf9f6fc797fb84512bffc88cf.jpg
train,gss1765_jpg.rf.5e836b541ee89acfd78fa9c2914e8f8b,C:\Machine Learning\projet\projet-machine-learning\dataset\labels\train\gss1765_jpg.rf.5e836b541ee89acfd78fa9c2914e8f8b.txt,C:\Machine Learning\projet\projet-machine-learning\dataset\images\train\gss1765_jpg.rf.5e836b541ee89acfd78fa9c2914e8f8b.jpg
train,gss1766_jpg.rf.5a0b7e0ed1489eeb24faae0f56afcf93,C:\Machine Learning\projet\projet-machine-learning\dataset\labels\train\gss1766_jpg.rf.5a0b7e0ed1489eeb24faae0f56afcf93.txt,C:\Machine Learning\projet\projet-machine-learning\dataset\images\train\gss1766_jpg.rf.5a0b7e0ed1489eeb24faae0f56afcf93.jpg
train,gss1769_jpg.rf.e53d1de36d2715f82f537f6b4a4b13c0,C:\Machine Learning\projet\projet-machine-learning\dataset\labels\train\gss1769_jpg.rf.e53d1de36d2715f82f537f6b4a4b13c0.txt,C:\Machine Learning\projet\projet-machine-learning\dataset\images\train\gss1769_jpg.rf.e53d1de36d2715f82f537f6b4a4b13c0.jpg
train,gss176_jpg.rf.50fa250d5f09da20a9e89d186139e102,C:\Machine Learning\projet\projet-machine-learning\dataset\labels\train\gss176_jpg.rf.50fa250d5f09da20a9e89d186139e102.txt,C:\Machine Learning\projet\projet-machine-learning\dataset\images\train\gss176_jpg.rf.50fa250d5f09da20a9e89d186139e102.jpg
train,gss1770_jpg.rf.5d278852ccd83f4bbd379cadff5c8caf,C:\Machine Learning\projet\projet-machine-learning\dataset\labels\train\gss1770_jpg.rf.5d278852ccd83f4bbd379cadff5c8caf.txt,C:\Machine Learning\projet\projet-machine-learning\dataset\images\train\gss1770_jpg.rf.5d278852ccd83f4bbd379cadff5c8caf.jpg
train,gss1771_jpg.rf.bf461fe6275fe838f25a099a1368a545,C:\Machine Learning\projet\projet-machine-learning\dataset\labels\train\gss1771_jpg.rf.bf461fe6275fe838f25a099a1368a545.txt,C:\Machine Learning\projet\projet-machine-learning\dataset\images\train\gss1771_jpg.rf.bf461fe6275fe838f25a099a1368a545.jpg
train,gss1772_jpg.rf.67f21725feaaad327ccc44a9c7a3b67a,C:\Machine Learning\projet\projet-machine-learning\dataset\labels\train\gss1772_jpg.rf.67f21725feaaad327ccc44a9c7a3b67a.txt,C:\Machine Learning\projet\projet-machine-learning\dataset\images\train\gss1772_jpg.rf.67f21725feaaad327ccc44a9c7a3b67a.jpg
train,gss1773_jpg.rf.8d219eedea8d45737a39bd78f7624568,C:\Machine Learning\projet\projet-machine-learning\dataset\labels\train\gss1773_jpg.rf.8d219eedea8d45737a39bd78f7624568.txt,C:\Machine Learning\projet\projet-machine-learning\dataset\images\train\gss1773_jpg.rf.8d219eedea8d45737a39bd78f7624568.jpg
train,gss1774_jpg.rf.83f6b83e1b499681d2c837de64574578,C:\Machine Learning\projet\projet-machine-learning\dataset\labels\train\gss1774_jpg.rf.83f6b83e1b499681d2c837de64574578.txt,C:\Machine Learning\projet\projet-machine-learning\dataset\images\train\gss1774_jpg.rf.83f6b83e1b499681d2c837de64574578.jpg
train,gss1776_jpg.rf.e9270af614232de4942d37fdc4a081e4,C:\Machine Learning\projet\projet-machine-learning\dataset\labels\train\gss1776_jpg.rf.e9270af614232de4942d37fdc4a081e4.txt,C:\Machine Learning\projet\projet-machine-learning\dataset\images\train\gss1776_jpg.rf.e9270af614232de4942d37fdc4a081e4.jpg
train,gss1777_jpg.rf.b7c287c610a60b89d2784acb53be0e28,C:\Machine Learning\projet\projet-machine-learning\dataset\labels\train\gss1777_jpg.rf.b7c287c610a60b89d2784acb53be0e28.txt,C:\Machine Learning\projet\projet-machine-learning\dataset\images\train\gss1777_jpg.rf.b7c287c610a60b89d2784acb53be0e28.jpg
train,gss1779_jpg.rf.8fd7cc7a237b7e216d9530e0209a3962,C:\Machine Learning\projet\projet-machine-learning\dataset\labels\train\gss1779_jpg.rf.8fd7cc7a237b7e216d9530e0209a3962.txt,C:\Machine Learning\projet\projet-machine-learning\dataset\images\train\gss1779_jpg.rf.8fd7cc7a237b7e216d9530e0209a3962.jpg
train,gss1780_jpg.rf.0e0c4f6b1d5bc688b59931dd95fa50e6,C:\Machine Learning\projet\projet-machine-learning\dataset\labels\train\gss1780_jpg.rf.0e0c4f6b1d5bc688b59931dd95fa50e6.txt,C:\Machine Learning\projet\projet-machine-learning\dataset\images\train\gss1780_jpg.rf.0e0c4f6b1d5bc688b59931dd95fa50e6.jpg
train,gss1781_jpg.rf.426cb8cb92635dfc987a4d38fb82dc11,C:\Machine Learning\projet\projet-machine-learning\dataset\labels\train\gss1781_jpg.rf.426cb8cb92635dfc987a4d38fb82dc11.txt,C:\Machine Learning\projet\projet-machine-learning\dataset\images\train\gss1781_jpg.rf.426cb8cb92635dfc987a4d38fb82dc11.jpg
train,gss1782_jpg.rf.00d0b4c782761831c5cf5866dcb1eb03,C:\Machine Learning\projet\projet-machine-learning\dataset\labels\train\gss1782_jpg.rf.00d0b4c782761831c5cf5866dcb1eb03.txt,C:\Machine Learning\projet\projet-machine-learning\dataset\images\train\gss1782_jpg.rf.00d0b4c782761831c5cf5866dcb1eb03.jpg
train,gss1783_jpg.rf.c42245fc25596631c29ef046c85595c5,C:\Machine Learning\projet\projet-machine-learning\dataset\labels\train\gss1783_jpg.rf.c42245fc25596631c29ef046c85595c5.txt,C:\Machine Learning\projet\projet-machine-learning\dataset\images\train\gss1783_jpg.rf.c42245fc25596631c29ef046c85595c5.jpg
train,gss1784_jpg.rf.5dd15c348ba7047a2341eac39e8ec233,C:\Machine Learning\projet\projet-machine-learning\dataset\labels\train\gss1784_jpg.rf.5dd15c348ba7047a2341eac39e8ec233.txt,C:\Machine Learning\projet\projet-machine-learning\dataset\images\train\gss1784_jpg.rf.5dd15c348ba7047a2341eac39e8ec233.jpg
train,gss1785_jpg.rf.7a97fbdfa51cb3da64f8cb916de579fd,C:\Machine Learning\projet\projet-machine-learning\dataset\labels\train\gss1785_jpg.rf.7a97fbdfa51cb3da64f8cb916de579fd.txt,C:\Machine Learning\projet\projet-machine-learning\dataset\images\train\gss1785_jpg.rf.7a97fbdfa51cb3da64f8cb916de579fd.jpg
train,gss1786_jpg.rf.c8ad6634b24ba39f5d8459c2a932818a,C:\Machine Learning\projet\projet-machine-learning\dataset\labels\train\gss1786_jpg.rf.c8ad6634b24ba39f5d8459c2a932818a.txt,C:\Machine Learning\projet\projet-machine-learning\dataset\images\train\gss1786_jpg.rf.c8ad6634b24ba39f5d8459c2a932818a.jpg
train,gss1787_jpg.rf.ead13b0d8fcfe2c9a29156caeff47429,C:\Machine Learning\projet\projet-machine-learning\dataset\labels\train\gss1787_jpg.rf.ead13b0d8fcfe2c9a29156caeff47429.txt,C:\Machine Learning\projet\projet-machine-learning\dataset\images\train\gss1787_jpg.rf.ead13b0d8fcfe2c9a29156caeff47429.jpg
train,gss1788_jpg.rf.3087562ca209583c2fb71e192e541ce7,C:\Machine Learning\projet\projet-machine-learning\dataset\labels\train\gss1788_jpg.rf.3087562ca209583c2fb71e192e541ce7.txt,C:\Machine Learning\projet\projet-machine-learning\dataset\images\train\gss1788_jpg.rf.3087562ca209583c2fb71e192e541ce7.jpg
train,gss1789_jpg.rf.90060110c8419492e192f50dc0012f93,C:\Machine Learning\projet\projet-machine-learning\dataset\labels\train\gss1789_jpg.rf.90060110c8419492e192f50dc0012f93.txt,C:\Machine Learning\projet\projet-machine-learning\dataset\images\train\gss1789_jpg.rf.90060110c8419492e192f50dc0012f93.jpg
train,gss1790_jpg.rf.3a3c67b8d6c2d40e1264f756f2bc547b,C:\Machine Learning\projet\projet-machine-learning\dataset\labels\train\gss1790_jpg.rf.3a3c67b8d6c2d40e1264f756f2bc547b.txt,C:\Machine Learning\projet\projet-machine-learning\dataset\images\train\gss1790_jpg.rf.3a3c67b8d6c2d40e1264f756f2bc547b.jpg
train,gss1791_jpg.rf.ff86a0de196f5c43a59e343f0c26c1c2,C:\Machine Learning\projet\projet-machine-learning\dataset\labels\train\gss1791_jpg.rf.ff86a0de196f5c43a59e343f0c26c1c2.txt,C:\Machine Learning\projet\projet-machine-learning\dataset\images\train\gss1791_jpg.rf.ff86a0de196f5c43a59e343f0c26c1c2.jpg
train,gss1792_jpg.rf.52e60befc3eeb4a67ec8f1f22ba4af1f,C:\Machine Learning\projet\projet-machine-learning\dataset\labels\train\gss1792_jpg.rf.52e60befc3eeb4a67ec8f1f22ba4af1f.txt,C:\Machine Learning\projet\projet-machine-learning\dataset\images\train\gss1792_jpg.rf.52e60befc3eeb4a67ec8f1f22ba4af1f.jpg
train,gss1793_jpg.rf.045a83ccd4c9d5c318144dcf01fc84a5,C:\Machine Learning\projet\projet-machine-learning\dataset\labels\train\gss1793_jpg.rf.045a83ccd4c9d5c318144dcf01fc84a5.txt,C:\Machine Learning\projet\projet-machine-learning\dataset\images\train\gss1793_jpg.rf.045a83ccd4c9d5c318144dcf01fc84a5.jpg
train,gss1797_jpg.rf.212acf165f1612ab1876172d4bc00952,C:\Machine Learning\projet\projet-machine-learning\dataset\labels\train\gss1797_jpg.rf.212acf165f1612ab1876172d4bc00952.txt,C:\Machine Learning\projet\projet-machine-learning\dataset\images\train\gss1797_jpg.rf.212acf165f1612ab1876172d4bc00952.jpg
train,gss1798_jpg.rf.4a029cf44400a36ac5d8a07a8b3fa924,C:\Machine Learning\projet\projet-machine-learning\dataset\labels\train\gss1798_jpg.rf.4a029cf44400a36ac5d8a07a8b3fa924.txt,C:\Machine Learning\projet\projet-machine-learning\dataset\images\train\gss1798_jpg.rf.4a029cf44400a36ac5d8a07a8b3fa924.jpg
train,gss179_jpg.rf.ba494f8f3e092181845bc3617f3cf87d,C:\Machine Learning\projet\projet-machine-learning\dataset\labels\train\gss179_jpg.rf.ba494f8f3e092181845bc3617f3cf87d.txt,C:\Machine Learning\projet\projet-machine-learning\dataset\images\train\gss179_jpg.rf.ba494f8f3e092181845bc3617f3cf87d.jpg
train,gss1800_jpg.rf.0e575556590c84733b800c47b8a446d2,C:\Machine Learning\projet\projet-machine-learning\dataset\labels\train\gss1800_jpg.rf.0e575556590c84733b800c47b8a446d2.txt,C:\Machine Learning\projet\projet-machine-learning\dataset\images\train\gss1800_jpg.rf.0e575556590c84733b800c47b8a446d2.jpg
train,gss1801_jpg.rf.603a9c8aeb22cad878c816450c620254,C:\Machine Learning\projet\projet-machine-learning\dataset\labels\train\gss1801_jpg.rf.603a9c8aeb22cad878c816450c620254.txt,C:\Machine Learning\projet\projet-machine-learning\dataset\images\train\gss1801_jpg.rf.603a9c8aeb22cad878c816450c620254.jpg
train,gss1802_jpg.rf.3d0b23907a57f8c2adca758582730dc7,C:\Machine Learning\projet\projet-machine-learning\dataset\labels\train\gss1802_jpg.rf.3d0b23907a57f8c2adca758582730dc7.txt,C:\Machine Learning\projet\projet-machine-learning\dataset\images\train\gss1802_jpg.rf.3d0b23907a57f8c2adca758582730dc7.jpg
train,gss1804_jpg.rf.182c78f759af91d0d56fffe85e9598f7,C:\Machine Learning\projet\projet-machine-learning\dataset\labels\train\gss1804_jpg.rf.182c78f759af91d0d56fffe85e9598f7.txt,C:\Machine Learning\projet\projet-machine-learning\dataset\images\train\gss1804_jpg.rf.182c78f759af91d0d56fffe85e9598f7.jpg
train,gss1805_jpg.rf.5a27b958172d15744512635c3f644a96,C:\Machine Learning\projet\projet-machine-learning\dataset\labels\train\gss1805_jpg.rf.5a27b958172d15744512635c3f644a96.txt,C:\Machine Learning\projet\projet-machine-learning\dataset\images\train\gss1805_jpg.rf.5a27b958172d15744512635c3f644a96.jpg
train,gss1806_jpg.rf.b35ea33e5ca08ae5fd4a162535216753,C:\Machine Learning\projet\projet-machine-learning\dataset\labels\train\gss1806_jpg.rf.b35ea33e5ca08ae5fd4a162535216753.txt,C:\Machine Learning\projet\projet-machine-learning\dataset\images\train\gss1806_jpg.rf.b35ea33e5ca08ae5fd4a162535216753.jpg
train,gss1808_jpg.rf.4835df4d747a8d3d39ab481f98dd89a9,C:\Machine Learning\projet\projet-machine-learning\dataset\labels\train\gss1808_jpg.rf.4835df4d747a8d3d39ab481f98dd89a9.txt,C:\Machine Learning\projet\projet-machine-learning\dataset\images\train\gss1808_jpg.rf.4835df4d747a8d3d39ab481f98dd89a9.jpg
train,gss180_jpg.rf.e311de3f3f1f2e4d2b1315d6c5d7811e,C:\Machine Learning\projet\projet-machine-learning\dataset\labels\train\gss180_jpg.rf.e311de3f3f1f2e4d2b1315d6c5d7811e.txt,C:\Machine Learning\projet\projet-machine-learning\dataset\images\train\gss180_jpg.rf.e311de3f3f1f2e4d2b1315d6c5d7811e.jpg
train,gss1810_jpg.rf.f4e07ecaeae6e940c8a2ba4291c438e9,C:\Machine Learning\projet\projet-machine-learning\dataset\labels\train\gss1810_jpg.rf.f4e07ecaeae6e940c8a2ba4291c438e9.txt,C:\Machine Learning\projet\projet-machine-learning\dataset\images\train\gss1810_jpg.rf.f4e07ecaeae6e940c8a2ba4291c438e9.jpg
train,gss1811_jpg.rf.04d775e17968b92d49a17399d04900fe,C:\Machine Learning\projet\projet-machine-learning\dataset\labels\train\gss1811_jpg.rf.04d775e17968b92d49a17399d04900fe.txt,C:\Machine Learning\projet\projet-machine-learning\dataset\images\train\gss1811_jpg.rf.04d775e17968b92d49a17399d04900fe.jpg
train,gss1812_jpg.rf.b6c7a2df2e7aad0fc1d14ce7e2f12825,C:\Machine Learning\projet\projet-machine-learning\dataset\labels\train\gss1812_jpg.rf.b6c7a2df2e7aad0fc1d14ce7e2f12825.txt,C:\Machine Learning\projet\projet-machine-learning\dataset\images\train\gss1812_jpg.rf.b6c7a2df2e7aad0fc1d14ce7e2f12825.jpg
train,gss1813_jpg.rf.5963b538df114ccf2a5c8f83d89d131c,C:\Machine Learning\projet\projet-machine-learning\dataset\labels\train\gss1813_jpg.rf.5963b538df114ccf2a5c8f83d89d131c.txt,C:\Machine Learning\projet\projet-machine-learning\dataset\images\train\gss1813_jpg.rf.5963b538df114ccf2a5c8f83d89d131c.jpg
train,gss1814_jpg.rf.2e0fc71b1791a2d3e5d2b3e9c7407235,C:\Machine Learning\projet\projet-machine-learning\dataset\labels\train\gss1814_jpg.rf.2e0fc71b1791a2d3e5d2b3e9c7407235.txt,C:\Machine Learning\projet\projet-machine-learning\dataset\images\train\gss1814_jpg.rf.2e0fc71b1791a2d3e5d2b3e9c7407235.jpg
train,gss1815_jpg.rf.fa068145b7f16f996781ad2ab903233d,C:\Machine Learning\projet\projet-machine-learning\dataset\labels\train\gss1815_jpg.rf.fa068145b7f16f996781ad2ab903233d.txt,C:\Machine Learning\projet\projet-machine-learning\dataset\images\train\gss1815_jpg.rf.fa068145b7f16f996781ad2ab903233d.jpg
train,gss1816_jpg.rf.7471f7faecc81789cc11be0cba0c526c,C:\Machine Learning\projet\projet-machine-learning\dataset\labels\train\gss1816_jpg.rf.7471f7faecc81789cc11be0cba0c526c.txt,C:\Machine Learning\projet\projet-machine-learning\dataset\images\train\gss1816_jpg.rf.7471f7faecc81789cc11be0cba0c526c.jpg
train,gss1817_jpg.rf.300c6058f6da5a72e183f83a6d54fcb1,C:\Machine Learning\projet\projet-machine-learning\dataset\labels\train\gss1817_jpg.rf.300c6058f6da5a72e183f83a6d54fcb1.txt,C:\Machine Learning\projet\projet-machine-learning\dataset\images\train\gss1817_jpg.rf.300c6058f6da5a72e183f83a6d54fcb1.jpg
train,gss1819_jpg.rf.958a9ff754e75a46afc458503e4f7b85,C:\Machine Learning\projet\projet-machine-learning\dataset\labels\train\gss1819_jpg.rf.958a9ff754e75a46afc458503e4f7b85.txt,C:\Machine Learning\projet\projet-machine-learning\dataset\images\train\gss1819_jpg.rf.958a9ff754e75a46afc458503e4f7b85.jpg
train,gss181_jpg.rf.584c6d441855a34e9dfdae3e249e24f8,C:\Machine Learning\projet\projet-machine-learning\dataset\labels\train\gss181_jpg.rf.584c6d441855a34e9dfdae3e249e24f8.txt,C:\Machine Learning\projet\projet-machine-learning\dataset\images\train\gss181_jpg.rf.584c6d441855a34e9dfdae3e249e24f8.jpg
train,gss1820_jpg.rf.e97a68f9f46d7be1e48012ae6b668209,C:\Machine Learning\projet\projet-machine-learning\dataset\labels\train\gss1820_jpg.rf.e97a68f9f46d7be1e48012ae6b668209.txt,C:\Machine Learning\projet\projet-machine-learning\dataset\images\train\gss1820_jpg.rf.e97a68f9f46d7be1e48012ae6b668209.jpg
train,gss1824_jpg.rf.7666c8a8441c15147f9c9065cfce92ab,C:\Machine Learning\projet\projet-machine-learning\dataset\labels\train\gss1824_jpg.rf.7666c8a8441c15147f9c9065cfce92ab.txt,C:\Machine Learning\projet\projet-machine-learning\dataset\images\train\gss1824_jpg.rf.7666c8a8441c15147f9c9065cfce92ab.jpg
train,gss1825_jpg.rf.5eb72df2700e28482d8f34a36e0ef73d,C:\Machine Learning\projet\projet-machine-learning\dataset\labels\train\gss1825_jpg.rf.5eb72df2700e28482d8f34a36e0ef73d.txt,C:\Machine Learning\projet\projet-machine-learning\dataset\images\train\gss1825_jpg.rf.5eb72df2700e28482d8f34a36e0ef73d.jpg
train,gss1827_jpg.rf.e661389dcf3504a8ed86661f37aedca0,C:\Machine Learning\projet\projet-machine-learning\dataset\labels\train\gss1827_jpg.rf.e661389dcf3504a8ed86661f37aedca0.txt,C:\Machine Learning\projet\projet-machine-learning\dataset\images\train\gss1827_jpg.rf.e661389dcf3504a8ed86661f37aedca0.jpg
train,gss1828_jpg.rf.8ba90e990339812e6892cc81e50b3f7d,C:\Machine Learning\projet\projet-machine-learning\dataset\labels\train\gss1828_jpg.rf.8ba90e990339812e6892cc81e50b3f7d.txt,C:\Machine Learning\projet\projet-machine-learning\dataset\images\train\gss1828_jpg.rf.8ba90e990339812e6892cc81e50b3f7d.jpg
train,gss1829_jpg.rf.ab7aa1423b9730ae1ec59992a4412024,C:\Machine Learning\projet\projet-machine-learning\dataset\labels\train\gss1829_jpg.rf.ab7aa1423b9730ae1ec59992a4412024.txt,C:\Machine Learning\projet\projet-machine-learning\dataset\images\train\gss1829_jpg.rf.ab7aa1423b9730ae1ec59992a4412024.jpg
train,gss182_jpg.rf.52bcfece04b9c5a0822b449d1999bf7d,C:\Machine Learning\projet\projet-machine-learning\dataset\labels\train\gss182_jpg.rf.52bcfece04b9c5a0822b449d1999bf7d.txt,C:\Machine Learning\projet\projet-machine-learning\dataset\images\train\gss182_jpg.rf.52bcfece04b9c5a0822b449d1999bf7d.jpg
train,gss1830_jpg.rf.d745dc20d7809f8a4eacf64c64fb4259,C:\Machine Learning\projet\projet-machine-learning\dataset\labels\train\gss1830_jpg.rf.d745dc20d7809f8a4eacf64c64fb4259.txt,C:\Machine Learning\projet\projet-machine-learning\dataset\images\train\gss1830_jpg.rf.d745dc20d7809f8a4eacf64c64fb4259.jpg
train,gss1831_jpg.rf.656370bbe46ed7aba20a493269ad95ad,C:\Machine Learning\projet\projet-machine-learning\dataset\labels\train\gss1831_jpg.rf.656370bbe46ed7aba20a493269ad95ad.txt,C:\Machine Learning\projet\projet-machine-learning\dataset\images\train\gss1831_jpg.rf.656370bbe46ed7aba20a493269ad95ad.jpg
train,gss1832_jpg.rf.f9d445f424ddf28c91efc3ef2d6d1c3a,C:\Machine Learning\projet\projet-machine-learning\dataset\labels\train\gss1832_jpg.rf.f9d445f424ddf28c91efc3ef2d6d1c3a.txt,C:\Machine Learning\projet\projet-machine-learning\dataset\images\train\gss1832_jpg.rf.f9d445f424ddf28c91efc3ef2d6d1c3a.jpg
train,gss1834_jpg.rf.0f92361244bbe53f516f54b85ca1d2fc,C:\Machine Learning\projet\projet-machine-learning\dataset\labels\train\gss1834_jpg.rf.0f92361244bbe53f516f54b85ca1d2fc.txt,C:\Machine Learning\projet\projet-machine-learning\dataset\images\train\gss1834_jpg.rf.0f92361244bbe53f516f54b85ca1d2fc.jpg
train,gss1835_jpg.rf.0b3ac89342592552ae81e5c7d164fd29,C:\Machine Learning\projet\projet-machine-learning\dataset\labels\train\gss1835_jpg.rf.0b3ac89342592552ae81e5c7d164fd29.txt,C:\Machine Learning\projet\projet-machine-learning\dataset\images\train\gss1835_jpg.rf.0b3ac89342592552ae81e5c7d164fd29.jpg
train,gss1836_jpg.rf.c837677ba89fdceca6a98114940839a6,C:\Machine Learning\projet\projet-machine-learning\dataset\labels\train\gss1836_jpg.rf.c837677ba89fdceca6a98114940839a6.txt,C:\Machine Learning\projet\projet-machine-learning\dataset\images\train\gss1836_jpg.rf.c837677ba89fdceca6a98114940839a6.jpg
train,gss1837_jpg.rf.071d1f54299af8c3603d47fffcb49121,C:\Machine Learning\projet\projet-machine-learning\dataset\labels\train\gss1837_jpg.rf.071d1f54299af8c3603d47fffcb49121.txt,C:\Machine Learning\projet\projet-machine-learning\dataset\images\train\gss1837_jpg.rf.071d1f54299af8c3603d47fffcb49121.jpg
train,gss1839_jpg.rf.5fc9efce4cce0ba8b36257ca6f002a4d,C:\Machine Learning\projet\projet-machine-learning\dataset\labels\train\gss1839_jpg.rf.5fc9efce4cce0ba8b36257ca6f002a4d.txt,C:\Machine Learning\projet\projet-machine-learning\dataset\images\train\gss1839_jpg.rf.5fc9efce4cce0ba8b36257ca6f002a4d.jpg
train,gss183_jpg.rf.0d72260f95219c84b49d72bbd827c01f,C:\Machine Learning\projet\projet-machine-learning\dataset\labels\train\gss183_jpg.rf.0d72260f95219c84b49d72bbd827c01f.txt,C:\Machine Learning\projet\projet-machine-learning\dataset\images\train\gss183_jpg.rf.0d72260f95219c84b49d72bbd827c01f.jpg
train,gss1843_jpg.rf.75e899c70098b6e55d1e8c5b82ad5c84,C:\Machine Learning\projet\projet-machine-learning\dataset\labels\train\gss1843_jpg.rf.75e899c70098b6e55d1e8c5b82ad5c84.txt,C:\Machine Learning\projet\projet-machine-learning\dataset\images\train\gss1843_jpg.rf.75e899c70098b6e55d1e8c5b82ad5c84.jpg
train,gss1845_jpg.rf.3a45275663cdd680dafb2cbc8674b066,C:\Machine Learning\projet\projet-machine-learning\dataset\labels\train\gss1845_jpg.rf.3a45275663cdd680dafb2cbc8674b066.txt,C:\Machine Learning\projet\projet-machine-learning\dataset\images\train\gss1845_jpg.rf.3a45275663cdd680dafb2cbc8674b066.jpg
train,gss1847_jpg.rf.67098365bac0297dec413ef4fa6fc420,C:\Machine Learning\projet\projet-machine-learning\dataset\labels\train\gss1847_jpg.rf.67098365bac0297dec413ef4fa6fc420.txt,C:\Machine Learning\projet\projet-machine-learning\dataset\images\train\gss1847_jpg.rf.67098365bac0297dec413ef4fa6fc420.jpg
train,gss1848_jpg.rf.fdd55ca40ace0fca12555177d225d5df,C:\Machine Learning\projet\projet-machine-learning\dataset\labels\train\gss1848_jpg.rf.fdd55ca40ace0fca12555177d225d5df.txt,C:\Machine Learning\projet\projet-machine-learning\dataset\images\train\gss1848_jpg.rf.fdd55ca40ace0fca12555177d225d5df.jpg
train,gss1850_jpg.rf.a9cc11d53b76fafc723682194b30a39b,C:\Machine Learning\projet\projet-machine-learning\dataset\labels\train\gss1850_jpg.rf.a9cc11d53b76fafc723682194b30a39b.txt,C:\Machine Learning\projet\projet-machine-learning\dataset\images\train\gss1850_jpg.rf.a9cc11d53b76fafc723682194b30a39b.jpg
train,gss1853_jpg.rf.ae537b446467635f55e66b113030d5be,C:\Machine Learning\projet\projet-machine-learning\dataset\labels\train\gss1853_jpg.rf.ae537b446467635f55e66b113030d5be.txt,C:\Machine Learning\projet\projet-machine-learning\dataset\images\train\gss1853_jpg.rf.ae537b446467635f55e66b113030d5be.jpg
train,gss1857_jpg.rf.fcbc86fb12d967f690126ed61318c12b,C:\Machine Learning\projet\projet-machine-learning\dataset\labels\train\gss1857_jpg.rf.fcbc86fb12d967f690126ed61318c12b.txt,C:\Machine Learning\projet\projet-machine-learning\dataset\images\train\gss1857_jpg.rf.fcbc86fb12d967f690126ed61318c12b.jpg
train,gss1858_jpg.rf.92ebff6a1dec9007fb312c43d576cb60,C:\Machine Learning\projet\projet-machine-learning\dataset\labels\train\gss1858_jpg.rf.92ebff6a1dec9007fb312c43d576cb60.txt,C:\Machine Learning\projet\projet-machine-learning\dataset\images\train\gss1858_jpg.rf.92ebff6a1dec9007fb312c43d576cb60.jpg
train,gss1859_jpg.rf.df8802920df839284a7839f511741866,C:\Machine Learning\projet\projet-machine-learning\dataset\labels\train\gss1859_jpg.rf.df8802920df839284a7839f511741866.txt,C:\Machine Learning\projet\projet-machine-learning\dataset\images\train\gss1859_jpg.rf.df8802920df839284a7839f511741866.jpg
train,gss185_jpg.rf.acbe48b14291b427363fd3f610189412,C:\Machine Learning\projet\projet-machine-learning\dataset\labels\train\gss185_jpg.rf.acbe48b14291b427363fd3f610189412.txt,C:\Machine Learning\projet\projet-machine-learning\dataset\images\train\gss185_jpg.rf.acbe48b14291b427363fd3f610189412.jpg
train,gss1862_jpg.rf.3e43c56805a6f85349e0f0082c2bafa5,C:\Machine Learning\projet\projet-machine-learning\dataset\labels\train\gss1862_jpg.rf.3e43c56805a6f85349e0f0082c2bafa5.txt,C:\Machine Learning\projet\projet-machine-learning\dataset\images\train\gss1862_jpg.rf.3e43c56805a6f85349e0f0082c2bafa5.jpg
train,gss1864_jpg.rf.2ac8bb4441859e5a0e9485a95608da9e,C:\Machine Learning\projet\projet-machine-learning\dataset\labels\train\gss1864_jpg.rf.2ac8bb4441859e5a0e9485a95608da9e.txt,C:\Machine Learning\projet\projet-machine-learning\dataset\images\train\gss1864_jpg.rf.2ac8bb4441859e5a0e9485a95608da9e.jpg
train,gss1865_jpg.rf.16730a5377e32a0d9a4da15462f51372,C:\Machine Learning\projet\projet-machine-learning\dataset\labels\train\gss1865_jpg.rf.16730a5377e32a0d9a4da15462f51372.txt,C:\Machine Learning\projet\projet-machine-learning\dataset\images\train\gss1865_jpg.rf.16730a5377e32a0d9a4da15462f51372.jpg
train,gss1866_jpg.rf.3ee59e4b314817f38822136cc723ebd6,C:\Machine Learning\projet\projet-machine-learning\dataset\labels\train\gss1866_jpg.rf.3ee59e4b314817f38822136cc723ebd6.txt,C:\Machine Learning\projet\projet-machine-learning\dataset\images\train\gss1866_jpg.rf.3ee59e4b314817f38822136cc723ebd6.jpg
train,gss1867_jpg.rf.94572182afb2cf28caea62e8ddb64bac,C:\Machine Learning\projet\projet-machine-learning\dataset\labels\train\gss1867_jpg.rf.94572182afb2cf28caea62e8ddb64bac.txt,C:\Machine Learning\projet\projet-machine-learning\dataset\images\train\gss1867_jpg.rf.94572182afb2cf28caea62e8ddb64bac.jpg
train,gss1868_jpg.rf.4112397bba6c950eeb12e261d85a7a4a,C:\Machine Learning\projet\projet-machine-learning\dataset\labels\train\gss1868_jpg.rf.4112397bba6c950eeb12e261d85a7a4a.txt,C:\Machine Learning\projet\projet-machine-learning\dataset\images\train\gss1868_jpg.rf.4112397bba6c950eeb12e261d85a7a4a.jpg
train,gss1869_jpg.rf.3b8e42bca1b4db046141c8933e3fafd9,C:\Machine Learning\projet\projet-machine-learning\dataset\labels\train\gss1869_jpg.rf.3b8e42bca1b4db046141c8933e3fafd9.txt,C:\Machine Learning\projet\projet-machine-learning\dataset\images\train\gss1869_jpg.rf.3b8e42bca1b4db046141c8933e3fafd9.jpg
train,gss1870_jpg.rf.9ac507a4c4fa34cb40831e37cf7fe85f,C:\Machine Learning\projet\projet-machine-learning\dataset\labels\train\gss1870_jpg.rf.9ac507a4c4fa34cb40831e37cf7fe85f.txt,C:\Machine Learning\projet\projet-machine-learning\dataset\images\train\gss1870_jpg.rf.9ac507a4c4fa34cb40831e37cf7fe85f.jpg
train,gss1872_jpg.rf.44f2bf5aa82317c6c619d28fd7182254,C:\Machine Learning\projet\projet-machine-learning\dataset\labels\train\gss1872_jpg.rf.44f2bf5aa82317c6c619d28fd7182254.txt,C:\Machine Learning\projet\projet-machine-learning\dataset\images\train\gss1872_jpg.rf.44f2bf5aa82317c6c619d28fd7182254.jpg
train,gss1873_jpg.rf.039bc5e15bb064ba90e69db104b34e95,C:\Machine Learning\projet\projet-machine-learning\dataset\labels\train\gss1873_jpg.rf.039bc5e15bb064ba90e69db104b34e95.txt,C:\Machine Learning\projet\projet-machine-learning\dataset\images\train\gss1873_jpg.rf.039bc5e15bb064ba90e69db104b34e95.jpg
train,gss1874_jpg.rf.4ada2be7120dfc3783397e823babbcad,C:\Machine Learning\projet\projet-machine-learning\dataset\labels\train\gss1874_jpg.rf.4ada2be7120dfc3783397e823babbcad.txt,C:\Machine Learning\projet\projet-machine-learning\dataset\images\train\gss1874_jpg.rf.4ada2be7120dfc3783397e823babbcad.jpg
train,gss1875_jpg.rf.38aadabfb05f1b410d659bce51e2e88d,C:\Machine Learning\projet\projet-machine-learning\dataset\labels\train\gss1875_jpg.rf.38aadabfb05f1b410d659bce51e2e88d.txt,C:\Machine Learning\projet\projet-machine-learning\dataset\images\train\gss1875_jpg.rf.38aadabfb05f1b410d659bce51e2e88d.jpg
train,gss1876_jpg.rf.51a218039e357125178ec53197e7e089,C:\Machine Learning\projet\projet-machine-learning\dataset\labels\train\gss1876_jpg.rf.51a218039e357125178ec53197e7e089.txt,C:\Machine Learning\projet\projet-machine-learning\dataset\images\train\gss1876_jpg.rf.51a218039e357125178ec53197e7e089.jpg
train,gss1878_jpg.rf.ab68b0d5c8651a4b8b0e3e35cac412a8,C:\Machine Learning\projet\projet-machine-learning\dataset\labels\train\gss1878_jpg.rf.ab68b0d5c8651a4b8b0e3e35cac412a8.txt,C:\Machine Learning\projet\projet-machine-learning\dataset\images\train\gss1878_jpg.rf.ab68b0d5c8651a4b8b0e3e35cac412a8.jpg
train,gss1879_jpg.rf.da32be21eb730b8f3d1cda32898409c8,C:\Machine Learning\projet\projet-machine-learning\dataset\labels\train\gss1879_jpg.rf.da32be21eb730b8f3d1cda32898409c8.txt,C:\Machine Learning\projet\projet-machine-learning\dataset\images\train\gss1879_jpg.rf.da32be21eb730b8f3d1cda32898409c8.jpg
train,gss187_jpg.rf.7b7738f2e5f84cc0fc4b3b770cc051c6,C:\Machine Learning\projet\projet-machine-learning\dataset\labels\train\gss187_jpg.rf.7b7738f2e5f84cc0fc4b3b770cc051c6.txt,C:\Machine Learning\projet\projet-machine-learning\dataset\images\train\gss187_jpg.rf.7b7738f2e5f84cc0fc4b3b770cc051c6.jpg
train,gss1880_jpg.rf.1c9af241a23eb96659ef7abf71dbbc75,C:\Machine Learning\projet\projet-machine-learning\dataset\labels\train\gss1880_jpg.rf.1c9af241a23eb96659ef7abf71dbbc75.txt,C:\Machine Learning\projet\projet-machine-learning\dataset\images\train\gss1880_jpg.rf.1c9af241a23eb96659ef7abf71dbbc75.jpg
train,gss1882_jpg.rf.30fde6872a2f1bc1cbe5fa7b76145256,C:\Machine Learning\projet\projet-machine-learning\dataset\labels\train\gss1882_jpg.rf.30fde6872a2f1bc1cbe5fa7b76145256.txt,C:\Machine Learning\projet\projet-machine-learning\dataset\images\train\gss1882_jpg.rf.30fde6872a2f1bc1cbe5fa7b76145256.jpg
train,gss1886_jpg.rf.c60411733b3bf1c390f5eda08785408f,C:\Machine Learning\projet\projet-machine-learning\dataset\labels\train\gss1886_jpg.rf.c60411733b3bf1c390f5eda08785408f.txt,C:\Machine Learning\projet\projet-machine-learning\dataset\images\train\gss1886_jpg.rf.c60411733b3bf1c390f5eda08785408f.jpg
train,gss1887_jpg.rf.dec7bb7e6aa8e442b8d511cc90e34f39,C:\Machine Learning\projet\projet-machine-learning\dataset\labels\train\gss1887_jpg.rf.dec7bb7e6aa8e442b8d511cc90e34f39.txt,C:\Machine Learning\projet\projet-machine-learning\dataset\images\train\gss1887_jpg.rf.dec7bb7e6aa8e442b8d511cc90e34f39.jpg
train,gss1888_jpg.rf.3e25dd021a3c1c1dfae902c318cef2a9,C:\Machine Learning\projet\projet-machine-learning\dataset\labels\train\gss1888_jpg.rf.3e25dd021a3c1c1dfae902c318cef2a9.txt,C:\Machine Learning\projet\projet-machine-learning\dataset\images\train\gss1888_jpg.rf.3e25dd021a3c1c1dfae902c318cef2a9.jpg
train,gss1889_jpg.rf.0d8bd7691722409b8f84880ed4ff2b27,C:\Machine Learning\projet\projet-machine-learning\dataset\labels\train\gss1889_jpg.rf.0d8bd7691722409b8f84880ed4ff2b27.txt,C:\Machine Learning\projet\projet-machine-learning\dataset\images\train\gss1889_jpg.rf.0d8bd7691722409b8f84880ed4ff2b27.jpg
train,gss188_jpg.rf.abbf670e9402c2dcf1427ac90f566590,C:\Machine Learning\projet\projet-machine-learning\dataset\labels\train\gss188_jpg.rf.abbf670e9402c2dcf1427ac90f566590.txt,C:\Machine Learning\projet\projet-machine-learning\dataset\images\train\gss188_jpg.rf.abbf670e9402c2dcf1427ac90f566590.jpg
train,gss1891_jpg.rf.62675fc196ca7bd4b982d814e38dd297,C:\Machine Learning\projet\projet-machine-learning\dataset\labels\train\gss1891_jpg.rf.62675fc196ca7bd4b982d814e38dd297.txt,C:\Machine Learning\projet\projet-machine-learning\dataset\images\train\gss1891_jpg.rf.62675fc196ca7bd4b982d814e38dd297.jpg
train,gss1892_jpg.rf.64cbb2099ef3d05e5c2346f4e9ba12ca,C:\Machine Learning\projet\projet-machine-learning\dataset\labels\train\gss1892_jpg.rf.64cbb2099ef3d05e5c2346f4e9ba12ca.txt,C:\Machine Learning\projet\projet-machine-learning\dataset\images\train\gss1892_jpg.rf.64cbb2099ef3d05e5c2346f4e9ba12ca.jpg
train,gss1895_jpg.rf.7defcd0433dc792d2757223e95bc8ab8,C:\Machine Learning\projet\projet-machine-learning\dataset\labels\train\gss1895_jpg.rf.7defcd0433dc792d2757223e95bc8ab8.txt,C:\Machine Learning\projet\projet-machine-learning\dataset\images\train\gss1895_jpg.rf.7defcd0433dc792d2757223e95bc8ab8.jpg
train,gss1896_jpg.rf.e1bc1bf82884336617ae5b8d45bfaa53,C:\Machine Learning\projet\projet-machine-learning\dataset\labels\train\gss1896_jpg.rf.e1bc1bf82884336617ae5b8d45bfaa53.txt,C:\Machine Learning\projet\projet-machine-learning\dataset\images\train\gss1896_jpg.rf.e1bc1bf82884336617ae5b8d45bfaa53.jpg
train,gss1899_jpg.rf.688ffc082b28e3679f0af9be352befa5,C:\Machine Learning\projet\projet-machine-learning\dataset\labels\train\gss1899_jpg.rf.688ffc082b28e3679f0af9be352befa5.txt,C:\Machine Learning\projet\projet-machine-learning\dataset\images\train\gss1899_jpg.rf.688ffc082b28e3679f0af9be352befa5.jpg
train,gss189_jpg.rf.e349fa3b7147b54c8a0dea9c72b22a79,C:\Machine Learning\projet\projet-machine-learning\dataset\labels\train\gss189_jpg.rf.e349fa3b7147b54c8a0dea9c72b22a79.txt,C:\Machine Learning\projet\projet-machine-learning\dataset\images\train\gss189_jpg.rf.e349fa3b7147b54c8a0dea9c72b22a79.jpg
train,gss18_jpg.rf.144ec044dbe999faf08149a3e45aa74e,C:\Machine Learning\projet\projet-machine-learning\dataset\labels\train\gss18_jpg.rf.144ec044dbe999faf08149a3e45aa74e.txt,C:\Machine Learning\projet\projet-machine-learning\dataset\images\train\gss18_jpg.rf.144ec044dbe999faf08149a3e45aa74e.jpg
train,gss1900_jpg.rf.4edcba6027740c644acf797337e84ce3,C:\Machine Learning\projet\projet-machine-learning\dataset\labels\train\gss1900_jpg.rf.4edcba6027740c644acf797337e84ce3.txt,C:\Machine Learning\projet\projet-machine-learning\dataset\images\train\gss1900_jpg.rf.4edcba6027740c644acf797337e84ce3.jpg
train,gss1901_jpg.rf.a071e853fb18afbc4ed4d9063bd8e186,C:\Machine Learning\projet\projet-machine-learning\dataset\labels\train\gss1901_jpg.rf.a071e853fb18afbc4ed4d9063bd8e186.txt,C:\Machine Learning\projet\projet-machine-learning\dataset\images\train\gss1901_jpg.rf.a071e853fb18afbc4ed4d9063bd8e186.jpg
train,gss1903_jpg.rf.d728dd3495b25cab6327d52ed4f45a63,C:\Machine Learning\projet\projet-machine-learning\dataset\labels\train\gss1903_jpg.rf.d728dd3495b25cab6327d52ed4f45a63.txt,C:\Machine Learning\projet\projet-machine-learning\dataset\images\train\gss1903_jpg.rf.d728dd3495b25cab6327d52ed4f45a63.jpg
train,gss1905_jpg.rf.325110a99201d734f31ed2596062301b,C:\Machine Learning\projet\projet-machine-learning\dataset\labels\train\gss1905_jpg.rf.325110a99201d734f31ed2596062301b.txt,C:\Machine Learning\projet\projet-machine-learning\dataset\images\train\gss1905_jpg.rf.325110a99201d734f31ed2596062301b.jpg
train,gss1906_jpg.rf.009618a9704d92c7fb305514cd4df587,C:\Machine Learning\projet\projet-machine-learning\dataset\labels\train\gss1906_jpg.rf.009618a9704d92c7fb305514cd4df587.txt,C:\Machine Learning\projet\projet-machine-learning\dataset\images\train\gss1906_jpg.rf.009618a9704d92c7fb305514cd4df587.jpg
train,gss1907_jpg.rf.4071f4e91e64f0a4c4a9f48b6bb7e0ed,C:\Machine Learning\projet\projet-machine-learning\dataset\labels\train\gss1907_jpg.rf.4071f4e91e64f0a4c4a9f48b6bb7e0ed.txt,C:\Machine Learning\projet\projet-machine-learning\dataset\images\train\gss1907_jpg.rf.4071f4e91e64f0a4c4a9f48b6bb7e0ed.jpg
train,gss1908_jpg.rf.e71e63bb354c59a936c5866ce9542019,C:\Machine Learning\projet\projet-machine-learning\dataset\labels\train\gss1908_jpg.rf.e71e63bb354c59a936c5866ce9542019.txt,C:\Machine Learning\projet\projet-machine-learning\dataset\images\train\gss1908_jpg.rf.e71e63bb354c59a936c5866ce9542019.jpg
train,gss1909_jpg.rf.4ddc1fc3127d800d4a01425e4d71131c,C:\Machine Learning\projet\projet-machine-learning\dataset\labels\train\gss1909_jpg.rf.4ddc1fc3127d800d4a01425e4d71131c.txt,C:\Machine Learning\projet\projet-machine-learning\dataset\images\train\gss1909_jpg.rf.4ddc1fc3127d800d4a01425e4d71131c.jpg
train,gss190_jpg.rf.0293ff85d0369c5a4c40375d8006e31a,C:\Machine Learning\projet\projet-machine-learning\dataset\labels\train\gss190_jpg.rf.0293ff85d0369c5a4c40375d8006e31a.txt,C:\Machine Learning\projet\projet-machine-learning\dataset\images\train\gss190_jpg.rf.0293ff85d0369c5a4c40375d8006e31a.jpg
train,gss1910_jpg.rf.b4ad038d8472572fa83687a65f9d09ec,C:\Machine Learning\projet\projet-machine-learning\dataset\labels\train\gss1910_jpg.rf.b4ad038d8472572fa83687a65f9d09ec.txt,C:\Machine Learning\projet\projet-machine-learning\dataset\images\train\gss1910_jpg.rf.b4ad038d8472572fa83687a65f9d09ec.jpg
train,gss1912_jpg.rf.77d4ba5699266cf480277bbbb194b3b5,C:\Machine Learning\projet\projet-machine-learning\dataset\labels\train\gss1912_jpg.rf.77d4ba5699266cf480277bbbb194b3b5.txt,C:\Machine Learning\projet\projet-machine-learning\dataset\images\train\gss1912_jpg.rf.77d4ba5699266cf480277bbbb194b3b5.jpg
train,gss1914_jpg.rf.388a33cfaaca8852d4e7ecd97f9f2109,C:\Machine Learning\projet\projet-machine-learning\dataset\labels\train\gss1914_jpg.rf.388a33cfaaca8852d4e7ecd97f9f2109.txt,C:\Machine Learning\projet\projet-machine-learning\dataset\images\train\gss1914_jpg.rf.388a33cfaaca8852d4e7ecd97f9f2109.jpg
train,gss1915_jpg.rf.9300cd3c115e3657656a12df86a53cd3,C:\Machine Learning\projet\projet-machine-learning\dataset\labels\train\gss1915_jpg.rf.9300cd3c115e3657656a12df86a53cd3.txt,C:\Machine Learning\projet\projet-machine-learning\dataset\images\train\gss1915_jpg.rf.9300cd3c115e3657656a12df86a53cd3.jpg
train,gss1917_jpg.rf.124ec540ff427aeb1d03f1fee9635f94,C:\Machine Learning\projet\projet-machine-learning\dataset\labels\train\gss1917_jpg.rf.124ec540ff427aeb1d03f1fee9635f94.txt,C:\Machine Learning\projet\projet-machine-learning\dataset\images\train\gss1917_jpg.rf.124ec540ff427aeb1d03f1fee9635f94.jpg
train,gss1919_jpg.rf.046a9dc0e9e79af70be1fcab455767da,C:\Machine Learning\projet\projet-machine-learning\dataset\labels\train\gss1919_jpg.rf.046a9dc0e9e79af70be1fcab455767da.txt,C:\Machine Learning\projet\projet-machine-learning\dataset\images\train\gss1919_jpg.rf.046a9dc0e9e79af70be1fcab455767da.jpg
train,gss1920_jpg.rf.0adcc121c3455170605b456c02c6a900,C:\Machine Learning\projet\projet-machine-learning\dataset\labels\train\gss1920_jpg.rf.0adcc121c3455170605b456c02c6a900.txt,C:\Machine Learning\projet\projet-machine-learning\dataset\images\train\gss1920_jpg.rf.0adcc121c3455170605b456c02c6a900.jpg
train,gss1921_jpg.rf.5b062d5d449539108f2ce9d3af3d44f5,C:\Machine Learning\projet\projet-machine-learning\dataset\labels\train\gss1921_jpg.rf.5b062d5d449539108f2ce9d3af3d44f5.txt,C:\Machine Learning\projet\projet-machine-learning\dataset\images\train\gss1921_jpg.rf.5b062d5d449539108f2ce9d3af3d44f5.jpg
train,gss1922_jpg.rf.7d188fe317d0900f5a5f6101cc0f5279,C:\Machine Learning\projet\projet-machine-learning\dataset\labels\train\gss1922_jpg.rf.7d188fe317d0900f5a5f6101cc0f5279.txt,C:\Machine Learning\projet\projet-machine-learning\dataset\images\train\gss1922_jpg.rf.7d188fe317d0900f5a5f6101cc0f5279.jpg
train,gss1923_jpg.rf.9f002862e2fe550231cbc322d03b7e4f,C:\Machine Learning\projet\projet-machine-learning\dataset\labels\train\gss1923_jpg.rf.9f002862e2fe550231cbc322d03b7e4f.txt,C:\Machine Learning\projet\projet-machine-learning\dataset\images\train\gss1923_jpg.rf.9f002862e2fe550231cbc322d03b7e4f.jpg
train,gss1925_jpg.rf.0729d99927bdc2941dc1443f308f4259,C:\Machine Learning\projet\projet-machine-learning\dataset\labels\train\gss1925_jpg.rf.0729d99927bdc2941dc1443f308f4259.txt,C:\Machine Learning\projet\projet-machine-learning\dataset\images\train\gss1925_jpg.rf.0729d99927bdc2941dc1443f308f4259.jpg
train,gss1926_jpg.rf.972ca7d052a809ea78538f49fe7b13f0,C:\Machine Learning\projet\projet-machine-learning\dataset\labels\train\gss1926_jpg.rf.972ca7d052a809ea78538f49fe7b13f0.txt,C:\Machine Learning\projet\projet-machine-learning\dataset\images\train\gss1926_jpg.rf.972ca7d052a809ea78538f49fe7b13f0.jpg
train,gss1928_jpg.rf.58e1520d482525b87cf26b654860f18f,C:\Machine Learning\projet\projet-machine-learning\dataset\labels\train\gss1928_jpg.rf.58e1520d482525b87cf26b654860f18f.txt,C:\Machine Learning\projet\projet-machine-learning\dataset\images\train\gss1928_jpg.rf.58e1520d482525b87cf26b654860f18f.jpg
train,gss1929_jpg.rf.da5284459964b8566381a59344209254,C:\Machine Learning\projet\projet-machine-learning\dataset\labels\train\gss1929_jpg.rf.da5284459964b8566381a59344209254.txt,C:\Machine Learning\projet\projet-machine-learning\dataset\images\train\gss1929_jpg.rf.da5284459964b8566381a59344209254.jpg
train,gss192_jpg.rf.fd1939da17797365226ad077addb819b,C:\Machine Learning\projet\projet-machine-learning\dataset\labels\train\gss192_jpg.rf.fd1939da17797365226ad077addb819b.txt,C:\Machine Learning\projet\projet-machine-learning\dataset\images\train\gss192_jpg.rf.fd1939da17797365226ad077addb819b.jpg
train,gss1930_jpg.rf.30271158ef58ed4cb57014ce36aa8e13,C:\Machine Learning\projet\projet-machine-learning\dataset\labels\train\gss1930_jpg.rf.30271158ef58ed4cb57014ce36aa8e13.txt,C:\Machine Learning\projet\projet-machine-learning\dataset\images\train\gss1930_jpg.rf.30271158ef58ed4cb57014ce36aa8e13.jpg
train,gss1931_jpg.rf.2f9bf75898b5ee3a756b1b0722fac0eb,C:\Machine Learning\projet\projet-machine-learning\dataset\labels\train\gss1931_jpg.rf.2f9bf75898b5ee3a756b1b0722fac0eb.txt,C:\Machine Learning\projet\projet-machine-learning\dataset\images\train\gss1931_jpg.rf.2f9bf75898b5ee3a756b1b0722fac0eb.jpg
train,gss1932_jpg.rf.4103ff4edc54d0f2c876c2ba7cf4217c,C:\Machine Learning\projet\projet-machine-learning\dataset\labels\train\gss1932_jpg.rf.4103ff4edc54d0f2c876c2ba7cf4217c.txt,C:\Machine Learning\projet\projet-machine-learning\dataset\images\train\gss1932_jpg.rf.4103ff4edc54d0f2c876c2ba7cf4217c.jpg
train,gss1934_jpg.rf.f70ecdb7dbe03af4e814c73044e0e900,C:\Machine Learning\projet\projet-machine-learning\dataset\labels\train\gss1934_jpg.rf.f70ecdb7dbe03af4e814c73044e0e900.txt,C:\Machine Learning\projet\projet-machine-learning\dataset\images\train\gss1934_jpg.rf.f70ecdb7dbe03af4e814c73044e0e900.jpg
train,gss1935_jpg.rf.8d81faaea03c599821517e93566be526,C:\Machine Learning\projet\projet-machine-learning\dataset\labels\train\gss1935_jpg.rf.8d81faaea03c599821517e93566be526.txt,C:\Machine Learning\projet\projet-machine-learning\dataset\images\train\gss1935_jpg.rf.8d81faaea03c599821517e93566be526.jpg
train,gss1937_jpg.rf.4e3052936c0131e3abaf928d6e25bcfc,C:\Machine Learning\projet\projet-machine-learning\dataset\labels\train\gss1937_jpg.rf.4e3052936c0131e3abaf928d6e25bcfc.txt,C:\Machine Learning\projet\projet-machine-learning\dataset\images\train\gss1937_jpg.rf.4e3052936c0131e3abaf928d6e25bcfc.jpg
train,gss1938_jpg.rf.8322fe57e66a1a713369372978527fc4,C:\Machine Learning\projet\projet-machine-learning\dataset\labels\train\gss1938_jpg.rf.8322fe57e66a1a713369372978527fc4.txt,C:\Machine Learning\projet\projet-machine-learning\dataset\images\train\gss1938_jpg.rf.8322fe57e66a1a713369372978527fc4.jpg
train,gss1939_jpg.rf.232c08c565d57cd3c36156da4d9ad15d,C:\Machine Learning\projet\projet-machine-learning\dataset\labels\train\gss1939_jpg.rf.232c08c565d57cd3c36156da4d9ad15d.txt,C:\Machine Learning\projet\projet-machine-learning\dataset\images\train\gss1939_jpg.rf.232c08c565d57cd3c36156da4d9ad15d.jpg
train,gss193_jpg.rf.5cd8e91992544119b02f78b61f74512a,C:\Machine Learning\projet\projet-machine-learning\dataset\labels\train\gss193_jpg.rf.5cd8e91992544119b02f78b61f74512a.txt,C:\Machine Learning\projet\projet-machine-learning\dataset\images\train\gss193_jpg.rf.5cd8e91992544119b02f78b61f74512a.jpg
train,gss1940_jpg.rf.7c2b37da6d94c5dd858e0591a4e5482e,C:\Machine Learning\projet\projet-machine-learning\dataset\labels\train\gss1940_jpg.rf.7c2b37da6d94c5dd858e0591a4e5482e.txt,C:\Machine Learning\projet\projet-machine-learning\dataset\images\train\gss1940_jpg.rf.7c2b37da6d94c5dd858e0591a4e5482e.jpg
train,gss1941_jpg.rf.d84c6fde6af563c49ff75c66606292ae,C:\Machine Learning\projet\projet-machine-learning\dataset\labels\train\gss1941_jpg.rf.d84c6fde6af563c49ff75c66606292ae.txt,C:\Machine Learning\projet\projet-machine-learning\dataset\images\train\gss1941_jpg.rf.d84c6fde6af563c49ff75c66606292ae.jpg
train,gss1942_jpg.rf.9058716999d574f581751ffdcba79786,C:\Machine Learning\projet\projet-machine-learning\dataset\labels\train\gss1942_jpg.rf.9058716999d574f581751ffdcba79786.txt,C:\Machine Learning\projet\projet-machine-learning\dataset\images\train\gss1942_jpg.rf.9058716999d574f581751ffdcba79786.jpg
train,gss1943_jpg.rf.599f1cf1db291de23d231df9f7edeec3,C:\Machine Learning\projet\projet-machine-learning\dataset\labels\train\gss1943_jpg.rf.599f1cf1db291de23d231df9f7edeec3.txt,C:\Machine Learning\projet\projet-machine-learning\dataset\images\train\gss1943_jpg.rf.599f1cf1db291de23d231df9f7edeec3.jpg
train,gss1944_jpg.rf.755f4497e3e3229fc8120f738798a66c,C:\Machine Learning\projet\projet-machine-learning\dataset\labels\train\gss1944_jpg.rf.755f4497e3e3229fc8120f738798a66c.txt,C:\Machine Learning\projet\projet-machine-learning\dataset\images\train\gss1944_jpg.rf.755f4497e3e3229fc8120f738798a66c.jpg
train,gss1945_jpg.rf.be79c37b9a45188602a80b6e8a5f3c1b,C:\Machine Learning\projet\projet-machine-learning\dataset\labels\train\gss1945_jpg.rf.be79c37b9a45188602a80b6e8a5f3c1b.txt,C:\Machine Learning\projet\projet-machine-learning\dataset\images\train\gss1945_jpg.rf.be79c37b9a45188602a80b6e8a5f3c1b.jpg
train,gss1947_jpg.rf.dfa2d1e68e347dc299d1dc92048bef2c,C:\Machine Learning\projet\projet-machine-learning\dataset\labels\train\gss1947_jpg.rf.dfa2d1e68e347dc299d1dc92048bef2c.txt,C:\Machine Learning\projet\projet-machine-learning\dataset\images\train\gss1947_jpg.rf.dfa2d1e68e347dc299d1dc92048bef2c.jpg
train,gss1948_jpg.rf.c9cf8364bce818272a875f9c406ef477,C:\Machine Learning\projet\projet-machine-learning\dataset\labels\train\gss1948_jpg.rf.c9cf8364bce818272a875f9c406ef477.txt,C:\Machine Learning\projet\projet-machine-learning\dataset\images\train\gss1948_jpg.rf.c9cf8364bce818272a875f9c406ef477.jpg
train,gss1949_jpg.rf.8b0b710abc06fbc9457d510a58721783,C:\Machine Learning\projet\projet-machine-learning\dataset\labels\train\gss1949_jpg.rf.8b0b710abc06fbc9457d510a58721783.txt,C:\Machine Learning\projet\projet-machine-learning\dataset\images\train\gss1949_jpg.rf.8b0b710abc06fbc9457d510a58721783.jpg
train,gss194_jpg.rf.d7191fa8980804141d52c0c807f9caf7,C:\Machine Learning\projet\projet-machine-learning\dataset\labels\train\gss194_jpg.rf.d7191fa8980804141d52c0c807f9caf7.txt,C:\Machine Learning\projet\projet-machine-learning\dataset\images\train\gss194_jpg.rf.d7191fa8980804141d52c0c807f9caf7.jpg
train,gss1951_jpg.rf.4cffe7f4c07a16ba3c6d52e73704be2d,C:\Machine Learning\projet\projet-machine-learning\dataset\labels\train\gss1951_jpg.rf.4cffe7f4c07a16ba3c6d52e73704be2d.txt,C:\Machine Learning\projet\projet-machine-learning\dataset\images\train\gss1951_jpg.rf.4cffe7f4c07a16ba3c6d52e73704be2d.jpg
train,gss1952_jpg.rf.5940b86aedd5287dd72806b19a5536f1,C:\Machine Learning\projet\projet-machine-learning\dataset\labels\train\gss1952_jpg.rf.5940b86aedd5287dd72806b19a5536f1.txt,C:\Machine Learning\projet\projet-machine-learning\dataset\images\train\gss1952_jpg.rf.5940b86aedd5287dd72806b19a5536f1.jpg
train,gss1953_jpg.rf.28581df02c1498f4b7335d39eafb1f93,C:\Machine Learning\projet\projet-machine-learning\dataset\labels\train\gss1953_jpg.rf.28581df02c1498f4b7335d39eafb1f93.txt,C:\Machine Learning\projet\projet-machine-learning\dataset\images\train\gss1953_jpg.rf.28581df02c1498f4b7335d39eafb1f93.jpg
train,gss1955_jpg.rf.6010c8c02ec01ac593bb4c823b812570,C:\Machine Learning\projet\projet-machine-learning\dataset\labels\train\gss1955_jpg.rf.6010c8c02ec01ac593bb4c823b812570.txt,C:\Machine Learning\projet\projet-machine-learning\dataset\images\train\gss1955_jpg.rf.6010c8c02ec01ac593bb4c823b812570.jpg
train,gss1956_jpg.rf.b42824b15e4dd17dea9a8ef8e73870c3,C:\Machine Learning\projet\projet-machine-learning\dataset\labels\train\gss1956_jpg.rf.b42824b15e4dd17dea9a8ef8e73870c3.txt,C:\Machine Learning\projet\projet-machine-learning\dataset\images\train\gss1956_jpg.rf.b42824b15e4dd17dea9a8ef8e73870c3.jpg
train,gss1957_jpg.rf.3af34f05fc75b7f8f624b906e991ef83,C:\Machine Learning\projet\projet-machine-learning\dataset\labels\train\gss1957_jpg.rf.3af34f05fc75b7f8f624b906e991ef83.txt,C:\Machine Learning\projet\projet-machine-learning\dataset\images\train\gss1957_jpg.rf.3af34f05fc75b7f8f624b906e991ef83.jpg
train,gss1958_jpg.rf.1cdb3829917b029fde4487f4cdc0885b,C:\Machine Learning\projet\projet-machine-learning\dataset\labels\train\gss1958_jpg.rf.1cdb3829917b029fde4487f4cdc0885b.txt,C:\Machine Learning\projet\projet-machine-learning\dataset\images\train\gss1958_jpg.rf.1cdb3829917b029fde4487f4cdc0885b.jpg
train,gss1959_jpg.rf.10ac6ed9e07465027cb133d2e53b9c89,C:\Machine Learning\projet\projet-machine-learning\dataset\labels\train\gss1959_jpg.rf.10ac6ed9e07465027cb133d2e53b9c89.txt,C:\Machine Learning\projet\projet-machine-learning\dataset\images\train\gss1959_jpg.rf.10ac6ed9e07465027cb133d2e53b9c89.jpg
train,gss195_jpg.rf.223dd1c8b8f22d50b3e198f71cc2ffa4,C:\Machine Learning\projet\projet-machine-learning\dataset\labels\train\gss195_jpg.rf.223dd1c8b8f22d50b3e198f71cc2ffa4.txt,C:\Machine Learning\projet\projet-machine-learning\dataset\images\train\gss195_jpg.rf.223dd1c8b8f22d50b3e198f71cc2ffa4.jpg
train,gss1962_jpg.rf.e60fafbe1bd69c45c543ed5f3f0003d9,C:\Machine Learning\projet\projet-machine-learning\dataset\labels\train\gss1962_jpg.rf.e60fafbe1bd69c45c543ed5f3f0003d9.txt,C:\Machine Learning\projet\projet-machine-learning\dataset\images\train\gss1962_jpg.rf.e60fafbe1bd69c45c543ed5f3f0003d9.jpg
train,gss1963_jpg.rf.c428d94a42d72d25a14c5f808eeaa63b,C:\Machine Learning\projet\projet-machine-learning\dataset\labels\train\gss1963_jpg.rf.c428d94a42d72d25a14c5f808eeaa63b.txt,C:\Machine Learning\projet\projet-machine-learning\dataset\images\train\gss1963_jpg.rf.c428d94a42d72d25a14c5f808eeaa63b.jpg
train,gss1964_jpg.rf.ad372f77b5f57ec04196596cde2d0daa,C:\Machine Learning\projet\projet-machine-learning\dataset\labels\train\gss1964_jpg.rf.ad372f77b5f57ec04196596cde2d0daa.txt,C:\Machine Learning\projet\projet-machine-learning\dataset\images\train\gss1964_jpg.rf.ad372f77b5f57ec04196596cde2d0daa.jpg
train,gss1966_jpg.rf.f43ea595f4bfd1936d0e9059389ea293,C:\Machine Learning\projet\projet-machine-learning\dataset\labels\train\gss1966_jpg.rf.f43ea595f4bfd1936d0e9059389ea293.txt,C:\Machine Learning\projet\projet-machine-learning\dataset\images\train\gss1966_jpg.rf.f43ea595f4bfd1936d0e9059389ea293.jpg
train,gss1967_jpg.rf.55232c7f4e1e5f542bab9b94ee0c23e8,C:\Machine Learning\projet\projet-machine-learning\dataset\labels\train\gss1967_jpg.rf.55232c7f4e1e5f542bab9b94ee0c23e8.txt,C:\Machine Learning\projet\projet-machine-learning\dataset\images\train\gss1967_jpg.rf.55232c7f4e1e5f542bab9b94ee0c23e8.jpg
train,gss1969_jpg.rf.57650eae62a660e4421770daaa86b4a5,C:\Machine Learning\projet\projet-machine-learning\dataset\labels\train\gss1969_jpg.rf.57650eae62a660e4421770daaa86b4a5.txt,C:\Machine Learning\projet\projet-machine-learning\dataset\images\train\gss1969_jpg.rf.57650eae62a660e4421770daaa86b4a5.jpg
train,gss1970_jpg.rf.4ae69dfc9deb1a8cd9247cfc9eb9b410,C:\Machine Learning\projet\projet-machine-learning\dataset\labels\train\gss1970_jpg.rf.4ae69dfc9deb1a8cd9247cfc9eb9b410.txt,C:\Machine Learning\projet\projet-machine-learning\dataset\images\train\gss1970_jpg.rf.4ae69dfc9deb1a8cd9247cfc9eb9b410.jpg
train,gss1971_jpg.rf.344259954b9726d680db220a5b8ea28c,C:\Machine Learning\projet\projet-machine-learning\dataset\labels\train\gss1971_jpg.rf.344259954b9726d680db220a5b8ea28c.txt,C:\Machine Learning\projet\projet-machine-learning\dataset\images\train\gss1971_jpg.rf.344259954b9726d680db220a5b8ea28c.jpg
train,gss1972_jpg.rf.3325358b38a0709ba55ba93820ae182b,C:\Machine Learning\projet\projet-machine-learning\dataset\labels\train\gss1972_jpg.rf.3325358b38a0709ba55ba93820ae182b.txt,C:\Machine Learning\projet\projet-machine-learning\dataset\images\train\gss1972_jpg.rf.3325358b38a0709ba55ba93820ae182b.jpg
train,gss1973_jpg.rf.1362249914b393192e25c7843f187747,C:\Machine Learning\projet\projet-machine-learning\dataset\labels\train\gss1973_jpg.rf.1362249914b393192e25c7843f187747.txt,C:\Machine Learning\projet\projet-machine-learning\dataset\images\train\gss1973_jpg.rf.1362249914b393192e25c7843f187747.jpg
train,gss1978_jpg.rf.00b61a8f5856dd95549fe77b58dbec22,C:\Machine Learning\projet\projet-machine-learning\dataset\labels\train\gss1978_jpg.rf.00b61a8f5856dd95549fe77b58dbec22.txt,C:\Machine Learning\projet\projet-machine-learning\dataset\images\train\gss1978_jpg.rf.00b61a8f5856dd95549fe77b58dbec22.jpg
train,gss197_jpg.rf.a68f39ca8ca511660344b2395c5e94b0,C:\Machine Learning\projet\projet-machine-learning\dataset\labels\train\gss197_jpg.rf.a68f39ca8ca511660344b2395c5e94b0.txt,C:\Machine Learning\projet\projet-machine-learning\dataset\images\train\gss197_jpg.rf.a68f39ca8ca511660344b2395c5e94b0.jpg
train,gss1980_jpg.rf.9d7b2d033be63a58b05fe586a5fb73fb,C:\Machine Learning\projet\projet-machine-learning\dataset\labels\train\gss1980_jpg.rf.9d7b2d033be63a58b05fe586a5fb73fb.txt,C:\Machine Learning\projet\projet-machine-learning\dataset\images\train\gss1980_jpg.rf.9d7b2d033be63a58b05fe586a5fb73fb.jpg
train,gss1982_jpg.rf.1494f61a214443dfe5407f6b42d4a38b,C:\Machine Learning\projet\projet-machine-learning\dataset\labels\train\gss1982_jpg.rf.1494f61a214443dfe5407f6b42d4a38b.txt,C:\Machine Learning\projet\projet-machine-learning\dataset\images\train\gss1982_jpg.rf.1494f61a214443dfe5407f6b42d4a38b.jpg
train,gss1983_jpg.rf.da26d800a18678619bd0bc29dd195faa,C:\Machine Learning\projet\projet-machine-learning\dataset\labels\train\gss1983_jpg.rf.da26d800a18678619bd0bc29dd195faa.txt,C:\Machine Learning\projet\projet-machine-learning\dataset\images\train\gss1983_jpg.rf.da26d800a18678619bd0bc29dd195faa.jpg
train,gss1984_jpg.rf.839ca6f8922bc632dd32ca62187410aa,C:\Machine Learning\projet\projet-machine-learning\dataset\labels\train\gss1984_jpg.rf.839ca6f8922bc632dd32ca62187410aa.txt,C:\Machine Learning\projet\projet-machine-learning\dataset\images\train\gss1984_jpg.rf.839ca6f8922bc632dd32ca62187410aa.jpg
train,gss1985_jpg.rf.a6441a308490df4e922df80241261840,C:\Machine Learning\projet\projet-machine-learning\dataset\labels\train\gss1985_jpg.rf.a6441a308490df4e922df80241261840.txt,C:\Machine Learning\projet\projet-machine-learning\dataset\images\train\gss1985_jpg.rf.a6441a308490df4e922df80241261840.jpg
train,gss1986_jpg.rf.7b018f0654ac3d3c892a1c4e0b703b4e,C:\Machine Learning\projet\projet-machine-learning\dataset\labels\train\gss1986_jpg.rf.7b018f0654ac3d3c892a1c4e0b703b4e.txt,C:\Machine Learning\projet\projet-machine-learning\dataset\images\train\gss1986_jpg.rf.7b018f0654ac3d3c892a1c4e0b703b4e.jpg
train,gss1987_jpg.rf.a49a36e1fe343ae331f7fb5db8a998e9,C:\Machine Learning\projet\projet-machine-learning\dataset\labels\train\gss1987_jpg.rf.a49a36e1fe343ae331f7fb5db8a998e9.txt,C:\Machine Learning\projet\projet-machine-learning\dataset\images\train\gss1987_jpg.rf.a49a36e1fe343ae331f7fb5db8a998e9.jpg
train,gss1989_jpg.rf.8439467314f3cb39807bef068b633399,C:\Machine Learning\projet\projet-machine-learning\dataset\labels\train\gss1989_jpg.rf.8439467314f3cb39807bef068b633399.txt,C:\Machine Learning\projet\projet-machine-learning\dataset\images\train\gss1989_jpg.rf.8439467314f3cb39807bef068b633399.jpg
train,gss1990_jpg.rf.38b4b7fba8218e5516303f0bdb73823d,C:\Machine Learning\projet\projet-machine-learning\dataset\labels\train\gss1990_jpg.rf.38b4b7fba8218e5516303f0bdb73823d.txt,C:\Machine Learning\projet\projet-machine-learning\dataset\images\train\gss1990_jpg.rf.38b4b7fba8218e5516303f0bdb73823d.jpg
train,gss1991_jpg.rf.27bb5610b103b99746d4f15e6c576ce9,C:\Machine Learning\projet\projet-machine-learning\dataset\labels\train\gss1991_jpg.rf.27bb5610b103b99746d4f15e6c576ce9.txt,C:\Machine Learning\projet\projet-machine-learning\dataset\images\train\gss1991_jpg.rf.27bb5610b103b99746d4f15e6c576ce9.jpg
train,gss1993_jpg.rf.24384763a87138824f43a28a63454491,C:\Machine Learning\projet\projet-machine-learning\dataset\labels\train\gss1993_jpg.rf.24384763a87138824f43a28a63454491.txt,C:\Machine Learning\projet\projet-machine-learning\dataset\images\train\gss1993_jpg.rf.24384763a87138824f43a28a63454491.jpg
train,gss1994_jpg.rf.56b8885985d528cfa4b5b585390b7c85,C:\Machine Learning\projet\projet-machine-learning\dataset\labels\train\gss1994_jpg.rf.56b8885985d528cfa4b5b585390b7c85.txt,C:\Machine Learning\projet\projet-machine-learning\dataset\images\train\gss1994_jpg.rf.56b8885985d528cfa4b5b585390b7c85.jpg
train,gss1995_jpg.rf.10f856f482e56e901eaa03c3be4ae2f9,C:\Machine Learning\projet\projet-machine-learning\dataset\labels\train\gss1995_jpg.rf.10f856f482e56e901eaa03c3be4ae2f9.txt,C:\Machine Learning\projet\projet-machine-learning\dataset\images\train\gss1995_jpg.rf.10f856f482e56e901eaa03c3be4ae2f9.jpg
train,gss1997_jpg.rf.488beb219353b731b9d53fe42263add7,C:\Machine Learning\projet\projet-machine-learning\dataset\labels\train\gss1997_jpg.rf.488beb219353b731b9d53fe42263add7.txt,C:\Machine Learning\projet\projet-machine-learning\dataset\images\train\gss1997_jpg.rf.488beb219353b731b9d53fe42263add7.jpg
train,gss1998_jpg.rf.93ef8d24da5b7d8982ba671b89cc7f2d,C:\Machine Learning\projet\projet-machine-learning\dataset\labels\train\gss1998_jpg.rf.93ef8d24da5b7d8982ba671b89cc7f2d.txt,C:\Machine Learning\projet\projet-machine-learning\dataset\images\train\gss1998_jpg.rf.93ef8d24da5b7d8982ba671b89cc7f2d.jpg
train,gss1999_jpg.rf.2bdcb696a237c4304568c479b723b746,C:\Machine Learning\projet\projet-machine-learning\dataset\labels\train\gss1999_jpg.rf.2bdcb696a237c4304568c479b723b746.txt,C:\Machine Learning\projet\projet-machine-learning\dataset\images\train\gss1999_jpg.rf.2bdcb696a237c4304568c479b723b746.jpg
train,gss199_jpg.rf.7944fc563de6b660c02007b601065ec1,C:\Machine Learning\projet\projet-machine-learning\dataset\labels\train\gss199_jpg.rf.7944fc563de6b660c02007b601065ec1.txt,C:\Machine Learning\projet\projet-machine-learning\dataset\images\train\gss199_jpg.rf.7944fc563de6b660c02007b601065ec1.jpg
train,gss19_jpg.rf.2762b35d2e62a98f4993980105dce5a8,C:\Machine Learning\projet\projet-machine-learning\dataset\labels\train\gss19_jpg.rf.2762b35d2e62a98f4993980105dce5a8.txt,C:\Machine Learning\projet\projet-machine-learning\dataset\images\train\gss19_jpg.rf.2762b35d2e62a98f4993980105dce5a8.jpg
train,gss1_jpg.rf.3d14b3515ea31e9a0668a282efe6ea6d,C:\Machine Learning\projet\projet-machine-learning\dataset\labels\train\gss1_jpg.rf.3d14b3515ea31e9a0668a282efe6ea6d.txt,C:\Machine Learning\projet\projet-machine-learning\dataset\images\train\gss1_jpg.rf.3d14b3515ea31e9a0668a282efe6ea6d.jpg
train,gss2000_jpg.rf.605e5e5f60a75b95aba89a4c92b7dcdc,C:\Machine Learning\projet\projet-machine-learning\dataset\labels\train\gss2000_jpg.rf.605e5e5f60a75b95aba89a4c92b7dcdc.txt,C:\Machine Learning\projet\projet-machine-learning\dataset\images\train\gss2000_jpg.rf.605e5e5f60a75b95aba89a4c92b7dcdc.jpg
train,gss2002_jpg.rf.d976e8ff3b7830ac35e9ab5a4a6599a2,C:\Machine Learning\projet\projet-machine-learning\dataset\labels\train\gss2002_jpg.rf.d976e8ff3b7830ac35e9ab5a4a6599a2.txt,C:\Machine Learning\projet\projet-machine-learning\dataset\images\train\gss2002_jpg.rf.d976e8ff3b7830ac35e9ab5a4a6599a2.jpg
train,gss2003_jpg.rf.2efe49d542d1c03472d0073efe96fbdd,C:\Machine Learning\projet\projet-machine-learning\dataset\labels\train\gss2003_jpg.rf.2efe49d542d1c03472d0073efe96fbdd.txt,C:\Machine Learning\projet\projet-machine-learning\dataset\images\train\gss2003_jpg.rf.2efe49d542d1c03472d0073efe96fbdd.jpg
train,gss2005_jpg.rf.5d201d12185f9ba27d8b2e1335d731f3,C:\Machine Learning\projet\projet-machine-learning\dataset\labels\train\gss2005_jpg.rf.5d201d12185f9ba27d8b2e1335d731f3.txt,C:\Machine Learning\projet\projet-machine-learning\dataset\images\train\gss2005_jpg.rf.5d201d12185f9ba27d8b2e1335d731f3.jpg
train,gss2006_jpg.rf.f9e559d3ae14092474e7625d98b43fd0,C:\Machine Learning\projet\projet-machine-learning\dataset\labels\train\gss2006_jpg.rf.f9e559d3ae14092474e7625d98b43fd0.txt,C:\Machine Learning\projet\projet-machine-learning\dataset\images\train\gss2006_jpg.rf.f9e559d3ae14092474e7625d98b43fd0.jpg
train,gss2008_jpg.rf.932697dcc187e8b90dc8e677d2db0e6a,C:\Machine Learning\projet\projet-machine-learning\dataset\labels\train\gss2008_jpg.rf.932697dcc187e8b90dc8e677d2db0e6a.txt,C:\Machine Learning\projet\projet-machine-learning\dataset\images\train\gss2008_jpg.rf.932697dcc187e8b90dc8e677d2db0e6a.jpg
train,gss2010_jpg.rf.d5b7fe5d95fdf3c288b6a7f867cfd1c3,C:\Machine Learning\projet\projet-machine-learning\dataset\labels\train\gss2010_jpg.rf.d5b7fe5d95fdf3c288b6a7f867cfd1c3.txt,C:\Machine Learning\projet\projet-machine-learning\dataset\images\train\gss2010_jpg.rf.d5b7fe5d95fdf3c288b6a7f867cfd1c3.jpg
train,gss2011_jpg.rf.cbb9e2f853fafdb83314592af8dd16e6,C:\Machine Learning\projet\projet-machine-learning\dataset\labels\train\gss2011_jpg.rf.cbb9e2f853fafdb83314592af8dd16e6.txt,C:\Machine Learning\projet\projet-machine-learning\dataset\images\train\gss2011_jpg.rf.cbb9e2f853fafdb83314592af8dd16e6.jpg
train,gss2012_jpg.rf.a43b718e9383306b369e349e06bc4b96,C:\Machine Learning\projet\projet-machine-learning\dataset\labels\train\gss2012_jpg.rf.a43b718e9383306b369e349e06bc4b96.txt,C:\Machine Learning\projet\projet-machine-learning\dataset\images\train\gss2012_jpg.rf.a43b718e9383306b369e349e06bc4b96.jpg
train,gss2015_jpg.rf.ee6ecce7609808cd65536d51b946a2db,C:\Machine Learning\projet\projet-machine-learning\dataset\labels\train\gss2015_jpg.rf.ee6ecce7609808cd65536d51b946a2db.txt,C:\Machine Learning\projet\projet-machine-learning\dataset\images\train\gss2015_jpg.rf.ee6ecce7609808cd65536d51b946a2db.jpg
train,gss2016_jpg.rf.c84864a1bd5d6e3708ab8ab1e7bd90ba,C:\Machine Learning\projet\projet-machine-learning\dataset\labels\train\gss2016_jpg.rf.c84864a1bd5d6e3708ab8ab1e7bd90ba.txt,C:\Machine Learning\projet\projet-machine-learning\dataset\images\train\gss2016_jpg.rf.c84864a1bd5d6e3708ab8ab1e7bd90ba.jpg
train,gss2018_jpg.rf.f5c4a747020f596243a2ba954c5dd52e,C:\Machine Learning\projet\projet-machine-learning\dataset\labels\train\gss2018_jpg.rf.f5c4a747020f596243a2ba954c5dd52e.txt,C:\Machine Learning\projet\projet-machine-learning\dataset\images\train\gss2018_jpg.rf.f5c4a747020f596243a2ba954c5dd52e.jpg
train,gss2019_jpg.rf.cfd5b64bf0d871f8fbdedb96a3150b62,C:\Machine Learning\projet\projet-machine-learning\dataset\labels\train\gss2019_jpg.rf.cfd5b64bf0d871f8fbdedb96a3150b62.txt,C:\Machine Learning\projet\projet-machine-learning\dataset\images\train\gss2019_jpg.rf.cfd5b64bf0d871f8fbdedb96a3150b62.jpg
train,gss201_jpg.rf.b8990c762b86b3614e5d7b2ec0998025,C:\Machine Learning\projet\projet-machine-learning\dataset\labels\train\gss201_jpg.rf.b8990c762b86b3614e5d7b2ec0998025.txt,C:\Machine Learning\projet\projet-machine-learning\dataset\images\train\gss201_jpg.rf.b8990c762b86b3614e5d7b2ec0998025.jpg
train,gss2020_jpg.rf.65536532cc0834faf31e9cc775213fbc,C:\Machine Learning\projet\projet-machine-learning\dataset\labels\train\gss2020_jpg.rf.65536532cc0834faf31e9cc775213fbc.txt,C:\Machine Learning\projet\projet-machine-learning\dataset\images\train\gss2020_jpg.rf.65536532cc0834faf31e9cc775213fbc.jpg
train,gss2021_jpg.rf.a013e27a50ef2ffde8bb6f0af1e3e5e7,C:\Machine Learning\projet\projet-machine-learning\dataset\labels\train\gss2021_jpg.rf.a013e27a50ef2ffde8bb6f0af1e3e5e7.txt,C:\Machine Learning\projet\projet-machine-learning\dataset\images\train\gss2021_jpg.rf.a013e27a50ef2ffde8bb6f0af1e3e5e7.jpg
train,gss2022_jpg.rf.d0760dd168506f5ebff0efb21fcc26b5,C:\Machine Learning\projet\projet-machine-learning\dataset\labels\train\gss2022_jpg.rf.d0760dd168506f5ebff0efb21fcc26b5.txt,C:\Machine Learning\projet\projet-machine-learning\dataset\images\train\gss2022_jpg.rf.d0760dd168506f5ebff0efb21fcc26b5.jpg
train,gss2023_jpg.rf.41806ef586acf46e5243a705b5af69bf,C:\Machine Learning\projet\projet-machine-learning\dataset\labels\train\gss2023_jpg.rf.41806ef586acf46e5243a705b5af69bf.txt,C:\Machine Learning\projet\projet-machine-learning\dataset\images\train\gss2023_jpg.rf.41806ef586acf46e5243a705b5af69bf.jpg
train,gss2024_jpg.rf.763b018d912db483e47b63a420712c32,C:\Machine Learning\projet\projet-machine-learning\dataset\labels\train\gss2024_jpg.rf.763b018d912db483e47b63a420712c32.txt,C:\Machine Learning\projet\projet-machine-learning\dataset\images\train\gss2024_jpg.rf.763b018d912db483e47b63a420712c32.jpg
train,gss2026_jpg.rf.48b880fdc4c96d1431a597c07a37ce68,C:\Machine Learning\projet\projet-machine-learning\dataset\labels\train\gss2026_jpg.rf.48b880fdc4c96d1431a597c07a37ce68.txt,C:\Machine Learning\projet\projet-machine-learning\dataset\images\train\gss2026_jpg.rf.48b880fdc4c96d1431a597c07a37ce68.jpg
train,gss2027_jpg.rf.5ee9022e04579a22ca5b0fd1ee55cad3,C:\Machine Learning\projet\projet-machine-learning\dataset\labels\train\gss2027_jpg.rf.5ee9022e04579a22ca5b0fd1ee55cad3.txt,C:\Machine Learning\projet\projet-machine-learning\dataset\images\train\gss2027_jpg.rf.5ee9022e04579a22ca5b0fd1ee55cad3.jpg
train,gss2029_jpg.rf.247ea93c496333bcc3267bbcbc9ce3b7,C:\Machine Learning\projet\projet-machine-learning\dataset\labels\train\gss2029_jpg.rf.247ea93c496333bcc3267bbcbc9ce3b7.txt,C:\Machine Learning\projet\projet-machine-learning\dataset\images\train\gss2029_jpg.rf.247ea93c496333bcc3267bbcbc9ce3b7.jpg
train,gss202_jpg.rf.59ba6020c827344129d9b50242539523,C:\Machine Learning\projet\projet-machine-learning\dataset\labels\train\gss202_jpg.rf.59ba6020c827344129d9b50242539523.txt,C:\Machine Learning\projet\projet-machine-learning\dataset\images\train\gss202_jpg.rf.59ba6020c827344129d9b50242539523.jpg
train,gss2031_jpg.rf.4220f6b3d8483d1b51fca43b376cd191,C:\Machine Learning\projet\projet-machine-learning\dataset\labels\train\gss2031_jpg.rf.4220f6b3d8483d1b51fca43b376cd191.txt,C:\Machine Learning\projet\projet-machine-learning\dataset\images\train\gss2031_jpg.rf.4220f6b3d8483d1b51fca43b376cd191.jpg
train,gss2032_jpg.rf.72d611ce2c31aa6b2987cfcb84beda97,C:\Machine Learning\projet\projet-machine-learning\dataset\labels\train\gss2032_jpg.rf.72d611ce2c31aa6b2987cfcb84beda97.txt,C:\Machine Learning\projet\projet-machine-learning\dataset\images\train\gss2032_jpg.rf.72d611ce2c31aa6b2987cfcb84beda97.jpg
train,gss2033_jpg.rf.95acfa0eda8a48b81f0b8b12b944af79,C:\Machine Learning\projet\projet-machine-learning\dataset\labels\train\gss2033_jpg.rf.95acfa0eda8a48b81f0b8b12b944af79.txt,C:\Machine Learning\projet\projet-machine-learning\dataset\images\train\gss2033_jpg.rf.95acfa0eda8a48b81f0b8b12b944af79.jpg
train,gss2034_jpg.rf.1a79d5e8f9757ed9b6ea21d0b0f522dc,C:\Machine Learning\projet\projet-machine-learning\dataset\labels\train\gss2034_jpg.rf.1a79d5e8f9757ed9b6ea21d0b0f522dc.txt,C:\Machine Learning\projet\projet-machine-learning\dataset\images\train\gss2034_jpg.rf.1a79d5e8f9757ed9b6ea21d0b0f522dc.jpg
train,gss2036_jpg.rf.776be260a5e1007b98fffe8825645951,C:\Machine Learning\projet\projet-machine-learning\dataset\labels\train\gss2036_jpg.rf.776be260a5e1007b98fffe8825645951.txt,C:\Machine Learning\projet\projet-machine-learning\dataset\images\train\gss2036_jpg.rf.776be260a5e1007b98fffe8825645951.jpg
train,gss2037_jpg.rf.c50bb9bc6d5542031551ee79aa212060,C:\Machine Learning\projet\projet-machine-learning\dataset\labels\train\gss2037_jpg.rf.c50bb9bc6d5542031551ee79aa212060.txt,C:\Machine Learning\projet\projet-machine-learning\dataset\images\train\gss2037_jpg.rf.c50bb9bc6d5542031551ee79aa212060.jpg
train,gss2038_jpg.rf.6740161c243853bd3085cb4760e6d5b2,C:\Machine Learning\projet\projet-machine-learning\dataset\labels\train\gss2038_jpg.rf.6740161c243853bd3085cb4760e6d5b2.txt,C:\Machine Learning\projet\projet-machine-learning\dataset\images\train\gss2038_jpg.rf.6740161c243853bd3085cb4760e6d5b2.jpg
train,gss2039_jpg.rf.9bc2e369ca6bb296b54f41427e291420,C:\Machine Learning\projet\projet-machine-learning\dataset\labels\train\gss2039_jpg.rf.9bc2e369ca6bb296b54f41427e291420.txt,C:\Machine Learning\projet\projet-machine-learning\dataset\images\train\gss2039_jpg.rf.9bc2e369ca6bb296b54f41427e291420.jpg
train,gss203_jpg.rf.e5938e392e4f069c359af5176d810de0,C:\Machine Learning\projet\projet-machine-learning\dataset\labels\train\gss203_jpg.rf.e5938e392e4f069c359af5176d810de0.txt,C:\Machine Learning\projet\projet-machine-learning\dataset\images\train\gss203_jpg.rf.e5938e392e4f069c359af5176d810de0.jpg
train,gss2041_jpg.rf.39dc6be18e70389e274f6fe762e6caf2,C:\Machine Learning\projet\projet-machine-learning\dataset\labels\train\gss2041_jpg.rf.39dc6be18e70389e274f6fe762e6caf2.txt,C:\Machine Learning\projet\projet-machine-learning\dataset\images\train\gss2041_jpg.rf.39dc6be18e70389e274f6fe762e6caf2.jpg
train,gss2043_jpg.rf.6cae0d0b42213f87cccfdbc092d5421d,C:\Machine Learning\projet\projet-machine-learning\dataset\labels\train\gss2043_jpg.rf.6cae0d0b42213f87cccfdbc092d5421d.txt,C:\Machine Learning\projet\projet-machine-learning\dataset\images\train\gss2043_jpg.rf.6cae0d0b42213f87cccfdbc092d5421d.jpg
train,gss2044_jpg.rf.f779c5258116f331465909ec66b14aea,C:\Machine Learning\projet\projet-machine-learning\dataset\labels\train\gss2044_jpg.rf.f779c5258116f331465909ec66b14aea.txt,C:\Machine Learning\projet\projet-machine-learning\dataset\images\train\gss2044_jpg.rf.f779c5258116f331465909ec66b14aea.jpg
train,gss2045_jpg.rf.379f2784003a35ada238c38733cb57c1,C:\Machine Learning\projet\projet-machine-learning\dataset\labels\train\gss2045_jpg.rf.379f2784003a35ada238c38733cb57c1.txt,C:\Machine Learning\projet\projet-machine-learning\dataset\images\train\gss2045_jpg.rf.379f2784003a35ada238c38733cb57c1.jpg
train,gss2046_jpg.rf.7082f0d4c3591d09a724846aeeae2984,C:\Machine Learning\projet\projet-machine-learning\dataset\labels\train\gss2046_jpg.rf.7082f0d4c3591d09a724846aeeae2984.txt,C:\Machine Learning\projet\projet-machine-learning\dataset\images\train\gss2046_jpg.rf.7082f0d4c3591d09a724846aeeae2984.jpg
train,gss2047_jpg.rf.3506416c4d7ee54560a081450e3808d0,C:\Machine Learning\projet\projet-machine-learning\dataset\labels\train\gss2047_jpg.rf.3506416c4d7ee54560a081450e3808d0.txt,C:\Machine Learning\projet\projet-machine-learning\dataset\images\train\gss2047_jpg.rf.3506416c4d7ee54560a081450e3808d0.jpg
train,gss2049_jpg.rf.7d868cf5bd1d8fe92d85b21bc8341b38,C:\Machine Learning\projet\projet-machine-learning\dataset\labels\train\gss2049_jpg.rf.7d868cf5bd1d8fe92d85b21bc8341b38.txt,C:\Machine Learning\projet\projet-machine-learning\dataset\images\train\gss2049_jpg.rf.7d868cf5bd1d8fe92d85b21bc8341b38.jpg
train,gss2050_jpg.rf.17a8e67c8d61300d0cc4d7cbb06cfeda,C:\Machine Learning\projet\projet-machine-learning\dataset\labels\train\gss2050_jpg.rf.17a8e67c8d61300d0cc4d7cbb06cfeda.txt,C:\Machine Learning\projet\projet-machine-learning\dataset\images\train\gss2050_jpg.rf.17a8e67c8d61300d0cc4d7cbb06cfeda.jpg
train,gss2051_jpg.rf.193b49cdb765af540607070c67e43e7f,C:\Machine Learning\projet\projet-machine-learning\dataset\labels\train\gss2051_jpg.rf.193b49cdb765af540607070c67e43e7f.txt,C:\Machine Learning\projet\projet-machine-learning\dataset\images\train\gss2051_jpg.rf.193b49cdb765af540607070c67e43e7f.jpg
train,gss2052_jpg.rf.eaf3cdf56832cbf3b593d9d1c99a66f7,C:\Machine Learning\projet\projet-machine-learning\dataset\labels\train\gss2052_jpg.rf.eaf3cdf56832cbf3b593d9d1c99a66f7.txt,C:\Machine Learning\projet\projet-machine-learning\dataset\images\train\gss2052_jpg.rf.eaf3cdf56832cbf3b593d9d1c99a66f7.jpg
train,gss2053_jpg.rf.10012aa0bf7ce1a30da2a4b426548e28,C:\Machine Learning\projet\projet-machine-learning\dataset\labels\train\gss2053_jpg.rf.10012aa0bf7ce1a30da2a4b426548e28.txt,C:\Machine Learning\projet\projet-machine-learning\dataset\images\train\gss2053_jpg.rf.10012aa0bf7ce1a30da2a4b426548e28.jpg
train,gss2054_jpg.rf.47ceb44fc749d6664905529ba09ec16c,C:\Machine Learning\projet\projet-machine-learning\dataset\labels\train\gss2054_jpg.rf.47ceb44fc749d6664905529ba09ec16c.txt,C:\Machine Learning\projet\projet-machine-learning\dataset\images\train\gss2054_jpg.rf.47ceb44fc749d6664905529ba09ec16c.jpg
train,gss2056_jpg.rf.35adf3de5e8d7f8d177649190fd7cc0b,C:\Machine Learning\projet\projet-machine-learning\dataset\labels\train\gss2056_jpg.rf.35adf3de5e8d7f8d177649190fd7cc0b.txt,C:\Machine Learning\projet\projet-machine-learning\dataset\images\train\gss2056_jpg.rf.35adf3de5e8d7f8d177649190fd7cc0b.jpg
train,gss2057_jpg.rf.259d7dae96a56009c7c005d43d9f7141,C:\Machine Learning\projet\projet-machine-learning\dataset\labels\train\gss2057_jpg.rf.259d7dae96a56009c7c005d43d9f7141.txt,C:\Machine Learning\projet\projet-machine-learning\dataset\images\train\gss2057_jpg.rf.259d7dae96a56009c7c005d43d9f7141.jpg
train,gss2059_jpg.rf.3743b10c7e7b322def4dad5ec09c3450,C:\Machine Learning\projet\projet-machine-learning\dataset\labels\train\gss2059_jpg.rf.3743b10c7e7b322def4dad5ec09c3450.txt,C:\Machine Learning\projet\projet-machine-learning\dataset\images\train\gss2059_jpg.rf.3743b10c7e7b322def4dad5ec09c3450.jpg
train,gss2061_jpg.rf.cad7195c9c0b72aa5e4c6caad2cf9cc1,C:\Machine Learning\projet\projet-machine-learning\dataset\labels\train\gss2061_jpg.rf.cad7195c9c0b72aa5e4c6caad2cf9cc1.txt,C:\Machine Learning\projet\projet-machine-learning\dataset\images\train\gss2061_jpg.rf.cad7195c9c0b72aa5e4c6caad2cf9cc1.jpg
train,gss2062_jpg.rf.b40b061a47af09054de445e6a8e36d9b,C:\Machine Learning\projet\projet-machine-learning\dataset\labels\train\gss2062_jpg.rf.b40b061a47af09054de445e6a8e36d9b.txt,C:\Machine Learning\projet\projet-machine-learning\dataset\images\train\gss2062_jpg.rf.b40b061a47af09054de445e6a8e36d9b.jpg
train,gss2063_jpg.rf.b38e97cae581e50a867f17c747b33359,C:\Machine Learning\projet\projet-machine-learning\dataset\labels\train\gss2063_jpg.rf.b38e97cae581e50a867f17c747b33359.txt,C:\Machine Learning\projet\projet-machine-learning\dataset\images\train\gss2063_jpg.rf.b38e97cae581e50a867f17c747b33359.jpg
train,gss2064_jpg.rf.836bc82decdfe150eecf6b2de1b452af,C:\Machine Learning\projet\projet-machine-learning\dataset\labels\train\gss2064_jpg.rf.836bc82decdfe150eecf6b2de1b452af.txt,C:\Machine Learning\projet\projet-machine-learning\dataset\images\train\gss2064_jpg.rf.836bc82decdfe150eecf6b2de1b452af.jpg
train,gss2066_jpg.rf.9186425dccb2306d59be61e968b374e4,C:\Machine Learning\projet\projet-machine-learning\dataset\labels\train\gss2066_jpg.rf.9186425dccb2306d59be61e968b374e4.txt,C:\Machine Learning\projet\projet-machine-learning\dataset\images\train\gss2066_jpg.rf.9186425dccb2306d59be61e968b374e4.jpg
train,gss2067_jpg.rf.543a482b50448371451ff4bc0ae07395,C:\Machine Learning\projet\projet-machine-learning\dataset\labels\train\gss2067_jpg.rf.543a482b50448371451ff4bc0ae07395.txt,C:\Machine Learning\projet\projet-machine-learning\dataset\images\train\gss2067_jpg.rf.543a482b50448371451ff4bc0ae07395.jpg
train,gss2068_jpg.rf.cc39f6bfa1d1ffac2717f816c5f8ebf9,C:\Machine Learning\projet\projet-machine-learning\dataset\labels\train\gss2068_jpg.rf.cc39f6bfa1d1ffac2717f816c5f8ebf9.txt,C:\Machine Learning\projet\projet-machine-learning\dataset\images\train\gss2068_jpg.rf.cc39f6bfa1d1ffac2717f816c5f8ebf9.jpg
train,gss2069_jpg.rf.db83c09d37d63716322722bf6e098f60,C:\Machine Learning\projet\projet-machine-learning\dataset\labels\train\gss2069_jpg.rf.db83c09d37d63716322722bf6e098f60.txt,C:\Machine Learning\projet\projet-machine-learning\dataset\images\train\gss2069_jpg.rf.db83c09d37d63716322722bf6e098f60.jpg
train,gss206_jpg.rf.5ed8de488d4105083b3003e6012edd73,C:\Machine Learning\projet\projet-machine-learning\dataset\labels\train\gss206_jpg.rf.5ed8de488d4105083b3003e6012edd73.txt,C:\Machine Learning\projet\projet-machine-learning\dataset\images\train\gss206_jpg.rf.5ed8de488d4105083b3003e6012edd73.jpg
train,gss2070_jpg.rf.cb9a4f67d3afb3e53d86ce241ae8798d,C:\Machine Learning\projet\projet-machine-learning\dataset\labels\train\gss2070_jpg.rf.cb9a4f67d3afb3e53d86ce241ae8798d.txt,C:\Machine Learning\projet\projet-machine-learning\dataset\images\train\gss2070_jpg.rf.cb9a4f67d3afb3e53d86ce241ae8798d.jpg
train,gss2071_jpg.rf.d8cdd00813c17a7f9f1428c73ad117ad,C:\Machine Learning\projet\projet-machine-learning\dataset\labels\train\gss2071_jpg.rf.d8cdd00813c17a7f9f1428c73ad117ad.txt,C:\Machine Learning\projet\projet-machine-learning\dataset\images\train\gss2071_jpg.rf.d8cdd00813c17a7f9f1428c73ad117ad.jpg
train,gss2072_jpg.rf.b6241376cfc257e9fd2103aee445e040,C:\Machine Learning\projet\projet-machine-learning\dataset\labels\train\gss2072_jpg.rf.b6241376cfc257e9fd2103aee445e040.txt,C:\Machine Learning\projet\projet-machine-learning\dataset\images\train\gss2072_jpg.rf.b6241376cfc257e9fd2103aee445e040.jpg
train,gss2074_jpg.rf.805e89967a58e3f3bf417fb2324dc52d,C:\Machine Learning\projet\projet-machine-learning\dataset\labels\train\gss2074_jpg.rf.805e89967a58e3f3bf417fb2324dc52d.txt,C:\Machine Learning\projet\projet-machine-learning\dataset\images\train\gss2074_jpg.rf.805e89967a58e3f3bf417fb2324dc52d.jpg
train,gss2076_jpg.rf.8cba4ed8e3402641b6e59d73321a3b5b,C:\Machine Learning\projet\projet-machine-learning\dataset\labels\train\gss2076_jpg.rf.8cba4ed8e3402641b6e59d73321a3b5b.txt,C:\Machine Learning\projet\projet-machine-learning\dataset\images\train\gss2076_jpg.rf.8cba4ed8e3402641b6e59d73321a3b5b.jpg
train,gss2077_jpg.rf.0481908ccd1608ae3f48baaa6f23b6d6,C:\Machine Learning\projet\projet-machine-learning\dataset\labels\train\gss2077_jpg.rf.0481908ccd1608ae3f48baaa6f23b6d6.txt,C:\Machine Learning\projet\projet-machine-learning\dataset\images\train\gss2077_jpg.rf.0481908ccd1608ae3f48baaa6f23b6d6.jpg
train,gss2078_jpg.rf.d3e7161c244725f0b00fd9f27d4feadb,C:\Machine Learning\projet\projet-machine-learning\dataset\labels\train\gss2078_jpg.rf.d3e7161c244725f0b00fd9f27d4feadb.txt,C:\Machine Learning\projet\projet-machine-learning\dataset\images\train\gss2078_jpg.rf.d3e7161c244725f0b00fd9f27d4feadb.jpg
train,gss2079_jpg.rf.6f7a31ea4dedbafee132b4acd85f1a83,C:\Machine Learning\projet\projet-machine-learning\dataset\labels\train\gss2079_jpg.rf.6f7a31ea4dedbafee132b4acd85f1a83.txt,C:\Machine Learning\projet\projet-machine-learning\dataset\images\train\gss2079_jpg.rf.6f7a31ea4dedbafee132b4acd85f1a83.jpg
train,gss207_jpg.rf.342167ba13c50a0334e099537e5f4424,C:\Machine Learning\projet\projet-machine-learning\dataset\labels\train\gss207_jpg.rf.342167ba13c50a0334e099537e5f4424.txt,C:\Machine Learning\projet\projet-machine-learning\dataset\images\train\gss207_jpg.rf.342167ba13c50a0334e099537e5f4424.jpg
train,gss2080_jpg.rf.394cb06d3e008da4f56fb39fcb3932c6,C:\Machine Learning\projet\projet-machine-learning\dataset\labels\train\gss2080_jpg.rf.394cb06d3e008da4f56fb39fcb3932c6.txt,C:\Machine Learning\projet\projet-machine-learning\dataset\images\train\gss2080_jpg.rf.394cb06d3e008da4f56fb39fcb3932c6.jpg
train,gss2084_jpg.rf.ed3dea2a6c10927f0622cce625136ca3,C:\Machine Learning\projet\projet-machine-learning\dataset\labels\train\gss2084_jpg.rf.ed3dea2a6c10927f0622cce625136ca3.txt,C:\Machine Learning\projet\projet-machine-learning\dataset\images\train\gss2084_jpg.rf.ed3dea2a6c10927f0622cce625136ca3.jpg
train,gss2085_jpg.rf.edb1373ea0558551796df71cb91830ed,C:\Machine Learning\projet\projet-machine-learning\dataset\labels\train\gss2085_jpg.rf.edb1373ea0558551796df71cb91830ed.txt,C:\Machine Learning\projet\projet-machine-learning\dataset\images\train\gss2085_jpg.rf.edb1373ea0558551796df71cb91830ed.jpg
train,gss2087_jpg.rf.d3ede555543c625a6ba840c295cc04d1,C:\Machine Learning\projet\projet-machine-learning\dataset\labels\train\gss2087_jpg.rf.d3ede555543c625a6ba840c295cc04d1.txt,C:\Machine Learning\projet\projet-machine-learning\dataset\images\train\gss2087_jpg.rf.d3ede555543c625a6ba840c295cc04d1.jpg
train,gss2088_jpg.rf.588da4a9b8cc2623d6308458ab84f749,C:\Machine Learning\projet\projet-machine-learning\dataset\labels\train\gss2088_jpg.rf.588da4a9b8cc2623d6308458ab84f749.txt,C:\Machine Learning\projet\projet-machine-learning\dataset\images\train\gss2088_jpg.rf.588da4a9b8cc2623d6308458ab84f749.jpg
train,gss2089_jpg.rf.307c5d9118795442b2483995d464b81d,C:\Machine Learning\projet\projet-machine-learning\dataset\labels\train\gss2089_jpg.rf.307c5d9118795442b2483995d464b81d.txt,C:\Machine Learning\projet\projet-machine-learning\dataset\images\train\gss2089_jpg.rf.307c5d9118795442b2483995d464b81d.jpg
train,gss208_jpg.rf.791304a37e079a43489136b3ee0517df,C:\Machine Learning\projet\projet-machine-learning\dataset\labels\train\gss208_jpg.rf.791304a37e079a43489136b3ee0517df.txt,C:\Machine Learning\projet\projet-machine-learning\dataset\images\train\gss208_jpg.rf.791304a37e079a43489136b3ee0517df.jpg
train,gss2090_jpg.rf.846e68b123fe28311b0e9aeb5022583a,C:\Machine Learning\projet\projet-machine-learning\dataset\labels\train\gss2090_jpg.rf.846e68b123fe28311b0e9aeb5022583a.txt,C:\Machine Learning\projet\projet-machine-learning\dataset\images\train\gss2090_jpg.rf.846e68b123fe28311b0e9aeb5022583a.jpg
train,gss2091_jpg.rf.c68d9a91a0b8795d94dc643d3b4c2b78,C:\Machine Learning\projet\projet-machine-learning\dataset\labels\train\gss2091_jpg.rf.c68d9a91a0b8795d94dc643d3b4c2b78.txt,C:\Machine Learning\projet\projet-machine-learning\dataset\images\train\gss2091_jpg.rf.c68d9a91a0b8795d94dc643d3b4c2b78.jpg
train,gss2092_jpg.rf.9c5df3aa7284e41b5c894094fd2ef6ea,C:\Machine Learning\projet\projet-machine-learning\dataset\labels\train\gss2092_jpg.rf.9c5df3aa7284e41b5c894094fd2ef6ea.txt,C:\Machine Learning\projet\projet-machine-learning\dataset\images\train\gss2092_jpg.rf.9c5df3aa7284e41b5c894094fd2ef6ea.jpg
train,gss2093_jpg.rf.44e3e984f25c6756dd39cf2bc3f325b6,C:\Machine Learning\projet\projet-machine-learning\dataset\labels\train\gss2093_jpg.rf.44e3e984f25c6756dd39cf2bc3f325b6.txt,C:\Machine Learning\projet\projet-machine-learning\dataset\images\train\gss2093_jpg.rf.44e3e984f25c6756dd39cf2bc3f325b6.jpg
train,gss2094_jpg.rf.01376fa2ac79f6781f13e905bdd82825,C:\Machine Learning\projet\projet-machine-learning\dataset\labels\train\gss2094_jpg.rf.01376fa2ac79f6781f13e905bdd82825.txt,C:\Machine Learning\projet\projet-machine-learning\dataset\images\train\gss2094_jpg.rf.01376fa2ac79f6781f13e905bdd82825.jpg
train,gss2095_jpg.rf.dc822dee7dc09dcf399cb1da1e8333f2,C:\Machine Learning\projet\projet-machine-learning\dataset\labels\train\gss2095_jpg.rf.dc822dee7dc09dcf399cb1da1e8333f2.txt,C:\Machine Learning\projet\projet-machine-learning\dataset\images\train\gss2095_jpg.rf.dc822dee7dc09dcf399cb1da1e8333f2.jpg
train,gss2097_jpg.rf.47472d7c97c97c02b440e02b561f93b9,C:\Machine Learning\projet\projet-machine-learning\dataset\labels\train\gss2097_jpg.rf.47472d7c97c97c02b440e02b561f93b9.txt,C:\Machine Learning\projet\projet-machine-learning\dataset\images\train\gss2097_jpg.rf.47472d7c97c97c02b440e02b561f93b9.jpg
train,gss2098_jpg.rf.18bdbbc6ed74afaa2e6732dc5e783e56,C:\Machine Learning\projet\projet-machine-learning\dataset\labels\train\gss2098_jpg.rf.18bdbbc6ed74afaa2e6732dc5e783e56.txt,C:\Machine Learning\projet\projet-machine-learning\dataset\images\train\gss2098_jpg.rf.18bdbbc6ed74afaa2e6732dc5e783e56.jpg
train,gss2099_jpg.rf.cc3d860b735b58e44bc0524307afb0d2,C:\Machine Learning\projet\projet-machine-learning\dataset\labels\train\gss2099_jpg.rf.cc3d860b735b58e44bc0524307afb0d2.txt,C:\Machine Learning\projet\projet-machine-learning\dataset\images\train\gss2099_jpg.rf.cc3d860b735b58e44bc0524307afb0d2.jpg
train,gss209_jpg.rf.8f7e1f8b1df7bff0403ee2d26962fb31,C:\Machine Learning\projet\projet-machine-learning\dataset\labels\train\gss209_jpg.rf.8f7e1f8b1df7bff0403ee2d26962fb31.txt,C:\Machine Learning\projet\projet-machine-learning\dataset\images\train\gss209_jpg.rf.8f7e1f8b1df7bff0403ee2d26962fb31.jpg
train,gss20_jpg.rf.a5a4d0b69b65fcf318ea018d80027848,C:\Machine Learning\projet\projet-machine-learning\dataset\labels\train\gss20_jpg.rf.a5a4d0b69b65fcf318ea018d80027848.txt,C:\Machine Learning\projet\projet-machine-learning\dataset\images\train\gss20_jpg.rf.a5a4d0b69b65fcf318ea018d80027848.jpg
train,gss2100_jpg.rf.71a22461c25527f89aed508a60f30b90,C:\Machine Learning\projet\projet-machine-learning\dataset\labels\train\gss2100_jpg.rf.71a22461c25527f89aed508a60f30b90.txt,C:\Machine Learning\projet\projet-machine-learning\dataset\images\train\gss2100_jpg.rf.71a22461c25527f89aed508a60f30b90.jpg
train,gss2101_jpg.rf.caf5203820fe7b24ea9c26ee5bf1ca78,C:\Machine Learning\projet\projet-machine-learning\dataset\labels\train\gss2101_jpg.rf.caf5203820fe7b24ea9c26ee5bf1ca78.txt,C:\Machine Learning\projet\projet-machine-learning\dataset\images\train\gss2101_jpg.rf.caf5203820fe7b24ea9c26ee5bf1ca78.jpg
train,gss2102_jpg.rf.b7c6be1ad92e2782b6f5d567327ad3a5,C:\Machine Learning\projet\projet-machine-learning\dataset\labels\train\gss2102_jpg.rf.b7c6be1ad92e2782b6f5d567327ad3a5.txt,C:\Machine Learning\projet\projet-machine-learning\dataset\images\train\gss2102_jpg.rf.b7c6be1ad92e2782b6f5d567327ad3a5.jpg
train,gss2103_jpg.rf.fa46cba7cbac1b53b649eac48790eefc,C:\Machine Learning\projet\projet-machine-learning\dataset\labels\train\gss2103_jpg.rf.fa46cba7cbac1b53b649eac48790eefc.txt,C:\Machine Learning\projet\projet-machine-learning\dataset\images\train\gss2103_jpg.rf.fa46cba7cbac1b53b649eac48790eefc.jpg
train,gss2104_jpg.rf.376f0ce047585574644db0d9d6d4def4,C:\Machine Learning\projet\projet-machine-learning\dataset\labels\train\gss2104_jpg.rf.376f0ce047585574644db0d9d6d4def4.txt,C:\Machine Learning\projet\projet-machine-learning\dataset\images\train\gss2104_jpg.rf.376f0ce047585574644db0d9d6d4def4.jpg
train,gss212_jpg.rf.0cbff3254c0fdc091e668f2f436c866d,C:\Machine Learning\projet\projet-machine-learning\dataset\labels\train\gss212_jpg.rf.0cbff3254c0fdc091e668f2f436c866d.txt,C:\Machine Learning\projet\projet-machine-learning\dataset\images\train\gss212_jpg.rf.0cbff3254c0fdc091e668f2f436c866d.jpg
train,gss213_jpg.rf.1f03a77a15b33f7072cc2d39626e5f3b,C:\Machine Learning\projet\projet-machine-learning\dataset\labels\train\gss213_jpg.rf.1f03a77a15b33f7072cc2d39626e5f3b.txt,C:\Machine Learning\projet\projet-machine-learning\dataset\images\train\gss213_jpg.rf.1f03a77a15b33f7072cc2d39626e5f3b.jpg
train,gss216_jpg.rf.c66868d29de62bac59dbe7f87f456645,C:\Machine Learning\projet\projet-machine-learning\dataset\labels\train\gss216_jpg.rf.c66868d29de62bac59dbe7f87f456645.txt,C:\Machine Learning\projet\projet-machine-learning\dataset\images\train\gss216_jpg.rf.c66868d29de62bac59dbe7f87f456645.jpg
train,gss217_jpg.rf.25adc7cbca0da09538485e030e75dbfe,C:\Machine Learning\projet\projet-machine-learning\dataset\labels\train\gss217_jpg.rf.25adc7cbca0da09538485e030e75dbfe.txt,C:\Machine Learning\projet\projet-machine-learning\dataset\images\train\gss217_jpg.rf.25adc7cbca0da09538485e030e75dbfe.jpg
train,gss221_jpg.rf.7c1ae93a011da38a68e7f3032c7d48f3,C:\Machine Learning\projet\projet-machine-learning\dataset\labels\train\gss221_jpg.rf.7c1ae93a011da38a68e7f3032c7d48f3.txt,C:\Machine Learning\projet\projet-machine-learning\dataset\images\train\gss221_jpg.rf.7c1ae93a011da38a68e7f3032c7d48f3.jpg
train,gss222_jpg.rf.9afdb243e708364184d48b6f5c7d94bd,C:\Machine Learning\projet\projet-machine-learning\dataset\labels\train\gss222_jpg.rf.9afdb243e708364184d48b6f5c7d94bd.txt,C:\Machine Learning\projet\projet-machine-learning\dataset\images\train\gss222_jpg.rf.9afdb243e708364184d48b6f5c7d94bd.jpg
train,gss223_jpg.rf.a4a6dd919904a8ff0df771b296b69b6b,C:\Machine Learning\projet\projet-machine-learning\dataset\labels\train\gss223_jpg.rf.a4a6dd919904a8ff0df771b296b69b6b.txt,C:\Machine Learning\projet\projet-machine-learning\dataset\images\train\gss223_jpg.rf.a4a6dd919904a8ff0df771b296b69b6b.jpg
train,gss224_jpg.rf.2dfe920a2ebc632be3a3cecabbbeda7f,C:\Machine Learning\projet\projet-machine-learning\dataset\labels\train\gss224_jpg.rf.2dfe920a2ebc632be3a3cecabbbeda7f.txt,C:\Machine Learning\projet\projet-machine-learning\dataset\images\train\gss224_jpg.rf.2dfe920a2ebc632be3a3cecabbbeda7f.jpg
train,gss225_jpg.rf.4a903066d8eeb3904a3e52d21f8540ca,C:\Machine Learning\projet\projet-machine-learning\dataset\labels\train\gss225_jpg.rf.4a903066d8eeb3904a3e52d21f8540ca.txt,C:\Machine Learning\projet\projet-machine-learning\dataset\images\train\gss225_jpg.rf.4a903066d8eeb3904a3e52d21f8540ca.jpg
train,gss226_jpg.rf.4bfdecf7742fe519c1069db85c512348,C:\Machine Learning\projet\projet-machine-learning\dataset\labels\train\gss226_jpg.rf.4bfdecf7742fe519c1069db85c512348.txt,C:\Machine Learning\projet\projet-machine-learning\dataset\images\train\gss226_jpg.rf.4bfdecf7742fe519c1069db85c512348.jpg
train,gss227_jpg.rf.8e77964d4d8e48374234a8b69f7f5354,C:\Machine Learning\projet\projet-machine-learning\dataset\labels\train\gss227_jpg.rf.8e77964d4d8e48374234a8b69f7f5354.txt,C:\Machine Learning\projet\projet-machine-learning\dataset\images\train\gss227_jpg.rf.8e77964d4d8e48374234a8b69f7f5354.jpg
train,gss229_jpg.rf.6142d4d6ceb1b370380e4696208dfc62,C:\Machine Learning\projet\projet-machine-learning\dataset\labels\train\gss229_jpg.rf.6142d4d6ceb1b370380e4696208dfc62.txt,C:\Machine Learning\projet\projet-machine-learning\dataset\images\train\gss229_jpg.rf.6142d4d6ceb1b370380e4696208dfc62.jpg
train,gss230_jpg.rf.a99fe6b60cb25fe721ed83312faa66df,C:\Machine Learning\projet\projet-machine-learning\dataset\labels\train\gss230_jpg.rf.a99fe6b60cb25fe721ed83312faa66df.txt,C:\Machine Learning\projet\projet-machine-learning\dataset\images\train\gss230_jpg.rf.a99fe6b60cb25fe721ed83312faa66df.jpg
train,gss231_jpg.rf.d08686bccb10f51b08b2014ad198e09d,C:\Machine Learning\projet\projet-machine-learning\dataset\labels\train\gss231_jpg.rf.d08686bccb10f51b08b2014ad198e09d.txt,C:\Machine Learning\projet\projet-machine-learning\dataset\images\train\gss231_jpg.rf.d08686bccb10f51b08b2014ad198e09d.jpg
train,gss232_jpg.rf.ec0e26f8b59dabe28f4ada77ba887333,C:\Machine Learning\projet\projet-machine-learning\dataset\labels\train\gss232_jpg.rf.ec0e26f8b59dabe28f4ada77ba887333.txt,C:\Machine Learning\projet\projet-machine-learning\dataset\images\train\gss232_jpg.rf.ec0e26f8b59dabe28f4ada77ba887333.jpg
train,gss233_jpg.rf.9d97df8b39ff0d752349ad3779410141,C:\Machine Learning\projet\projet-machine-learning\dataset\labels\train\gss233_jpg.rf.9d97df8b39ff0d752349ad3779410141.txt,C:\Machine Learning\projet\projet-machine-learning\dataset\images\train\gss233_jpg.rf.9d97df8b39ff0d752349ad3779410141.jpg
train,gss234_jpg.rf.5ec5b2a20cbda0e122bc56045404ccba,C:\Machine Learning\projet\projet-machine-learning\dataset\labels\train\gss234_jpg.rf.5ec5b2a20cbda0e122bc56045404ccba.txt,C:\Machine Learning\projet\projet-machine-learning\dataset\images\train\gss234_jpg.rf.5ec5b2a20cbda0e122bc56045404ccba.jpg
train,gss236_jpg.rf.1b36d50a65e0b442ea283dc88add1e7b,C:\Machine Learning\projet\projet-machine-learning\dataset\labels\train\gss236_jpg.rf.1b36d50a65e0b442ea283dc88add1e7b.txt,C:\Machine Learning\projet\projet-machine-learning\dataset\images\train\gss236_jpg.rf.1b36d50a65e0b442ea283dc88add1e7b.jpg
train,gss23_jpg.rf.062267c1f099a8796220a5774c634f4b,C:\Machine Learning\projet\projet-machine-learning\dataset\labels\train\gss23_jpg.rf.062267c1f099a8796220a5774c634f4b.txt,C:\Machine Learning\projet\projet-machine-learning\dataset\images\train\gss23_jpg.rf.062267c1f099a8796220a5774c634f4b.jpg
train,gss240_jpg.rf.e0202b53cdc0c21c511980f840d55a28,C:\Machine Learning\projet\projet-machine-learning\dataset\labels\train\gss240_jpg.rf.e0202b53cdc0c21c511980f840d55a28.txt,C:\Machine Learning\projet\projet-machine-learning\dataset\images\train\gss240_jpg.rf.e0202b53cdc0c21c511980f840d55a28.jpg
train,gss241_jpg.rf.4dbcd18d333e5d9f27888cc0fb0db3cf,C:\Machine Learning\projet\projet-machine-learning\dataset\labels\train\gss241_jpg.rf.4dbcd18d333e5d9f27888cc0fb0db3cf.txt,C:\Machine Learning\projet\projet-machine-learning\dataset\images\train\gss241_jpg.rf.4dbcd18d333e5d9f27888cc0fb0db3cf.jpg
train,gss242_jpg.rf.1ad0769fdc80b92e6907d22cdb54c863,C:\Machine Learning\projet\projet-machine-learning\dataset\labels\train\gss242_jpg.rf.1ad0769fdc80b92e6907d22cdb54c863.txt,C:\Machine Learning\projet\projet-machine-learning\dataset\images\train\gss242_jpg.rf.1ad0769fdc80b92e6907d22cdb54c863.jpg
train,gss243_jpg.rf.22aa13da28d645505acf2ca82800e542,C:\Machine Learning\projet\projet-machine-learning\dataset\labels\train\gss243_jpg.rf.22aa13da28d645505acf2ca82800e542.txt,C:\Machine Learning\projet\projet-machine-learning\dataset\images\train\gss243_jpg.rf.22aa13da28d645505acf2ca82800e542.jpg
train,gss245_jpg.rf.55d45d322ade48e531205be2d05b1573,C:\Machine Learning\projet\projet-machine-learning\dataset\labels\train\gss245_jpg.rf.55d45d322ade48e531205be2d05b1573.txt,C:\Machine Learning\projet\projet-machine-learning\dataset\images\train\gss245_jpg.rf.55d45d322ade48e531205be2d05b1573.jpg
train,gss246_jpg.rf.cad2587e8d61bd5e2bb9aa64493f86a2,C:\Machine Learning\projet\projet-machine-learning\dataset\labels\train\gss246_jpg.rf.cad2587e8d61bd5e2bb9aa64493f86a2.txt,C:\Machine Learning\projet\projet-machine-learning\dataset\images\train\gss246_jpg.rf.cad2587e8d61bd5e2bb9aa64493f86a2.jpg
train,gss247_jpg.rf.b81b13698bf5528a9ed6176b10645a60,C:\Machine Learning\projet\projet-machine-learning\dataset\labels\train\gss247_jpg.rf.b81b13698bf5528a9ed6176b10645a60.txt,C:\Machine Learning\projet\projet-machine-learning\dataset\images\train\gss247_jpg.rf.b81b13698bf5528a9ed6176b10645a60.jpg
train,gss248_jpg.rf.291d454b5912fdfb0e9a8aef49ef12ba,C:\Machine Learning\projet\projet-machine-learning\dataset\labels\train\gss248_jpg.rf.291d454b5912fdfb0e9a8aef49ef12ba.txt,C:\Machine Learning\projet\projet-machine-learning\dataset\images\train\gss248_jpg.rf.291d454b5912fdfb0e9a8aef49ef12ba.jpg
train,gss24_jpg.rf.ade1e240f88798a7964f36e24f662b53,C:\Machine Learning\projet\projet-machine-learning\dataset\labels\train\gss24_jpg.rf.ade1e240f88798a7964f36e24f662b53.txt,C:\Machine Learning\projet\projet-machine-learning\dataset\images\train\gss24_jpg.rf.ade1e240f88798a7964f36e24f662b53.jpg
train,gss250_jpg.rf.6f65bf98462ee26d1a8c3dd529d03066,C:\Machine Learning\projet\projet-machine-learning\dataset\labels\train\gss250_jpg.rf.6f65bf98462ee26d1a8c3dd529d03066.txt,C:\Machine Learning\projet\projet-machine-learning\dataset\images\train\gss250_jpg.rf.6f65bf98462ee26d1a8c3dd529d03066.jpg
train,gss253_jpg.rf.a1ca32aedff2bbdcda929a471fa58603,C:\Machine Learning\projet\projet-machine-learning\dataset\labels\train\gss253_jpg.rf.a1ca32aedff2bbdcda929a471fa58603.txt,C:\Machine Learning\projet\projet-machine-learning\dataset\images\train\gss253_jpg.rf.a1ca32aedff2bbdcda929a471fa58603.jpg
train,gss255_jpg.rf.85b73574f4d012358e06040767492498,C:\Machine Learning\projet\projet-machine-learning\dataset\labels\train\gss255_jpg.rf.85b73574f4d012358e06040767492498.txt,C:\Machine Learning\projet\projet-machine-learning\dataset\images\train\gss255_jpg.rf.85b73574f4d012358e06040767492498.jpg
train,gss256_jpg.rf.88adb4c2776f86bce17b002bc46ee61f,C:\Machine Learning\projet\projet-machine-learning\dataset\labels\train\gss256_jpg.rf.88adb4c2776f86bce17b002bc46ee61f.txt,C:\Machine Learning\projet\projet-machine-learning\dataset\images\train\gss256_jpg.rf.88adb4c2776f86bce17b002bc46ee61f.jpg
train,gss257_jpg.rf.73167d4c1f2fd209a5a408aafc713f17,C:\Machine Learning\projet\projet-machine-learning\dataset\labels\train\gss257_jpg.rf.73167d4c1f2fd209a5a408aafc713f17.txt,C:\Machine Learning\projet\projet-machine-learning\dataset\images\train\gss257_jpg.rf.73167d4c1f2fd209a5a408aafc713f17.jpg
train,gss258_jpg.rf.dcbfc7211f2fe12ec38503f7198fc195,C:\Machine Learning\projet\projet-machine-learning\dataset\labels\train\gss258_jpg.rf.dcbfc7211f2fe12ec38503f7198fc195.txt,C:\Machine Learning\projet\projet-machine-learning\dataset\images\train\gss258_jpg.rf.dcbfc7211f2fe12ec38503f7198fc195.jpg
train,gss259_jpg.rf.209cf509942e52f2f56a0244a0a3cd6e,C:\Machine Learning\projet\projet-machine-learning\dataset\labels\train\gss259_jpg.rf.209cf509942e52f2f56a0244a0a3cd6e.txt,C:\Machine Learning\projet\projet-machine-learning\dataset\images\train\gss259_jpg.rf.209cf509942e52f2f56a0244a0a3cd6e.jpg
train,gss260_jpg.rf.0bf3f2f68ab2995e0708c166d2a1e3b3,C:\Machine Learning\projet\projet-machine-learning\dataset\labels\train\gss260_jpg.rf.0bf3f2f68ab2995e0708c166d2a1e3b3.txt,C:\Machine Learning\projet\projet-machine-learning\dataset\images\train\gss260_jpg.rf.0bf3f2f68ab2995e0708c166d2a1e3b3.jpg
train,gss261_jpg.rf.d2e52de2a43a979b7f8b1b2e16592632,C:\Machine Learning\projet\projet-machine-learning\dataset\labels\train\gss261_jpg.rf.d2e52de2a43a979b7f8b1b2e16592632.txt,C:\Machine Learning\projet\projet-machine-learning\dataset\images\train\gss261_jpg.rf.d2e52de2a43a979b7f8b1b2e16592632.jpg
train,gss262_jpg.rf.1d788ea705cf71b95a9023ed0192a954,C:\Machine Learning\projet\projet-machine-learning\dataset\labels\train\gss262_jpg.rf.1d788ea705cf71b95a9023ed0192a954.txt,C:\Machine Learning\projet\projet-machine-learning\dataset\images\train\gss262_jpg.rf.1d788ea705cf71b95a9023ed0192a954.jpg
train,gss263_jpg.rf.41e63d760177018959c17eaf0b214865,C:\Machine Learning\projet\projet-machine-learning\dataset\labels\train\gss263_jpg.rf.41e63d760177018959c17eaf0b214865.txt,C:\Machine Learning\projet\projet-machine-learning\dataset\images\train\gss263_jpg.rf.41e63d760177018959c17eaf0b214865.jpg
train,gss264_jpg.rf.0851c0da92c0178e00938f93896ccde9,C:\Machine Learning\projet\projet-machine-learning\dataset\labels\train\gss264_jpg.rf.0851c0da92c0178e00938f93896ccde9.txt,C:\Machine Learning\projet\projet-machine-learning\dataset\images\train\gss264_jpg.rf.0851c0da92c0178e00938f93896ccde9.jpg
train,gss265_jpg.rf.fb839092d5272fb43b2c98feb615ce63,C:\Machine Learning\projet\projet-machine-learning\dataset\labels\train\gss265_jpg.rf.fb839092d5272fb43b2c98feb615ce63.txt,C:\Machine Learning\projet\projet-machine-learning\dataset\images\train\gss265_jpg.rf.fb839092d5272fb43b2c98feb615ce63.jpg
train,gss266_jpg.rf.16103ca3840d1981ffc1ac68c79a82af,C:\Machine Learning\projet\projet-machine-learning\dataset\labels\train\gss266_jpg.rf.16103ca3840d1981ffc1ac68c79a82af.txt,C:\Machine Learning\projet\projet-machine-learning\dataset\images\train\gss266_jpg.rf.16103ca3840d1981ffc1ac68c79a82af.jpg
train,gss267_jpg.rf.ba9fc16ff08014904ae599c11bd99d6b,C:\Machine Learning\projet\projet-machine-learning\dataset\labels\train\gss267_jpg.rf.ba9fc16ff08014904ae599c11bd99d6b.txt,C:\Machine Learning\projet\projet-machine-learning\dataset\images\train\gss267_jpg.rf.ba9fc16ff08014904ae599c11bd99d6b.jpg
train,gss268_jpg.rf.990e8886c3657073226a2e712952b248,C:\Machine Learning\projet\projet-machine-learning\dataset\labels\train\gss268_jpg.rf.990e8886c3657073226a2e712952b248.txt,C:\Machine Learning\projet\projet-machine-learning\dataset\images\train\gss268_jpg.rf.990e8886c3657073226a2e712952b248.jpg
train,gss26_jpg.rf.2de64b7a5f5cdf2255bb74ce55bf4a2b,C:\Machine Learning\projet\projet-machine-learning\dataset\labels\train\gss26_jpg.rf.2de64b7a5f5cdf2255bb74ce55bf4a2b.txt,C:\Machine Learning\projet\projet-machine-learning\dataset\images\train\gss26_jpg.rf.2de64b7a5f5cdf2255bb74ce55bf4a2b.jpg
train,gss270_jpg.rf.b7cf10f0bd3d03cbab0211182ea4698f,C:\Machine Learning\projet\projet-machine-learning\dataset\labels\train\gss270_jpg.rf.b7cf10f0bd3d03cbab0211182ea4698f.txt,C:\Machine Learning\projet\projet-machine-learning\dataset\images\train\gss270_jpg.rf.b7cf10f0bd3d03cbab0211182ea4698f.jpg
train,gss271_jpg.rf.a434532106e0cc4b4f48fa922c3d20bb,C:\Machine Learning\projet\projet-machine-learning\dataset\labels\train\gss271_jpg.rf.a434532106e0cc4b4f48fa922c3d20bb.txt,C:\Machine Learning\projet\projet-machine-learning\dataset\images\train\gss271_jpg.rf.a434532106e0cc4b4f48fa922c3d20bb.jpg
train,gss272_jpg.rf.d1509d3617c118ec4fefd10214ee6ba7,C:\Machine Learning\projet\projet-machine-learning\dataset\labels\train\gss272_jpg.rf.d1509d3617c118ec4fefd10214ee6ba7.txt,C:\Machine Learning\projet\projet-machine-learning\dataset\images\train\gss272_jpg.rf.d1509d3617c118ec4fefd10214ee6ba7.jpg
train,gss273_jpg.rf.953c8fbfbecb8024e9d8d9bc115eaa0e,C:\Machine Learning\projet\projet-machine-learning\dataset\labels\train\gss273_jpg.rf.953c8fbfbecb8024e9d8d9bc115eaa0e.txt,C:\Machine Learning\projet\projet-machine-learning\dataset\images\train\gss273_jpg.rf.953c8fbfbecb8024e9d8d9bc115eaa0e.jpg
train,gss274_jpg.rf.9a97757cb45263526163cb6ae163dfb9,C:\Machine Learning\projet\projet-machine-learning\dataset\labels\train\gss274_jpg.rf.9a97757cb45263526163cb6ae163dfb9.txt,C:\Machine Learning\projet\projet-machine-learning\dataset\images\train\gss274_jpg.rf.9a97757cb45263526163cb6ae163dfb9.jpg
train,gss275_jpg.rf.9384f154a06d0e0840528e4c034083d5,C:\Machine Learning\projet\projet-machine-learning\dataset\labels\train\gss275_jpg.rf.9384f154a06d0e0840528e4c034083d5.txt,C:\Machine Learning\projet\projet-machine-learning\dataset\images\train\gss275_jpg.rf.9384f154a06d0e0840528e4c034083d5.jpg
train,gss276_jpg.rf.d6683c59ab69716837140192dbabb048,C:\Machine Learning\projet\projet-machine-learning\dataset\labels\train\gss276_jpg.rf.d6683c59ab69716837140192dbabb048.txt,C:\Machine Learning\projet\projet-machine-learning\dataset\images\train\gss276_jpg.rf.d6683c59ab69716837140192dbabb048.jpg
train,gss277_jpg.rf.31213c5e806fe80417e724f0374b0675,C:\Machine Learning\projet\projet-machine-learning\dataset\labels\train\gss277_jpg.rf.31213c5e806fe80417e724f0374b0675.txt,C:\Machine Learning\projet\projet-machine-learning\dataset\images\train\gss277_jpg.rf.31213c5e806fe80417e724f0374b0675.jpg
train,gss278_jpg.rf.6dc80327e630397994ec764ff5a17b19,C:\Machine Learning\projet\projet-machine-learning\dataset\labels\train\gss278_jpg.rf.6dc80327e630397994ec764ff5a17b19.txt,C:\Machine Learning\projet\projet-machine-learning\dataset\images\train\gss278_jpg.rf.6dc80327e630397994ec764ff5a17b19.jpg
train,gss27_jpg.rf.b2024a2e6eb6e2f6fc7741ff510b8b35,C:\Machine Learning\projet\projet-machine-learning\dataset\labels\train\gss27_jpg.rf.b2024a2e6eb6e2f6fc7741ff510b8b35.txt,C:\Machine Learning\projet\projet-machine-learning\dataset\images\train\gss27_jpg.rf.b2024a2e6eb6e2f6fc7741ff510b8b35.jpg
train,gss281_jpg.rf.5d5f7e5d1763d6783601151b17ac89b1,C:\Machine Learning\projet\projet-machine-learning\dataset\labels\train\gss281_jpg.rf.5d5f7e5d1763d6783601151b17ac89b1.txt,C:\Machine Learning\projet\projet-machine-learning\dataset\images\train\gss281_jpg.rf.5d5f7e5d1763d6783601151b17ac89b1.jpg
train,gss282_jpg.rf.e1a111de9b0c12f86c135f7b0425fe43,C:\Machine Learning\projet\projet-machine-learning\dataset\labels\train\gss282_jpg.rf.e1a111de9b0c12f86c135f7b0425fe43.txt,C:\Machine Learning\projet\projet-machine-learning\dataset\images\train\gss282_jpg.rf.e1a111de9b0c12f86c135f7b0425fe43.jpg
train,gss288_jpg.rf.60174ad164914e995008d851688b70c8,C:\Machine Learning\projet\projet-machine-learning\dataset\labels\train\gss288_jpg.rf.60174ad164914e995008d851688b70c8.txt,C:\Machine Learning\projet\projet-machine-learning\dataset\images\train\gss288_jpg.rf.60174ad164914e995008d851688b70c8.jpg
train,gss289_jpg.rf.67290e3cfe6a43f5ea3eda00f9d169b2,C:\Machine Learning\projet\projet-machine-learning\dataset\labels\train\gss289_jpg.rf.67290e3cfe6a43f5ea3eda00f9d169b2.txt,C:\Machine Learning\projet\projet-machine-learning\dataset\images\train\gss289_jpg.rf.67290e3cfe6a43f5ea3eda00f9d169b2.jpg
train,gss28_jpg.rf.b072a8ea5bc27ded9a5d9d5ea40e9d34,C:\Machine Learning\projet\projet-machine-learning\dataset\labels\train\gss28_jpg.rf.b072a8ea5bc27ded9a5d9d5ea40e9d34.txt,C:\Machine Learning\projet\projet-machine-learning\dataset\images\train\gss28_jpg.rf.b072a8ea5bc27ded9a5d9d5ea40e9d34.jpg
train,gss290_jpg.rf.ecbad658d9005abd6d9ec92a5a781fbb,C:\Machine Learning\projet\projet-machine-learning\dataset\labels\train\gss290_jpg.rf.ecbad658d9005abd6d9ec92a5a781fbb.txt,C:\Machine Learning\projet\projet-machine-learning\dataset\images\train\gss290_jpg.rf.ecbad658d9005abd6d9ec92a5a781fbb.jpg
train,gss291_jpg.rf.be18333a02ef8b7f5b064bf927b0639a,C:\Machine Learning\projet\projet-machine-learning\dataset\labels\train\gss291_jpg.rf.be18333a02ef8b7f5b064bf927b0639a.txt,C:\Machine Learning\projet\projet-machine-learning\dataset\images\train\gss291_jpg.rf.be18333a02ef8b7f5b064bf927b0639a.jpg
train,gss292_jpg.rf.a20b56a817d66bc1ab6b54550833db9e,C:\Machine Learning\projet\projet-machine-learning\dataset\labels\train\gss292_jpg.rf.a20b56a817d66bc1ab6b54550833db9e.txt,C:\Machine Learning\projet\projet-machine-learning\dataset\images\train\gss292_jpg.rf.a20b56a817d66bc1ab6b54550833db9e.jpg
train,gss293_jpg.rf.25bc8ebe7dd4ec9a2f51be2c0644285b,C:\Machine Learning\projet\projet-machine-learning\dataset\labels\train\gss293_jpg.rf.25bc8ebe7dd4ec9a2f51be2c0644285b.txt,C:\Machine Learning\projet\projet-machine-learning\dataset\images\train\gss293_jpg.rf.25bc8ebe7dd4ec9a2f51be2c0644285b.jpg
train,gss294_jpg.rf.d9f2f329feabe5cdd7304de3f11f2012,C:\Machine Learning\projet\projet-machine-learning\dataset\labels\train\gss294_jpg.rf.d9f2f329feabe5cdd7304de3f11f2012.txt,C:\Machine Learning\projet\projet-machine-learning\dataset\images\train\gss294_jpg.rf.d9f2f329feabe5cdd7304de3f11f2012.jpg
train,gss295_jpg.rf.be8d89c76cf8878db8754474a0dbd8d8,C:\Machine Learning\projet\projet-machine-learning\dataset\labels\train\gss295_jpg.rf.be8d89c76cf8878db8754474a0dbd8d8.txt,C:\Machine Learning\projet\projet-machine-learning\dataset\images\train\gss295_jpg.rf.be8d89c76cf8878db8754474a0dbd8d8.jpg
train,gss297_jpg.rf.a0bb8e1cfff728316d7312013c8931bf,C:\Machine Learning\projet\projet-machine-learning\dataset\labels\train\gss297_jpg.rf.a0bb8e1cfff728316d7312013c8931bf.txt,C:\Machine Learning\projet\projet-machine-learning\dataset\images\train\gss297_jpg.rf.a0bb8e1cfff728316d7312013c8931bf.jpg
train,gss298_jpg.rf.1b76bfe48540fb686ede3c0a68ff89f8,C:\Machine Learning\projet\projet-machine-learning\dataset\labels\train\gss298_jpg.rf.1b76bfe48540fb686ede3c0a68ff89f8.txt,C:\Machine Learning\projet\projet-machine-learning\dataset\images\train\gss298_jpg.rf.1b76bfe48540fb686ede3c0a68ff89f8.jpg
train,gss2_jpg.rf.3bb4ebcf9d97d4f35cd82f30ff1e7343,C:\Machine Learning\projet\projet-machine-learning\dataset\labels\train\gss2_jpg.rf.3bb4ebcf9d97d4f35cd82f30ff1e7343.txt,C:\Machine Learning\projet\projet-machine-learning\dataset\images\train\gss2_jpg.rf.3bb4ebcf9d97d4f35cd82f30ff1e7343.jpg
train,gss303_jpg.rf.015b48ad317567c0cf3c96b5fe409543,C:\Machine Learning\projet\projet-machine-learning\dataset\labels\train\gss303_jpg.rf.015b48ad317567c0cf3c96b5fe409543.txt,C:\Machine Learning\projet\projet-machine-learning\dataset\images\train\gss303_jpg.rf.015b48ad317567c0cf3c96b5fe409543.jpg
train,gss304_jpg.rf.bb0c36d10a2e356459e502f1dd90fd52,C:\Machine Learning\projet\projet-machine-learning\dataset\labels\train\gss304_jpg.rf.bb0c36d10a2e356459e502f1dd90fd52.txt,C:\Machine Learning\projet\projet-machine-learning\dataset\images\train\gss304_jpg.rf.bb0c36d10a2e356459e502f1dd90fd52.jpg
train,gss308_jpg.rf.6634639236a3db5bf83722fa4a6280c3,C:\Machine Learning\projet\projet-machine-learning\dataset\labels\train\gss308_jpg.rf.6634639236a3db5bf83722fa4a6280c3.txt,C:\Machine Learning\projet\projet-machine-learning\dataset\images\train\gss308_jpg.rf.6634639236a3db5bf83722fa4a6280c3.jpg
train,gss310_jpg.rf.5b6272f7eec2c833ab70ba476b6c220c,C:\Machine Learning\projet\projet-machine-learning\dataset\labels\train\gss310_jpg.rf.5b6272f7eec2c833ab70ba476b6c220c.txt,C:\Machine Learning\projet\projet-machine-learning\dataset\images\train\gss310_jpg.rf.5b6272f7eec2c833ab70ba476b6c220c.jpg
train,gss311_jpg.rf.cc4fd95a6d2335cf32ae9409b559912c,C:\Machine Learning\projet\projet-machine-learning\dataset\labels\train\gss311_jpg.rf.cc4fd95a6d2335cf32ae9409b559912c.txt,C:\Machine Learning\projet\projet-machine-learning\dataset\images\train\gss311_jpg.rf.cc4fd95a6d2335cf32ae9409b559912c.jpg
train,gss312_jpg.rf.ca6987fb2e969fca71dc8fa1c63a66f2,C:\Machine Learning\projet\projet-machine-learning\dataset\labels\train\gss312_jpg.rf.ca6987fb2e969fca71dc8fa1c63a66f2.txt,C:\Machine Learning\projet\projet-machine-learning\dataset\images\train\gss312_jpg.rf.ca6987fb2e969fca71dc8fa1c63a66f2.jpg
train,gss313_jpg.rf.6f50853d68aa7a576e6f3af9471ff889,C:\Machine Learning\projet\projet-machine-learning\dataset\labels\train\gss313_jpg.rf.6f50853d68aa7a576e6f3af9471ff889.txt,C:\Machine Learning\projet\projet-machine-learning\dataset\images\train\gss313_jpg.rf.6f50853d68aa7a576e6f3af9471ff889.jpg
train,gss314_jpg.rf.89b4eaa9e11cea0c3391958605e36c2c,C:\Machine Learning\projet\projet-machine-learning\dataset\labels\train\gss314_jpg.rf.89b4eaa9e11cea0c3391958605e36c2c.txt,C:\Machine Learning\projet\projet-machine-learning\dataset\images\train\gss314_jpg.rf.89b4eaa9e11cea0c3391958605e36c2c.jpg
train,gss315_jpg.rf.5aa9c4d851168ffa2c783a447c3c80f6,C:\Machine Learning\projet\projet-machine-learning\dataset\labels\train\gss315_jpg.rf.5aa9c4d851168ffa2c783a447c3c80f6.txt,C:\Machine Learning\projet\projet-machine-learning\dataset\images\train\gss315_jpg.rf.5aa9c4d851168ffa2c783a447c3c80f6.jpg
train,gss316_jpg.rf.39609c6e4c20bc95fc46e35673902735,C:\Machine Learning\projet\projet-machine-learning\dataset\labels\train\gss316_jpg.rf.39609c6e4c20bc95fc46e35673902735.txt,C:\Machine Learning\projet\projet-machine-learning\dataset\images\train\gss316_jpg.rf.39609c6e4c20bc95fc46e35673902735.jpg
train,gss319_jpg.rf.4cc3f86e46e880f59d091a7786df9afb,C:\Machine Learning\projet\projet-machine-learning\dataset\labels\train\gss319_jpg.rf.4cc3f86e46e880f59d091a7786df9afb.txt,C:\Machine Learning\projet\projet-machine-learning\dataset\images\train\gss319_jpg.rf.4cc3f86e46e880f59d091a7786df9afb.jpg
train,gss321_jpg.rf.db3c669c0e82df0e3b56731e59c88caa,C:\Machine Learning\projet\projet-machine-learning\dataset\labels\train\gss321_jpg.rf.db3c669c0e82df0e3b56731e59c88caa.txt,C:\Machine Learning\projet\projet-machine-learning\dataset\images\train\gss321_jpg.rf.db3c669c0e82df0e3b56731e59c88caa.jpg
train,gss324_jpg.rf.2a0c8832880f6e230a349cd1f547ba87,C:\Machine Learning\projet\projet-machine-learning\dataset\labels\train\gss324_jpg.rf.2a0c8832880f6e230a349cd1f547ba87.txt,C:\Machine Learning\projet\projet-machine-learning\dataset\images\train\gss324_jpg.rf.2a0c8832880f6e230a349cd1f547ba87.jpg
train,gss326_jpg.rf.b5c0c0c1c4c17521b62a0749e64aeb6b,C:\Machine Learning\projet\projet-machine-learning\dataset\labels\train\gss326_jpg.rf.b5c0c0c1c4c17521b62a0749e64aeb6b.txt,C:\Machine Learning\projet\projet-machine-learning\dataset\images\train\gss326_jpg.rf.b5c0c0c1c4c17521b62a0749e64aeb6b.jpg
train,gss327_jpg.rf.d1c16449b083332d8d8d5879fdf93d58,C:\Machine Learning\projet\projet-machine-learning\dataset\labels\train\gss327_jpg.rf.d1c16449b083332d8d8d5879fdf93d58.txt,C:\Machine Learning\projet\projet-machine-learning\dataset\images\train\gss327_jpg.rf.d1c16449b083332d8d8d5879fdf93d58.jpg
train,gss330_jpg.rf.e402879ff13e90200f2012c5c9d590b9,C:\Machine Learning\projet\projet-machine-learning\dataset\labels\train\gss330_jpg.rf.e402879ff13e90200f2012c5c9d590b9.txt,C:\Machine Learning\projet\projet-machine-learning\dataset\images\train\gss330_jpg.rf.e402879ff13e90200f2012c5c9d590b9.jpg
train,gss331_jpg.rf.b3ef2afe3c18b727decde944f3c51b28,C:\Machine Learning\projet\projet-machine-learning\dataset\labels\train\gss331_jpg.rf.b3ef2afe3c18b727decde944f3c51b28.txt,C:\Machine Learning\projet\projet-machine-learning\dataset\images\train\gss331_jpg.rf.b3ef2afe3c18b727decde944f3c51b28.jpg
train,gss332_jpg.rf.a91270643d47aa4c8cdb6a68203d6952,C:\Machine Learning\projet\projet-machine-learning\dataset\labels\train\gss332_jpg.rf.a91270643d47aa4c8cdb6a68203d6952.txt,C:\Machine Learning\projet\projet-machine-learning\dataset\images\train\gss332_jpg.rf.a91270643d47aa4c8cdb6a68203d6952.jpg
train,gss333_jpg.rf.d99a481a13d670f0eec8a1a6147d0284,C:\Machine Learning\projet\projet-machine-learning\dataset\labels\train\gss333_jpg.rf.d99a481a13d670f0eec8a1a6147d0284.txt,C:\Machine Learning\projet\projet-machine-learning\dataset\images\train\gss333_jpg.rf.d99a481a13d670f0eec8a1a6147d0284.jpg
train,gss334_jpg.rf.4b22eae7bd998a458c5069d43fe1c9f5,C:\Machine Learning\projet\projet-machine-learning\dataset\labels\train\gss334_jpg.rf.4b22eae7bd998a458c5069d43fe1c9f5.txt,C:\Machine Learning\projet\projet-machine-learning\dataset\images\train\gss334_jpg.rf.4b22eae7bd998a458c5069d43fe1c9f5.jpg
train,gss336_jpg.rf.110da36ae1930ff16f85eed11505a53f,C:\Machine Learning\projet\projet-machine-learning\dataset\labels\train\gss336_jpg.rf.110da36ae1930ff16f85eed11505a53f.txt,C:\Machine Learning\projet\projet-machine-learning\dataset\images\train\gss336_jpg.rf.110da36ae1930ff16f85eed11505a53f.jpg
train,gss338_jpg.rf.87adefdf6473713429c89cf4da08e484,C:\Machine Learning\projet\projet-machine-learning\dataset\labels\train\gss338_jpg.rf.87adefdf6473713429c89cf4da08e484.txt,C:\Machine Learning\projet\projet-machine-learning\dataset\images\train\gss338_jpg.rf.87adefdf6473713429c89cf4da08e484.jpg
train,gss339_jpg.rf.e2fc6d96dcff5b292588814f38eeb186,C:\Machine Learning\projet\projet-machine-learning\dataset\labels\train\gss339_jpg.rf.e2fc6d96dcff5b292588814f38eeb186.txt,C:\Machine Learning\projet\projet-machine-learning\dataset\images\train\gss339_jpg.rf.e2fc6d96dcff5b292588814f38eeb186.jpg
train,gss33_jpg.rf.11489762e10af8d2c0bb536e796faf4e,C:\Machine Learning\projet\projet-machine-learning\dataset\labels\train\gss33_jpg.rf.11489762e10af8d2c0bb536e796faf4e.txt,C:\Machine Learning\projet\projet-machine-learning\dataset\images\train\gss33_jpg.rf.11489762e10af8d2c0bb536e796faf4e.jpg
train,gss340_jpg.rf.20c44239fc6dc821f3507e3174e8133b,C:\Machine Learning\projet\projet-machine-learning\dataset\labels\train\gss340_jpg.rf.20c44239fc6dc821f3507e3174e8133b.txt,C:\Machine Learning\projet\projet-machine-learning\dataset\images\train\gss340_jpg.rf.20c44239fc6dc821f3507e3174e8133b.jpg
train,gss342_jpg.rf.4c3978d093524a9631caf91861f622a5,C:\Machine Learning\projet\projet-machine-learning\dataset\labels\train\gss342_jpg.rf.4c3978d093524a9631caf91861f622a5.txt,C:\Machine Learning\projet\projet-machine-learning\dataset\images\train\gss342_jpg.rf.4c3978d093524a9631caf91861f622a5.jpg
train,gss343_jpg.rf.d3a1edeff025b501f43549d027241fad,C:\Machine Learning\projet\projet-machine-learning\dataset\labels\train\gss343_jpg.rf.d3a1edeff025b501f43549d027241fad.txt,C:\Machine Learning\projet\projet-machine-learning\dataset\images\train\gss343_jpg.rf.d3a1edeff025b501f43549d027241fad.jpg
train,gss346_jpg.rf.ffe838fdee2cd2791040808d5f6e6d21,C:\Machine Learning\projet\projet-machine-learning\dataset\labels\train\gss346_jpg.rf.ffe838fdee2cd2791040808d5f6e6d21.txt,C:\Machine Learning\projet\projet-machine-learning\dataset\images\train\gss346_jpg.rf.ffe838fdee2cd2791040808d5f6e6d21.jpg
train,gss347_jpg.rf.32b279c2463208424787ceaea23b3286,C:\Machine Learning\projet\projet-machine-learning\dataset\labels\train\gss347_jpg.rf.32b279c2463208424787ceaea23b3286.txt,C:\Machine Learning\projet\projet-machine-learning\dataset\images\train\gss347_jpg.rf.32b279c2463208424787ceaea23b3286.jpg
train,gss348_jpg.rf.fe1f6aede9dc789457e728b621066d09,C:\Machine Learning\projet\projet-machine-learning\dataset\labels\train\gss348_jpg.rf.fe1f6aede9dc789457e728b621066d09.txt,C:\Machine Learning\projet\projet-machine-learning\dataset\images\train\gss348_jpg.rf.fe1f6aede9dc789457e728b621066d09.jpg
train,gss34_jpg.rf.d912e7337272af7b2cc5e3c8325e3a16,C:\Machine Learning\projet\projet-machine-learning\dataset\labels\train\gss34_jpg.rf.d912e7337272af7b2cc5e3c8325e3a16.txt,C:\Machine Learning\projet\projet-machine-learning\dataset\images\train\gss34_jpg.rf.d912e7337272af7b2cc5e3c8325e3a16.jpg
train,gss350_jpg.rf.bd9d0ba2433ff11bf1cdd0007940592e,C:\Machine Learning\projet\projet-machine-learning\dataset\labels\train\gss350_jpg.rf.bd9d0ba2433ff11bf1cdd0007940592e.txt,C:\Machine Learning\projet\projet-machine-learning\dataset\images\train\gss350_jpg.rf.bd9d0ba2433ff11bf1cdd0007940592e.jpg
train,gss352_jpg.rf.318c01cdbc8ef037db650a93397332e4,C:\Machine Learning\projet\projet-machine-learning\dataset\labels\train\gss352_jpg.rf.318c01cdbc8ef037db650a93397332e4.txt,C:\Machine Learning\projet\projet-machine-learning\dataset\images\train\gss352_jpg.rf.318c01cdbc8ef037db650a93397332e4.jpg
train,gss354_jpg.rf.63a8c950f5ae1bdc942730d670ffe27c,C:\Machine Learning\projet\projet-machine-learning\dataset\labels\train\gss354_jpg.rf.63a8c950f5ae1bdc942730d670ffe27c.txt,C:\Machine Learning\projet\projet-machine-learning\dataset\images\train\gss354_jpg.rf.63a8c950f5ae1bdc942730d670ffe27c.jpg
train,gss355_jpg.rf.8e9148c2a9596b92339114ef6db87e60,C:\Machine Learning\projet\projet-machine-learning\dataset\labels\train\gss355_jpg.rf.8e9148c2a9596b92339114ef6db87e60.txt,C:\Machine Learning\projet\projet-machine-learning\dataset\images\train\gss355_jpg.rf.8e9148c2a9596b92339114ef6db87e60.jpg
train,gss356_jpg.rf.f0e26ccb6b202dc87915381ac5e483cd,C:\Machine Learning\projet\projet-machine-learning\dataset\labels\train\gss356_jpg.rf.f0e26ccb6b202dc87915381ac5e483cd.txt,C:\Machine Learning\projet\projet-machine-learning\dataset\images\train\gss356_jpg.rf.f0e26ccb6b202dc87915381ac5e483cd.jpg
train,gss359_jpg.rf.6d7780b62807f7197dca9e40756ff30d,C:\Machine Learning\projet\projet-machine-learning\dataset\labels\train\gss359_jpg.rf.6d7780b62807f7197dca9e40756ff30d.txt,C:\Machine Learning\projet\projet-machine-learning\dataset\images\train\gss359_jpg.rf.6d7780b62807f7197dca9e40756ff30d.jpg
train,gss35_jpg.rf.c97e9459a34bb441c6ee3a96bd4df853,C:\Machine Learning\projet\projet-machine-learning\dataset\labels\train\gss35_jpg.rf.c97e9459a34bb441c6ee3a96bd4df853.txt,C:\Machine Learning\projet\projet-machine-learning\dataset\images\train\gss35_jpg.rf.c97e9459a34bb441c6ee3a96bd4df853.jpg
train,gss361_jpg.rf.9c4b8909094c3398b0eac94b07b4f98d,C:\Machine Learning\projet\projet-machine-learning\dataset\labels\train\gss361_jpg.rf.9c4b8909094c3398b0eac94b07b4f98d.txt,C:\Machine Learning\projet\projet-machine-learning\dataset\images\train\gss361_jpg.rf.9c4b8909094c3398b0eac94b07b4f98d.jpg
train,gss362_jpg.rf.675b98161c0f107c58cc0713a83b5436,C:\Machine Learning\projet\projet-machine-learning\dataset\labels\train\gss362_jpg.rf.675b98161c0f107c58cc0713a83b5436.txt,C:\Machine Learning\projet\projet-machine-learning\dataset\images\train\gss362_jpg.rf.675b98161c0f107c58cc0713a83b5436.jpg
train,gss363_jpg.rf.5049c817468d6844858b335c846b8955,C:\Machine Learning\projet\projet-machine-learning\dataset\labels\train\gss363_jpg.rf.5049c817468d6844858b335c846b8955.txt,C:\Machine Learning\projet\projet-machine-learning\dataset\images\train\gss363_jpg.rf.5049c817468d6844858b335c846b8955.jpg
train,gss364_jpg.rf.dfc7da326713fb17c4b5c1ada8bd05bb,C:\Machine Learning\projet\projet-machine-learning\dataset\labels\train\gss364_jpg.rf.dfc7da326713fb17c4b5c1ada8bd05bb.txt,C:\Machine Learning\projet\projet-machine-learning\dataset\images\train\gss364_jpg.rf.dfc7da326713fb17c4b5c1ada8bd05bb.jpg
train,gss365_jpg.rf.06ac3cde27f2bac1f6bbf4d16431b838,C:\Machine Learning\projet\projet-machine-learning\dataset\labels\train\gss365_jpg.rf.06ac3cde27f2bac1f6bbf4d16431b838.txt,C:\Machine Learning\projet\projet-machine-learning\dataset\images\train\gss365_jpg.rf.06ac3cde27f2bac1f6bbf4d16431b838.jpg
train,gss366_jpg.rf.5b5264aecc05e9a69026fdbaacf0eba4,C:\Machine Learning\projet\projet-machine-learning\dataset\labels\train\gss366_jpg.rf.5b5264aecc05e9a69026fdbaacf0eba4.txt,C:\Machine Learning\projet\projet-machine-learning\dataset\images\train\gss366_jpg.rf.5b5264aecc05e9a69026fdbaacf0eba4.jpg
train,gss369_jpg.rf.7b2fb064e6b0363326b26e77714c0930,C:\Machine Learning\projet\projet-machine-learning\dataset\labels\train\gss369_jpg.rf.7b2fb064e6b0363326b26e77714c0930.txt,C:\Machine Learning\projet\projet-machine-learning\dataset\images\train\gss369_jpg.rf.7b2fb064e6b0363326b26e77714c0930.jpg
train,gss36_jpg.rf.cd9f421b413da4cae4e3221f674dbff3,C:\Machine Learning\projet\projet-machine-learning\dataset\labels\train\gss36_jpg.rf.cd9f421b413da4cae4e3221f674dbff3.txt,C:\Machine Learning\projet\projet-machine-learning\dataset\images\train\gss36_jpg.rf.cd9f421b413da4cae4e3221f674dbff3.jpg
train,gss370_jpg.rf.b74355ae9afc9fd1bca90d01751cb278,C:\Machine Learning\projet\projet-machine-learning\dataset\labels\train\gss370_jpg.rf.b74355ae9afc9fd1bca90d01751cb278.txt,C:\Machine Learning\projet\projet-machine-learning\dataset\images\train\gss370_jpg.rf.b74355ae9afc9fd1bca90d01751cb278.jpg
train,gss371_jpg.rf.9a9285c014af6f70f63691f1a10ea1f8,C:\Machine Learning\projet\projet-machine-learning\dataset\labels\train\gss371_jpg.rf.9a9285c014af6f70f63691f1a10ea1f8.txt,C:\Machine Learning\projet\projet-machine-learning\dataset\images\train\gss371_jpg.rf.9a9285c014af6f70f63691f1a10ea1f8.jpg
train,gss372_jpg.rf.0e5091f20a47deedcec8e7c0e4272064,C:\Machine Learning\projet\projet-machine-learning\dataset\labels\train\gss372_jpg.rf.0e5091f20a47deedcec8e7c0e4272064.txt,C:\Machine Learning\projet\projet-machine-learning\dataset\images\train\gss372_jpg.rf.0e5091f20a47deedcec8e7c0e4272064.jpg
train,gss373_jpg.rf.706c6959a4bfff184fd3f3a29e60492b,C:\Machine Learning\projet\projet-machine-learning\dataset\labels\train\gss373_jpg.rf.706c6959a4bfff184fd3f3a29e60492b.txt,C:\Machine Learning\projet\projet-machine-learning\dataset\images\train\gss373_jpg.rf.706c6959a4bfff184fd3f3a29e60492b.jpg
train,gss374_jpg.rf.ee22ec035e1345c93fa3f549a14d97b1,C:\Machine Learning\projet\projet-machine-learning\dataset\labels\train\gss374_jpg.rf.ee22ec035e1345c93fa3f549a14d97b1.txt,C:\Machine Learning\projet\projet-machine-learning\dataset\images\train\gss374_jpg.rf.ee22ec035e1345c93fa3f549a14d97b1.jpg
train,gss375_jpg.rf.e7c1a88b630604c8f70fb67cc125c1c2,C:\Machine Learning\projet\projet-machine-learning\dataset\labels\train\gss375_jpg.rf.e7c1a88b630604c8f70fb67cc125c1c2.txt,C:\Machine Learning\projet\projet-machine-learning\dataset\images\train\gss375_jpg.rf.e7c1a88b630604c8f70fb67cc125c1c2.jpg
train,gss376_jpg.rf.ca6cae763510197d977a827399d2c287,C:\Machine Learning\projet\projet-machine-learning\dataset\labels\train\gss376_jpg.rf.ca6cae763510197d977a827399d2c287.txt,C:\Machine Learning\projet\projet-machine-learning\dataset\images\train\gss376_jpg.rf.ca6cae763510197d977a827399d2c287.jpg
train,gss377_jpg.rf.89d5fe0574820fc1bac31919413294d2,C:\Machine Learning\projet\projet-machine-learning\dataset\labels\train\gss377_jpg.rf.89d5fe0574820fc1bac31919413294d2.txt,C:\Machine Learning\projet\projet-machine-learning\dataset\images\train\gss377_jpg.rf.89d5fe0574820fc1bac31919413294d2.jpg
train,gss379_jpg.rf.20ffc3991fa283ff67e7424197b270a2,C:\Machine Learning\projet\projet-machine-learning\dataset\labels\train\gss379_jpg.rf.20ffc3991fa283ff67e7424197b270a2.txt,C:\Machine Learning\projet\projet-machine-learning\dataset\images\train\gss379_jpg.rf.20ffc3991fa283ff67e7424197b270a2.jpg
train,gss383_jpg.rf.7476732729a62c555aa06fb273cfc5d1,C:\Machine Learning\projet\projet-machine-learning\dataset\labels\train\gss383_jpg.rf.7476732729a62c555aa06fb273cfc5d1.txt,C:\Machine Learning\projet\projet-machine-learning\dataset\images\train\gss383_jpg.rf.7476732729a62c555aa06fb273cfc5d1.jpg
train,gss384_jpg.rf.e2266b4450feded6df035902a1c625b4,C:\Machine Learning\projet\projet-machine-learning\dataset\labels\train\gss384_jpg.rf.e2266b4450feded6df035902a1c625b4.txt,C:\Machine Learning\projet\projet-machine-learning\dataset\images\train\gss384_jpg.rf.e2266b4450feded6df035902a1c625b4.jpg
train,gss386_jpg.rf.6f36347211ef77485f7d942feb1aafdc,C:\Machine Learning\projet\projet-machine-learning\dataset\labels\train\gss386_jpg.rf.6f36347211ef77485f7d942feb1aafdc.txt,C:\Machine Learning\projet\projet-machine-learning\dataset\images\train\gss386_jpg.rf.6f36347211ef77485f7d942feb1aafdc.jpg
train,gss387_jpg.rf.8a079345a7ca984ef2cd6632dd64297f,C:\Machine Learning\projet\projet-machine-learning\dataset\labels\train\gss387_jpg.rf.8a079345a7ca984ef2cd6632dd64297f.txt,C:\Machine Learning\projet\projet-machine-learning\dataset\images\train\gss387_jpg.rf.8a079345a7ca984ef2cd6632dd64297f.jpg
train,gss388_jpg.rf.609fa641caafa54619f425652b48600a,C:\Machine Learning\projet\projet-machine-learning\dataset\labels\train\gss388_jpg.rf.609fa641caafa54619f425652b48600a.txt,C:\Machine Learning\projet\projet-machine-learning\dataset\images\train\gss388_jpg.rf.609fa641caafa54619f425652b48600a.jpg
train,gss389_jpg.rf.fc4a01bbcda6c36cb416185fc650669e,C:\Machine Learning\projet\projet-machine-learning\dataset\labels\train\gss389_jpg.rf.fc4a01bbcda6c36cb416185fc650669e.txt,C:\Machine Learning\projet\projet-machine-learning\dataset\images\train\gss389_jpg.rf.fc4a01bbcda6c36cb416185fc650669e.jpg
train,gss390_jpg.rf.1941da6c874145a92f3e17edb25a2571,C:\Machine Learning\projet\projet-machine-learning\dataset\labels\train\gss390_jpg.rf.1941da6c874145a92f3e17edb25a2571.txt,C:\Machine Learning\projet\projet-machine-learning\dataset\images\train\gss390_jpg.rf.1941da6c874145a92f3e17edb25a2571.jpg
train,gss391_jpg.rf.9b5ccb89d32fad98f4ee4a17c50afd5e,C:\Machine Learning\projet\projet-machine-learning\dataset\labels\train\gss391_jpg.rf.9b5ccb89d32fad98f4ee4a17c50afd5e.txt,C:\Machine Learning\projet\projet-machine-learning\dataset\images\train\gss391_jpg.rf.9b5ccb89d32fad98f4ee4a17c50afd5e.jpg
train,gss394_jpg.rf.d573ed032478af8893070c2514550ca8,C:\Machine Learning\projet\projet-machine-learning\dataset\labels\train\gss394_jpg.rf.d573ed032478af8893070c2514550ca8.txt,C:\Machine Learning\projet\projet-machine-learning\dataset\images\train\gss394_jpg.rf.d573ed032478af8893070c2514550ca8.jpg
train,gss395_jpg.rf.66a35b4485f13fe34532b026a831d93b,C:\Machine Learning\projet\projet-machine-learning\dataset\labels\train\gss395_jpg.rf.66a35b4485f13fe34532b026a831d93b.txt,C:\Machine Learning\projet\projet-machine-learning\dataset\images\train\gss395_jpg.rf.66a35b4485f13fe34532b026a831d93b.jpg
train,gss396_jpg.rf.3abaf17e79e10bc79702cd6b42aa13d0,C:\Machine Learning\projet\projet-machine-learning\dataset\labels\train\gss396_jpg.rf.3abaf17e79e10bc79702cd6b42aa13d0.txt,C:\Machine Learning\projet\projet-machine-learning\dataset\images\train\gss396_jpg.rf.3abaf17e79e10bc79702cd6b42aa13d0.jpg
train,gss399_jpg.rf.c31f9b83b6cdddd9b9925ac07ba3821a,C:\Machine Learning\projet\projet-machine-learning\dataset\labels\train\gss399_jpg.rf.c31f9b83b6cdddd9b9925ac07ba3821a.txt,C:\Machine Learning\projet\projet-machine-learning\dataset\images\train\gss399_jpg.rf.c31f9b83b6cdddd9b9925ac07ba3821a.jpg
train,gss39_jpg.rf.95d046d015e55c8b9159752794f4591b,C:\Machine Learning\projet\projet-machine-learning\dataset\labels\train\gss39_jpg.rf.95d046d015e55c8b9159752794f4591b.txt,C:\Machine Learning\projet\projet-machine-learning\dataset\images\train\gss39_jpg.rf.95d046d015e55c8b9159752794f4591b.jpg
train,gss3_jpg.rf.f3a2274c0d6320894506d788d00d17c8,C:\Machine Learning\projet\projet-machine-learning\dataset\labels\train\gss3_jpg.rf.f3a2274c0d6320894506d788d00d17c8.txt,C:\Machine Learning\projet\projet-machine-learning\dataset\images\train\gss3_jpg.rf.f3a2274c0d6320894506d788d00d17c8.jpg
train,gss401_jpg.rf.8f171c04a1eea2a3a5a873395809027a,C:\Machine Learning\projet\projet-machine-learning\dataset\labels\train\gss401_jpg.rf.8f171c04a1eea2a3a5a873395809027a.txt,C:\Machine Learning\projet\projet-machine-learning\dataset\images\train\gss401_jpg.rf.8f171c04a1eea2a3a5a873395809027a.jpg
train,gss402_jpg.rf.f3fada376b7fb8fec46ee4b697280cf1,C:\Machine Learning\projet\projet-machine-learning\dataset\labels\train\gss402_jpg.rf.f3fada376b7fb8fec46ee4b697280cf1.txt,C:\Machine Learning\projet\projet-machine-learning\dataset\images\train\gss402_jpg.rf.f3fada376b7fb8fec46ee4b697280cf1.jpg
train,gss403_jpg.rf.4a157fed87489abbfa4c65907161c196,C:\Machine Learning\projet\projet-machine-learning\dataset\labels\train\gss403_jpg.rf.4a157fed87489abbfa4c65907161c196.txt,C:\Machine Learning\projet\projet-machine-learning\dataset\images\train\gss403_jpg.rf.4a157fed87489abbfa4c65907161c196.jpg
train,gss404_jpg.rf.d0af2ad0630a5d776c82280ba251d13d,C:\Machine Learning\projet\projet-machine-learning\dataset\labels\train\gss404_jpg.rf.d0af2ad0630a5d776c82280ba251d13d.txt,C:\Machine Learning\projet\projet-machine-learning\dataset\images\train\gss404_jpg.rf.d0af2ad0630a5d776c82280ba251d13d.jpg
train,gss405_jpg.rf.5a07d6bb1444bc0bfdd60984b477e91f,C:\Machine Learning\projet\projet-machine-learning\dataset\labels\train\gss405_jpg.rf.5a07d6bb1444bc0bfdd60984b477e91f.txt,C:\Machine Learning\projet\projet-machine-learning\dataset\images\train\gss405_jpg.rf.5a07d6bb1444bc0bfdd60984b477e91f.jpg
train,gss407_jpg.rf.4c4cc6caf5fd315b5bf890de41713152,C:\Machine Learning\projet\projet-machine-learning\dataset\labels\train\gss407_jpg.rf.4c4cc6caf5fd315b5bf890de41713152.txt,C:\Machine Learning\projet\projet-machine-learning\dataset\images\train\gss407_jpg.rf.4c4cc6caf5fd315b5bf890de41713152.jpg
train,gss408_jpg.rf.e92b277df0601bfaac316de4f845a1a5,C:\Machine Learning\projet\projet-machine-learning\dataset\labels\train\gss408_jpg.rf.e92b277df0601bfaac316de4f845a1a5.txt,C:\Machine Learning\projet\projet-machine-learning\dataset\images\train\gss408_jpg.rf.e92b277df0601bfaac316de4f845a1a5.jpg
train,gss409_jpg.rf.7670a5cff366f23b2a0ef2b008c55b0d,C:\Machine Learning\projet\projet-machine-learning\dataset\labels\train\gss409_jpg.rf.7670a5cff366f23b2a0ef2b008c55b0d.txt,C:\Machine Learning\projet\projet-machine-learning\dataset\images\train\gss409_jpg.rf.7670a5cff366f23b2a0ef2b008c55b0d.jpg
train,gss410_jpg.rf.e9e71ff7bee7a581e433067ca1382267,C:\Machine Learning\projet\projet-machine-learning\dataset\labels\train\gss410_jpg.rf.e9e71ff7bee7a581e433067ca1382267.txt,C:\Machine Learning\projet\projet-machine-learning\dataset\images\train\gss410_jpg.rf.e9e71ff7bee7a581e433067ca1382267.jpg
train,gss411_jpg.rf.7d8e5d21c3192cae4af9e370c3a55faf,C:\Machine Learning\projet\projet-machine-learning\dataset\labels\train\gss411_jpg.rf.7d8e5d21c3192cae4af9e370c3a55faf.txt,C:\Machine Learning\projet\projet-machine-learning\dataset\images\train\gss411_jpg.rf.7d8e5d21c3192cae4af9e370c3a55faf.jpg
train,gss412_jpg.rf.2d7473a62238f9395fbeb78574d624a8,C:\Machine Learning\projet\projet-machine-learning\dataset\labels\train\gss412_jpg.rf.2d7473a62238f9395fbeb78574d624a8.txt,C:\Machine Learning\projet\projet-machine-learning\dataset\images\train\gss412_jpg.rf.2d7473a62238f9395fbeb78574d624a8.jpg
train,gss413_jpg.rf.80d7c7c87d7b827ee98ef3b5d28a8590,C:\Machine Learning\projet\projet-machine-learning\dataset\labels\train\gss413_jpg.rf.80d7c7c87d7b827ee98ef3b5d28a8590.txt,C:\Machine Learning\projet\projet-machine-learning\dataset\images\train\gss413_jpg.rf.80d7c7c87d7b827ee98ef3b5d28a8590.jpg
train,gss414_jpg.rf.0f0da0b9345d189eba068d248cbfe479,C:\Machine Learning\projet\projet-machine-learning\dataset\labels\train\gss414_jpg.rf.0f0da0b9345d189eba068d248cbfe479.txt,C:\Machine Learning\projet\projet-machine-learning\dataset\images\train\gss414_jpg.rf.0f0da0b9345d189eba068d248cbfe479.jpg
train,gss415_jpg.rf.14448016fd8326e7939ba769ca8d4535,C:\Machine Learning\projet\projet-machine-learning\dataset\labels\train\gss415_jpg.rf.14448016fd8326e7939ba769ca8d4535.txt,C:\Machine Learning\projet\projet-machine-learning\dataset\images\train\gss415_jpg.rf.14448016fd8326e7939ba769ca8d4535.jpg
train,gss417_jpg.rf.6fa968a6d8c5eb9f2e8c11d7daf01073,C:\Machine Learning\projet\projet-machine-learning\dataset\labels\train\gss417_jpg.rf.6fa968a6d8c5eb9f2e8c11d7daf01073.txt,C:\Machine Learning\projet\projet-machine-learning\dataset\images\train\gss417_jpg.rf.6fa968a6d8c5eb9f2e8c11d7daf01073.jpg
train,gss418_jpg.rf.4651bdd5375581e8ebc396dfc7c769c9,C:\Machine Learning\projet\projet-machine-learning\dataset\labels\train\gss418_jpg.rf.4651bdd5375581e8ebc396dfc7c769c9.txt,C:\Machine Learning\projet\projet-machine-learning\dataset\images\train\gss418_jpg.rf.4651bdd5375581e8ebc396dfc7c769c9.jpg
train,gss419_jpg.rf.240cc69c5b51c6f27b3d5b7a3a16e48f,C:\Machine Learning\projet\projet-machine-learning\dataset\labels\train\gss419_jpg.rf.240cc69c5b51c6f27b3d5b7a3a16e48f.txt,C:\Machine Learning\projet\projet-machine-learning\dataset\images\train\gss419_jpg.rf.240cc69c5b51c6f27b3d5b7a3a16e48f.jpg
train,gss41_jpg.rf.8f4f03da1bb6cdc0fc7da4cc21c7db26,C:\Machine Learning\projet\projet-machine-learning\dataset\labels\train\gss41_jpg.rf.8f4f03da1bb6cdc0fc7da4cc21c7db26.txt,C:\Machine Learning\projet\projet-machine-learning\dataset\images\train\gss41_jpg.rf.8f4f03da1bb6cdc0fc7da4cc21c7db26.jpg
train,gss421_jpg.rf.665e3a69af399fac2101933deaf428b6,C:\Machine Learning\projet\projet-machine-learning\dataset\labels\train\gss421_jpg.rf.665e3a69af399fac2101933deaf428b6.txt,C:\Machine Learning\projet\projet-machine-learning\dataset\images\train\gss421_jpg.rf.665e3a69af399fac2101933deaf428b6.jpg
train,gss422_jpg.rf.3a1ebeb1474fedfed71a216b2aa02cea,C:\Machine Learning\projet\projet-machine-learning\dataset\labels\train\gss422_jpg.rf.3a1ebeb1474fedfed71a216b2aa02cea.txt,C:\Machine Learning\projet\projet-machine-learning\dataset\images\train\gss422_jpg.rf.3a1ebeb1474fedfed71a216b2aa02cea.jpg
train,gss424_jpg.rf.08f10d3384b0d4a89ae0f70f3341be10,C:\Machine Learning\projet\projet-machine-learning\dataset\labels\train\gss424_jpg.rf.08f10d3384b0d4a89ae0f70f3341be10.txt,C:\Machine Learning\projet\projet-machine-learning\dataset\images\train\gss424_jpg.rf.08f10d3384b0d4a89ae0f70f3341be10.jpg
train,gss426_jpg.rf.a23653df68965b22986240749058191a,C:\Machine Learning\projet\projet-machine-learning\dataset\labels\train\gss426_jpg.rf.a23653df68965b22986240749058191a.txt,C:\Machine Learning\projet\projet-machine-learning\dataset\images\train\gss426_jpg.rf.a23653df68965b22986240749058191a.jpg
train,gss427_jpg.rf.159011692150a74d5f20c3a52ea4f4f7,C:\Machine Learning\projet\projet-machine-learning\dataset\labels\train\gss427_jpg.rf.159011692150a74d5f20c3a52ea4f4f7.txt,C:\Machine Learning\projet\projet-machine-learning\dataset\images\train\gss427_jpg.rf.159011692150a74d5f20c3a52ea4f4f7.jpg
train,gss429_jpg.rf.b9a55fb8381d07cb1eec897c22b833a0,C:\Machine Learning\projet\projet-machine-learning\dataset\labels\train\gss429_jpg.rf.b9a55fb8381d07cb1eec897c22b833a0.txt,C:\Machine Learning\projet\projet-machine-learning\dataset\images\train\gss429_jpg.rf.b9a55fb8381d07cb1eec897c22b833a0.jpg
train,gss42_jpg.rf.7188f145bed953a80131a5ecdbd8bec9,C:\Machine Learning\projet\projet-machine-learning\dataset\labels\train\gss42_jpg.rf.7188f145bed953a80131a5ecdbd8bec9.txt,C:\Machine Learning\projet\projet-machine-learning\dataset\images\train\gss42_jpg.rf.7188f145bed953a80131a5ecdbd8bec9.jpg
train,gss431_jpg.rf.6376e6bb8fad6197881bc3fcbaa778f6,C:\Machine Learning\projet\projet-machine-learning\dataset\labels\train\gss431_jpg.rf.6376e6bb8fad6197881bc3fcbaa778f6.txt,C:\Machine Learning\projet\projet-machine-learning\dataset\images\train\gss431_jpg.rf.6376e6bb8fad6197881bc3fcbaa778f6.jpg
train,gss434_jpg.rf.d8e526d82257b730031169e0d4427ed6,C:\Machine Learning\projet\projet-machine-learning\dataset\labels\train\gss434_jpg.rf.d8e526d82257b730031169e0d4427ed6.txt,C:\Machine Learning\projet\projet-machine-learning\dataset\images\train\gss434_jpg.rf.d8e526d82257b730031169e0d4427ed6.jpg
train,gss435_jpg.rf.73121ed713cd8be341373b1ebf36ba03,C:\Machine Learning\projet\projet-machine-learning\dataset\labels\train\gss435_jpg.rf.73121ed713cd8be341373b1ebf36ba03.txt,C:\Machine Learning\projet\projet-machine-learning\dataset\images\train\gss435_jpg.rf.73121ed713cd8be341373b1ebf36ba03.jpg
train,gss436_jpg.rf.2885fdc30e447b7b344b6446e8d63fd9,C:\Machine Learning\projet\projet-machine-learning\dataset\labels\train\gss436_jpg.rf.2885fdc30e447b7b344b6446e8d63fd9.txt,C:\Machine Learning\projet\projet-machine-learning\dataset\images\train\gss436_jpg.rf.2885fdc30e447b7b344b6446e8d63fd9.jpg
train,gss43_jpg.rf.28ec4b7843b4f34ae153fc3e620cfd47,C:\Machine Learning\projet\projet-machine-learning\dataset\labels\train\gss43_jpg.rf.28ec4b7843b4f34ae153fc3e620cfd47.txt,C:\Machine Learning\projet\projet-machine-learning\dataset\images\train\gss43_jpg.rf.28ec4b7843b4f34ae153fc3e620cfd47.jpg
train,gss440_jpg.rf.0a90e060f12eea75fac6213addc75ae9,C:\Machine Learning\projet\projet-machine-learning\dataset\labels\train\gss440_jpg.rf.0a90e060f12eea75fac6213addc75ae9.txt,C:\Machine Learning\projet\projet-machine-learning\dataset\images\train\gss440_jpg.rf.0a90e060f12eea75fac6213addc75ae9.jpg
train,gss441_jpg.rf.3c13fb3d99da1b4b5c92984d9e3b52bd,C:\Machine Learning\projet\projet-machine-learning\dataset\labels\train\gss441_jpg.rf.3c13fb3d99da1b4b5c92984d9e3b52bd.txt,C:\Machine Learning\projet\projet-machine-learning\dataset\images\train\gss441_jpg.rf.3c13fb3d99da1b4b5c92984d9e3b52bd.jpg
train,gss443_jpg.rf.5ef3d7a76ebfc90b1f58da3bd88599c5,C:\Machine Learning\projet\projet-machine-learning\dataset\labels\train\gss443_jpg.rf.5ef3d7a76ebfc90b1f58da3bd88599c5.txt,C:\Machine Learning\projet\projet-machine-learning\dataset\images\train\gss443_jpg.rf.5ef3d7a76ebfc90b1f58da3bd88599c5.jpg
train,gss444_jpg.rf.b12d5e898ebde88ae888ebf22d43b03f,C:\Machine Learning\projet\projet-machine-learning\dataset\labels\train\gss444_jpg.rf.b12d5e898ebde88ae888ebf22d43b03f.txt,C:\Machine Learning\projet\projet-machine-learning\dataset\images\train\gss444_jpg.rf.b12d5e898ebde88ae888ebf22d43b03f.jpg
train,gss445_jpg.rf.430dec233a5f29ee7cb7a902e584be1f,C:\Machine Learning\projet\projet-machine-learning\dataset\labels\train\gss445_jpg.rf.430dec233a5f29ee7cb7a902e584be1f.txt,C:\Machine Learning\projet\projet-machine-learning\dataset\images\train\gss445_jpg.rf.430dec233a5f29ee7cb7a902e584be1f.jpg
train,gss447_jpg.rf.48465a766ef8147292e095840633c844,C:\Machine Learning\projet\projet-machine-learning\dataset\labels\train\gss447_jpg.rf.48465a766ef8147292e095840633c844.txt,C:\Machine Learning\projet\projet-machine-learning\dataset\images\train\gss447_jpg.rf.48465a766ef8147292e095840633c844.jpg
train,gss451_jpg.rf.5b204b32efcb50def0993af5225d935d,C:\Machine Learning\projet\projet-machine-learning\dataset\labels\train\gss451_jpg.rf.5b204b32efcb50def0993af5225d935d.txt,C:\Machine Learning\projet\projet-machine-learning\dataset\images\train\gss451_jpg.rf.5b204b32efcb50def0993af5225d935d.jpg
train,gss452_jpg.rf.962da29f8762af193849b9b1a75deba4,C:\Machine Learning\projet\projet-machine-learning\dataset\labels\train\gss452_jpg.rf.962da29f8762af193849b9b1a75deba4.txt,C:\Machine Learning\projet\projet-machine-learning\dataset\images\train\gss452_jpg.rf.962da29f8762af193849b9b1a75deba4.jpg
train,gss454_jpg.rf.6e12b80851adeadd960de0c80ccc6ffa,C:\Machine Learning\projet\projet-machine-learning\dataset\labels\train\gss454_jpg.rf.6e12b80851adeadd960de0c80ccc6ffa.txt,C:\Machine Learning\projet\projet-machine-learning\dataset\images\train\gss454_jpg.rf.6e12b80851adeadd960de0c80ccc6ffa.jpg
train,gss455_jpg.rf.08601adf6507228d59101218966fdd6d,C:\Machine Learning\projet\projet-machine-learning\dataset\labels\train\gss455_jpg.rf.08601adf6507228d59101218966fdd6d.txt,C:\Machine Learning\projet\projet-machine-learning\dataset\images\train\gss455_jpg.rf.08601adf6507228d59101218966fdd6d.jpg
train,gss456_jpg.rf.de3d2f14423ebc30e462b010c3cb9bd9,C:\Machine Learning\projet\projet-machine-learning\dataset\labels\train\gss456_jpg.rf.de3d2f14423ebc30e462b010c3cb9bd9.txt,C:\Machine Learning\projet\projet-machine-learning\dataset\images\train\gss456_jpg.rf.de3d2f14423ebc30e462b010c3cb9bd9.jpg
train,gss457_jpg.rf.8811a077d545bb1881b3105bbd1851aa,C:\Machine Learning\projet\projet-machine-learning\dataset\labels\train\gss457_jpg.rf.8811a077d545bb1881b3105bbd1851aa.txt,C:\Machine Learning\projet\projet-machine-learning\dataset\images\train\gss457_jpg.rf.8811a077d545bb1881b3105bbd1851aa.jpg
train,gss458_jpg.rf.c0eaa2d044f3852d856b214689affde9,C:\Machine Learning\projet\projet-machine-learning\dataset\labels\train\gss458_jpg.rf.c0eaa2d044f3852d856b214689affde9.txt,C:\Machine Learning\projet\projet-machine-learning\dataset\images\train\gss458_jpg.rf.c0eaa2d044f3852d856b214689affde9.jpg
train,gss459_jpg.rf.849ac78e14f103b3b9dbff9a096e2fe8,C:\Machine Learning\projet\projet-machine-learning\dataset\labels\train\gss459_jpg.rf.849ac78e14f103b3b9dbff9a096e2fe8.txt,C:\Machine Learning\projet\projet-machine-learning\dataset\images\train\gss459_jpg.rf.849ac78e14f103b3b9dbff9a096e2fe8.jpg
train,gss460_jpg.rf.521a977d52a17b757b9ea7962d66a0c8,C:\Machine Learning\projet\projet-machine-learning\dataset\labels\train\gss460_jpg.rf.521a977d52a17b757b9ea7962d66a0c8.txt,C:\Machine Learning\projet\projet-machine-learning\dataset\images\train\gss460_jpg.rf.521a977d52a17b757b9ea7962d66a0c8.jpg
train,gss461_jpg.rf.32a04b523d4bf3c0ac6a616385ca2ab2,C:\Machine Learning\projet\projet-machine-learning\dataset\labels\train\gss461_jpg.rf.32a04b523d4bf3c0ac6a616385ca2ab2.txt,C:\Machine Learning\projet\projet-machine-learning\dataset\images\train\gss461_jpg.rf.32a04b523d4bf3c0ac6a616385ca2ab2.jpg
train,gss462_jpg.rf.5de4f800b519f0230a45cbfd35fbbdd1,C:\Machine Learning\projet\projet-machine-learning\dataset\labels\train\gss462_jpg.rf.5de4f800b519f0230a45cbfd35fbbdd1.txt,C:\Machine Learning\projet\projet-machine-learning\dataset\images\train\gss462_jpg.rf.5de4f800b519f0230a45cbfd35fbbdd1.jpg
train,gss464_jpg.rf.b94b3ddb25009f67c1845ff92eeb9299,C:\Machine Learning\projet\projet-machine-learning\dataset\labels\train\gss464_jpg.rf.b94b3ddb25009f67c1845ff92eeb9299.txt,C:\Machine Learning\projet\projet-machine-learning\dataset\images\train\gss464_jpg.rf.b94b3ddb25009f67c1845ff92eeb9299.jpg
train,gss465_jpg.rf.b118270141d7ecce3c328a4372e2d2c7,C:\Machine Learning\projet\projet-machine-learning\dataset\labels\train\gss465_jpg.rf.b118270141d7ecce3c328a4372e2d2c7.txt,C:\Machine Learning\projet\projet-machine-learning\dataset\images\train\gss465_jpg.rf.b118270141d7ecce3c328a4372e2d2c7.jpg
train,gss467_jpg.rf.94812cfeb20cf8b909a1ba3e0738e222,C:\Machine Learning\projet\projet-machine-learning\dataset\labels\train\gss467_jpg.rf.94812cfeb20cf8b909a1ba3e0738e222.txt,C:\Machine Learning\projet\projet-machine-learning\dataset\images\train\gss467_jpg.rf.94812cfeb20cf8b909a1ba3e0738e222.jpg
train,gss468_jpg.rf.d6d67cca328ab8c6ad6d651fa5e832b8,C:\Machine Learning\projet\projet-machine-learning\dataset\labels\train\gss468_jpg.rf.d6d67cca328ab8c6ad6d651fa5e832b8.txt,C:\Machine Learning\projet\projet-machine-learning\dataset\images\train\gss468_jpg.rf.d6d67cca328ab8c6ad6d651fa5e832b8.jpg
train,gss469_jpg.rf.1c5071157a38f7767a0e2562ffe1b112,C:\Machine Learning\projet\projet-machine-learning\dataset\labels\train\gss469_jpg.rf.1c5071157a38f7767a0e2562ffe1b112.txt,C:\Machine Learning\projet\projet-machine-learning\dataset\images\train\gss469_jpg.rf.1c5071157a38f7767a0e2562ffe1b112.jpg
train,gss470_jpg.rf.e5eb131b24c8a97f1b4dc5e82dae547c,C:\Machine Learning\projet\projet-machine-learning\dataset\labels\train\gss470_jpg.rf.e5eb131b24c8a97f1b4dc5e82dae547c.txt,C:\Machine Learning\projet\projet-machine-learning\dataset\images\train\gss470_jpg.rf.e5eb131b24c8a97f1b4dc5e82dae547c.jpg
train,gss471_jpg.rf.37a13de92e7132308aa3969dc2599f7f,C:\Machine Learning\projet\projet-machine-learning\dataset\labels\train\gss471_jpg.rf.37a13de92e7132308aa3969dc2599f7f.txt,C:\Machine Learning\projet\projet-machine-learning\dataset\images\train\gss471_jpg.rf.37a13de92e7132308aa3969dc2599f7f.jpg
train,gss472_jpg.rf.7f42250e21d7cdc08a5aaf44ba43a3ef,C:\Machine Learning\projet\projet-machine-learning\dataset\labels\train\gss472_jpg.rf.7f42250e21d7cdc08a5aaf44ba43a3ef.txt,C:\Machine Learning\projet\projet-machine-learning\dataset\images\train\gss472_jpg.rf.7f42250e21d7cdc08a5aaf44ba43a3ef.jpg
train,gss475_jpg.rf.1b2ae8c79edb76da74d44ab3a770a7d8,C:\Machine Learning\projet\projet-machine-learning\dataset\labels\train\gss475_jpg.rf.1b2ae8c79edb76da74d44ab3a770a7d8.txt,C:\Machine Learning\projet\projet-machine-learning\dataset\images\train\gss475_jpg.rf.1b2ae8c79edb76da74d44ab3a770a7d8.jpg
train,gss477_jpg.rf.cd12bc129279f532736c88b6e3a8054b,C:\Machine Learning\projet\projet-machine-learning\dataset\labels\train\gss477_jpg.rf.cd12bc129279f532736c88b6e3a8054b.txt,C:\Machine Learning\projet\projet-machine-learning\dataset\images\train\gss477_jpg.rf.cd12bc129279f532736c88b6e3a8054b.jpg
train,gss479_jpg.rf.695aab0bab1368909e66e74d9baa7ac0,C:\Machine Learning\projet\projet-machine-learning\dataset\labels\train\gss479_jpg.rf.695aab0bab1368909e66e74d9baa7ac0.txt,C:\Machine Learning\projet\projet-machine-learning\dataset\images\train\gss479_jpg.rf.695aab0bab1368909e66e74d9baa7ac0.jpg
train,gss47_jpg.rf.3b2da221c2173f5c142dd6fed58a5f06,C:\Machine Learning\projet\projet-machine-learning\dataset\labels\train\gss47_jpg.rf.3b2da221c2173f5c142dd6fed58a5f06.txt,C:\Machine Learning\projet\projet-machine-learning\dataset\images\train\gss47_jpg.rf.3b2da221c2173f5c142dd6fed58a5f06.jpg
train,gss482_jpg.rf.565356f0eba214222d30286fca7be89b,C:\Machine Learning\projet\projet-machine-learning\dataset\labels\train\gss482_jpg.rf.565356f0eba214222d30286fca7be89b.txt,C:\Machine Learning\projet\projet-machine-learning\dataset\images\train\gss482_jpg.rf.565356f0eba214222d30286fca7be89b.jpg
train,gss484_jpg.rf.a0fc30700416d3e3efaaf00f06e8e9ac,C:\Machine Learning\projet\projet-machine-learning\dataset\labels\train\gss484_jpg.rf.a0fc30700416d3e3efaaf00f06e8e9ac.txt,C:\Machine Learning\projet\projet-machine-learning\dataset\images\train\gss484_jpg.rf.a0fc30700416d3e3efaaf00f06e8e9ac.jpg
train,gss485_jpg.rf.58b470ce7f6707a0ddffef955677deb9,C:\Machine Learning\projet\projet-machine-learning\dataset\labels\train\gss485_jpg.rf.58b470ce7f6707a0ddffef955677deb9.txt,C:\Machine Learning\projet\projet-machine-learning\dataset\images\train\gss485_jpg.rf.58b470ce7f6707a0ddffef955677deb9.jpg
train,gss486_jpg.rf.677f7efc8a76727bae155a88d1bd0033,C:\Machine Learning\projet\projet-machine-learning\dataset\labels\train\gss486_jpg.rf.677f7efc8a76727bae155a88d1bd0033.txt,C:\Machine Learning\projet\projet-machine-learning\dataset\images\train\gss486_jpg.rf.677f7efc8a76727bae155a88d1bd0033.jpg
train,gss487_jpg.rf.b67b2aa344ab5f67a7bc69dc1718c2e3,C:\Machine Learning\projet\projet-machine-learning\dataset\labels\train\gss487_jpg.rf.b67b2aa344ab5f67a7bc69dc1718c2e3.txt,C:\Machine Learning\projet\projet-machine-learning\dataset\images\train\gss487_jpg.rf.b67b2aa344ab5f67a7bc69dc1718c2e3.jpg
train,gss489_jpg.rf.4e05da584da8e51a80f83fcb7f1f3157,C:\Machine Learning\projet\projet-machine-learning\dataset\labels\train\gss489_jpg.rf.4e05da584da8e51a80f83fcb7f1f3157.txt,C:\Machine Learning\projet\projet-machine-learning\dataset\images\train\gss489_jpg.rf.4e05da584da8e51a80f83fcb7f1f3157.jpg
train,gss490_jpg.rf.a952215647cee1e21934df2a326757c5,C:\Machine Learning\projet\projet-machine-learning\dataset\labels\train\gss490_jpg.rf.a952215647cee1e21934df2a326757c5.txt,C:\Machine Learning\projet\projet-machine-learning\dataset\images\train\gss490_jpg.rf.a952215647cee1e21934df2a326757c5.jpg
train,gss491_jpg.rf.c4ae920e09b6a05fa281ba555d38babb,C:\Machine Learning\projet\projet-machine-learning\dataset\labels\train\gss491_jpg.rf.c4ae920e09b6a05fa281ba555d38babb.txt,C:\Machine Learning\projet\projet-machine-learning\dataset\images\train\gss491_jpg.rf.c4ae920e09b6a05fa281ba555d38babb.jpg
train,gss492_jpg.rf.12586453b367f826c619f05ef59bdd08,C:\Machine Learning\projet\projet-machine-learning\dataset\labels\train\gss492_jpg.rf.12586453b367f826c619f05ef59bdd08.txt,C:\Machine Learning\projet\projet-machine-learning\dataset\images\train\gss492_jpg.rf.12586453b367f826c619f05ef59bdd08.jpg
train,gss494_jpg.rf.598182d52a64eebc7eede6239bf57972,C:\Machine Learning\projet\projet-machine-learning\dataset\labels\train\gss494_jpg.rf.598182d52a64eebc7eede6239bf57972.txt,C:\Machine Learning\projet\projet-machine-learning\dataset\images\train\gss494_jpg.rf.598182d52a64eebc7eede6239bf57972.jpg
train,gss496_jpg.rf.9f8c9a593679a88be2b6989325b438ab,C:\Machine Learning\projet\projet-machine-learning\dataset\labels\train\gss496_jpg.rf.9f8c9a593679a88be2b6989325b438ab.txt,C:\Machine Learning\projet\projet-machine-learning\dataset\images\train\gss496_jpg.rf.9f8c9a593679a88be2b6989325b438ab.jpg
train,gss497_jpg.rf.fd5a9db5f068789c6682b6462f23d5f5,C:\Machine Learning\projet\projet-machine-learning\dataset\labels\train\gss497_jpg.rf.fd5a9db5f068789c6682b6462f23d5f5.txt,C:\Machine Learning\projet\projet-machine-learning\dataset\images\train\gss497_jpg.rf.fd5a9db5f068789c6682b6462f23d5f5.jpg
train,gss498_jpg.rf.9ff26151ec291f7272a5a881f8a19ddf,C:\Machine Learning\projet\projet-machine-learning\dataset\labels\train\gss498_jpg.rf.9ff26151ec291f7272a5a881f8a19ddf.txt,C:\Machine Learning\projet\projet-machine-learning\dataset\images\train\gss498_jpg.rf.9ff26151ec291f7272a5a881f8a19ddf.jpg
train,gss49_jpg.rf.073767ee1ce69157a43d3a46731667ff,C:\Machine Learning\projet\projet-machine-learning\dataset\labels\train\gss49_jpg.rf.073767ee1ce69157a43d3a46731667ff.txt,C:\Machine Learning\projet\projet-machine-learning\dataset\images\train\gss49_jpg.rf.073767ee1ce69157a43d3a46731667ff.jpg
train,gss500_jpg.rf.82f470369ef247f63b6972ec5217f462,C:\Machine Learning\projet\projet-machine-learning\dataset\labels\train\gss500_jpg.rf.82f470369ef247f63b6972ec5217f462.txt,C:\Machine Learning\projet\projet-machine-learning\dataset\images\train\gss500_jpg.rf.82f470369ef247f63b6972ec5217f462.jpg
train,gss501_jpg.rf.86da3fb935d982abc12b5afd2b1704f7,C:\Machine Learning\projet\projet-machine-learning\dataset\labels\train\gss501_jpg.rf.86da3fb935d982abc12b5afd2b1704f7.txt,C:\Machine Learning\projet\projet-machine-learning\dataset\images\train\gss501_jpg.rf.86da3fb935d982abc12b5afd2b1704f7.jpg
train,gss504_jpg.rf.597e449b05a687adfad7f4b9049d9b1b,C:\Machine Learning\projet\projet-machine-learning\dataset\labels\train\gss504_jpg.rf.597e449b05a687adfad7f4b9049d9b1b.txt,C:\Machine Learning\projet\projet-machine-learning\dataset\images\train\gss504_jpg.rf.597e449b05a687adfad7f4b9049d9b1b.jpg
train,gss505_jpg.rf.2687a336a4d7775510638599fc7d748e,C:\Machine Learning\projet\projet-machine-learning\dataset\labels\train\gss505_jpg.rf.2687a336a4d7775510638599fc7d748e.txt,C:\Machine Learning\projet\projet-machine-learning\dataset\images\train\gss505_jpg.rf.2687a336a4d7775510638599fc7d748e.jpg
train,gss508_jpg.rf.d49e055f4ed162896090e24be6170d75,C:\Machine Learning\projet\projet-machine-learning\dataset\labels\train\gss508_jpg.rf.d49e055f4ed162896090e24be6170d75.txt,C:\Machine Learning\projet\projet-machine-learning\dataset\images\train\gss508_jpg.rf.d49e055f4ed162896090e24be6170d75.jpg
train,gss509_jpg.rf.50f8e91f1bc6cc919a42da177e0d774b,C:\Machine Learning\projet\projet-machine-learning\dataset\labels\train\gss509_jpg.rf.50f8e91f1bc6cc919a42da177e0d774b.txt,C:\Machine Learning\projet\projet-machine-learning\dataset\images\train\gss509_jpg.rf.50f8e91f1bc6cc919a42da177e0d774b.jpg
train,gss50_jpg.rf.1bbf27c329cd94b97c97b104286ad636,C:\Machine Learning\projet\projet-machine-learning\dataset\labels\train\gss50_jpg.rf.1bbf27c329cd94b97c97b104286ad636.txt,C:\Machine Learning\projet\projet-machine-learning\dataset\images\train\gss50_jpg.rf.1bbf27c329cd94b97c97b104286ad636.jpg
train,gss511_jpg.rf.b8731da1b9c80706be6d5665d170a37d,C:\Machine Learning\projet\projet-machine-learning\dataset\labels\train\gss511_jpg.rf.b8731da1b9c80706be6d5665d170a37d.txt,C:\Machine Learning\projet\projet-machine-learning\dataset\images\train\gss511_jpg.rf.b8731da1b9c80706be6d5665d170a37d.jpg
train,gss512_jpg.rf.0abbb12d8c6721fc23f9ae31595c65a0,C:\Machine Learning\projet\projet-machine-learning\dataset\labels\train\gss512_jpg.rf.0abbb12d8c6721fc23f9ae31595c65a0.txt,C:\Machine Learning\projet\projet-machine-learning\dataset\images\train\gss512_jpg.rf.0abbb12d8c6721fc23f9ae31595c65a0.jpg
train,gss513_jpg.rf.2592a2777dfc8d41b5254bcfda946a11,C:\Machine Learning\projet\projet-machine-learning\dataset\labels\train\gss513_jpg.rf.2592a2777dfc8d41b5254bcfda946a11.txt,C:\Machine Learning\projet\projet-machine-learning\dataset\images\train\gss513_jpg.rf.2592a2777dfc8d41b5254bcfda946a11.jpg
train,gss515_jpg.rf.815cf3ddf7fbb26e2231e06ac839e289,C:\Machine Learning\projet\projet-machine-learning\dataset\labels\train\gss515_jpg.rf.815cf3ddf7fbb26e2231e06ac839e289.txt,C:\Machine Learning\projet\projet-machine-learning\dataset\images\train\gss515_jpg.rf.815cf3ddf7fbb26e2231e06ac839e289.jpg
train,gss516_jpg.rf.603a3eff97fcbcc1137a04053696a3d5,C:\Machine Learning\projet\projet-machine-learning\dataset\labels\train\gss516_jpg.rf.603a3eff97fcbcc1137a04053696a3d5.txt,C:\Machine Learning\projet\projet-machine-learning\dataset\images\train\gss516_jpg.rf.603a3eff97fcbcc1137a04053696a3d5.jpg
train,gss517_jpg.rf.9376d0e9680e1d76294920857385afae,C:\Machine Learning\projet\projet-machine-learning\dataset\labels\train\gss517_jpg.rf.9376d0e9680e1d76294920857385afae.txt,C:\Machine Learning\projet\projet-machine-learning\dataset\images\train\gss517_jpg.rf.9376d0e9680e1d76294920857385afae.jpg
train,gss518_jpg.rf.0b223a662a472d6ec36c1ed4ff214ed7,C:\Machine Learning\projet\projet-machine-learning\dataset\labels\train\gss518_jpg.rf.0b223a662a472d6ec36c1ed4ff214ed7.txt,C:\Machine Learning\projet\projet-machine-learning\dataset\images\train\gss518_jpg.rf.0b223a662a472d6ec36c1ed4ff214ed7.jpg
train,gss519_jpg.rf.38f39c2cf3d0e3dbce9383cac7306b87,C:\Machine Learning\projet\projet-machine-learning\dataset\labels\train\gss519_jpg.rf.38f39c2cf3d0e3dbce9383cac7306b87.txt,C:\Machine Learning\projet\projet-machine-learning\dataset\images\train\gss519_jpg.rf.38f39c2cf3d0e3dbce9383cac7306b87.jpg
train,gss51_jpg.rf.8d62a46a1a4f358af53031a52b3e6a65,C:\Machine Learning\projet\projet-machine-learning\dataset\labels\train\gss51_jpg.rf.8d62a46a1a4f358af53031a52b3e6a65.txt,C:\Machine Learning\projet\projet-machine-learning\dataset\images\train\gss51_jpg.rf.8d62a46a1a4f358af53031a52b3e6a65.jpg
train,gss522_jpg.rf.e6d6d177aaec9ef7d8a3c76231dd4cdc,C:\Machine Learning\projet\projet-machine-learning\dataset\labels\train\gss522_jpg.rf.e6d6d177aaec9ef7d8a3c76231dd4cdc.txt,C:\Machine Learning\projet\projet-machine-learning\dataset\images\train\gss522_jpg.rf.e6d6d177aaec9ef7d8a3c76231dd4cdc.jpg
train,gss523_jpg.rf.e5cdb8708923c7dfc44bdbf68f4b0f78,C:\Machine Learning\projet\projet-machine-learning\dataset\labels\train\gss523_jpg.rf.e5cdb8708923c7dfc44bdbf68f4b0f78.txt,C:\Machine Learning\projet\projet-machine-learning\dataset\images\train\gss523_jpg.rf.e5cdb8708923c7dfc44bdbf68f4b0f78.jpg
train,gss524_jpg.rf.c37f03ce41a849d3f9a67c4b81af20c0,C:\Machine Learning\projet\projet-machine-learning\dataset\labels\train\gss524_jpg.rf.c37f03ce41a849d3f9a67c4b81af20c0.txt,C:\Machine Learning\projet\projet-machine-learning\dataset\images\train\gss524_jpg.rf.c37f03ce41a849d3f9a67c4b81af20c0.jpg
train,gss525_jpg.rf.63067ad5541545ccd9a18f56404d6646,C:\Machine Learning\projet\projet-machine-learning\dataset\labels\train\gss525_jpg.rf.63067ad5541545ccd9a18f56404d6646.txt,C:\Machine Learning\projet\projet-machine-learning\dataset\images\train\gss525_jpg.rf.63067ad5541545ccd9a18f56404d6646.jpg
train,gss527_jpg.rf.16188eb2dab49166b4feabf17f1ef7fb,C:\Machine Learning\projet\projet-machine-learning\dataset\labels\train\gss527_jpg.rf.16188eb2dab49166b4feabf17f1ef7fb.txt,C:\Machine Learning\projet\projet-machine-learning\dataset\images\train\gss527_jpg.rf.16188eb2dab49166b4feabf17f1ef7fb.jpg
train,gss529_jpg.rf.e384cac113db6c542b9f1aa898204dc6,C:\Machine Learning\projet\projet-machine-learning\dataset\labels\train\gss529_jpg.rf.e384cac113db6c542b9f1aa898204dc6.txt,C:\Machine Learning\projet\projet-machine-learning\dataset\images\train\gss529_jpg.rf.e384cac113db6c542b9f1aa898204dc6.jpg
train,gss52_jpg.rf.e2cda7de92e1c9c266b2860b885c1063,C:\Machine Learning\projet\projet-machine-learning\dataset\labels\train\gss52_jpg.rf.e2cda7de92e1c9c266b2860b885c1063.txt,C:\Machine Learning\projet\projet-machine-learning\dataset\images\train\gss52_jpg.rf.e2cda7de92e1c9c266b2860b885c1063.jpg
train,gss530_jpg.rf.0730ba0dd27e380c63029df1f6335092,C:\Machine Learning\projet\projet-machine-learning\dataset\labels\train\gss530_jpg.rf.0730ba0dd27e380c63029df1f6335092.txt,C:\Machine Learning\projet\projet-machine-learning\dataset\images\train\gss530_jpg.rf.0730ba0dd27e380c63029df1f6335092.jpg
train,gss534_jpg.rf.39d1d07940e4a57abaf05e03f740f773,C:\Machine Learning\projet\projet-machine-learning\dataset\labels\train\gss534_jpg.rf.39d1d07940e4a57abaf05e03f740f773.txt,C:\Machine Learning\projet\projet-machine-learning\dataset\images\train\gss534_jpg.rf.39d1d07940e4a57abaf05e03f740f773.jpg
train,gss535_jpg.rf.e816cabcfdc1c954a633cb0a9f0e88b0,C:\Machine Learning\projet\projet-machine-learning\dataset\labels\train\gss535_jpg.rf.e816cabcfdc1c954a633cb0a9f0e88b0.txt,C:\Machine Learning\projet\projet-machine-learning\dataset\images\train\gss535_jpg.rf.e816cabcfdc1c954a633cb0a9f0e88b0.jpg
train,gss536_jpg.rf.d75c047366d421d1966ee3480acb71d4,C:\Machine Learning\projet\projet-machine-learning\dataset\labels\train\gss536_jpg.rf.d75c047366d421d1966ee3480acb71d4.txt,C:\Machine Learning\projet\projet-machine-learning\dataset\images\train\gss536_jpg.rf.d75c047366d421d1966ee3480acb71d4.jpg
train,gss537_jpg.rf.56efd8d3d0212ee2302b34b5102cd0b8,C:\Machine Learning\projet\projet-machine-learning\dataset\labels\train\gss537_jpg.rf.56efd8d3d0212ee2302b34b5102cd0b8.txt,C:\Machine Learning\projet\projet-machine-learning\dataset\images\train\gss537_jpg.rf.56efd8d3d0212ee2302b34b5102cd0b8.jpg
train,gss53_jpg.rf.a9fbd0110fd19b9f1ab5fbc100588597,C:\Machine Learning\projet\projet-machine-learning\dataset\labels\train\gss53_jpg.rf.a9fbd0110fd19b9f1ab5fbc100588597.txt,C:\Machine Learning\projet\projet-machine-learning\dataset\images\train\gss53_jpg.rf.a9fbd0110fd19b9f1ab5fbc100588597.jpg
train,gss542_jpg.rf.68f0bdc4dfe1caed3affc1f1e4ab52ac,C:\Machine Learning\projet\projet-machine-learning\dataset\labels\train\gss542_jpg.rf.68f0bdc4dfe1caed3affc1f1e4ab52ac.txt,C:\Machine Learning\projet\projet-machine-learning\dataset\images\train\gss542_jpg.rf.68f0bdc4dfe1caed3affc1f1e4ab52ac.jpg
train,gss543_jpg.rf.eea24b1912509d529fa64e54c2a76605,C:\Machine Learning\projet\projet-machine-learning\dataset\labels\train\gss543_jpg.rf.eea24b1912509d529fa64e54c2a76605.txt,C:\Machine Learning\projet\projet-machine-learning\dataset\images\train\gss543_jpg.rf.eea24b1912509d529fa64e54c2a76605.jpg
train,gss544_jpg.rf.24e39e5de3eca9332440f2ff9d2d8abd,C:\Machine Learning\projet\projet-machine-learning\dataset\labels\train\gss544_jpg.rf.24e39e5de3eca9332440f2ff9d2d8abd.txt,C:\Machine Learning\projet\projet-machine-learning\dataset\images\train\gss544_jpg.rf.24e39e5de3eca9332440f2ff9d2d8abd.jpg
train,gss546_jpg.rf.62f6022f6580d7748d0b0e1430067512,C:\Machine Learning\projet\projet-machine-learning\dataset\labels\train\gss546_jpg.rf.62f6022f6580d7748d0b0e1430067512.txt,C:\Machine Learning\projet\projet-machine-learning\dataset\images\train\gss546_jpg.rf.62f6022f6580d7748d0b0e1430067512.jpg
train,gss547_jpg.rf.97eebb73cc34f06aec9fbef049cdc9a6,C:\Machine Learning\projet\projet-machine-learning\dataset\labels\train\gss547_jpg.rf.97eebb73cc34f06aec9fbef049cdc9a6.txt,C:\Machine Learning\projet\projet-machine-learning\dataset\images\train\gss547_jpg.rf.97eebb73cc34f06aec9fbef049cdc9a6.jpg
train,gss548_jpg.rf.c3911bb0049f448e510d6692104b695b,C:\Machine Learning\projet\projet-machine-learning\dataset\labels\train\gss548_jpg.rf.c3911bb0049f448e510d6692104b695b.txt,C:\Machine Learning\projet\projet-machine-learning\dataset\images\train\gss548_jpg.rf.c3911bb0049f448e510d6692104b695b.jpg
train,gss549_jpg.rf.983f53555c8aaf2fc33060c9da3fedc8,C:\Machine Learning\projet\projet-machine-learning\dataset\labels\train\gss549_jpg.rf.983f53555c8aaf2fc33060c9da3fedc8.txt,C:\Machine Learning\projet\projet-machine-learning\dataset\images\train\gss549_jpg.rf.983f53555c8aaf2fc33060c9da3fedc8.jpg
train,gss54_jpg.rf.c8470cee97dc62abc2f62a34cfac1e0b,C:\Machine Learning\projet\projet-machine-learning\dataset\labels\train\gss54_jpg.rf.c8470cee97dc62abc2f62a34cfac1e0b.txt,C:\Machine Learning\projet\projet-machine-learning\dataset\images\train\gss54_jpg.rf.c8470cee97dc62abc2f62a34cfac1e0b.jpg
train,gss550_jpg.rf.50864fce04d96be65d7139818a235137,C:\Machine Learning\projet\projet-machine-learning\dataset\labels\train\gss550_jpg.rf.50864fce04d96be65d7139818a235137.txt,C:\Machine Learning\projet\projet-machine-learning\dataset\images\train\gss550_jpg.rf.50864fce04d96be65d7139818a235137.jpg
train,gss552_jpg.rf.e9e803e1b21ea7ec1c6025cb28e3f9c8,C:\Machine Learning\projet\projet-machine-learning\dataset\labels\train\gss552_jpg.rf.e9e803e1b21ea7ec1c6025cb28e3f9c8.txt,C:\Machine Learning\projet\projet-machine-learning\dataset\images\train\gss552_jpg.rf.e9e803e1b21ea7ec1c6025cb28e3f9c8.jpg
train,gss553_jpg.rf.51eb28abe80ab7e1ce72760982087946,C:\Machine Learning\projet\projet-machine-learning\dataset\labels\train\gss553_jpg.rf.51eb28abe80ab7e1ce72760982087946.txt,C:\Machine Learning\projet\projet-machine-learning\dataset\images\train\gss553_jpg.rf.51eb28abe80ab7e1ce72760982087946.jpg
train,gss554_jpg.rf.c9a2ee3a8ba0312b055a3701e143bf24,C:\Machine Learning\projet\projet-machine-learning\dataset\labels\train\gss554_jpg.rf.c9a2ee3a8ba0312b055a3701e143bf24.txt,C:\Machine Learning\projet\projet-machine-learning\dataset\images\train\gss554_jpg.rf.c9a2ee3a8ba0312b055a3701e143bf24.jpg
train,gss555_jpg.rf.55395b8b386b0c955f7a2e911d407189,C:\Machine Learning\projet\projet-machine-learning\dataset\labels\train\gss555_jpg.rf.55395b8b386b0c955f7a2e911d407189.txt,C:\Machine Learning\projet\projet-machine-learning\dataset\images\train\gss555_jpg.rf.55395b8b386b0c955f7a2e911d407189.jpg
train,gss556_jpg.rf.4f31b9ac32e1121de1477081e5689c61,C:\Machine Learning\projet\projet-machine-learning\dataset\labels\train\gss556_jpg.rf.4f31b9ac32e1121de1477081e5689c61.txt,C:\Machine Learning\projet\projet-machine-learning\dataset\images\train\gss556_jpg.rf.4f31b9ac32e1121de1477081e5689c61.jpg
train,gss558_jpg.rf.7ac59b8095290e39174acc35f5239ce6,C:\Machine Learning\projet\projet-machine-learning\dataset\labels\train\gss558_jpg.rf.7ac59b8095290e39174acc35f5239ce6.txt,C:\Machine Learning\projet\projet-machine-learning\dataset\images\train\gss558_jpg.rf.7ac59b8095290e39174acc35f5239ce6.jpg
train,gss559_jpg.rf.48b93320187536f00daf100b2c1b975f,C:\Machine Learning\projet\projet-machine-learning\dataset\labels\train\gss559_jpg.rf.48b93320187536f00daf100b2c1b975f.txt,C:\Machine Learning\projet\projet-machine-learning\dataset\images\train\gss559_jpg.rf.48b93320187536f00daf100b2c1b975f.jpg
train,gss562_jpg.rf.a2c0c39b37bf36eaa04afc0440e0ce66,C:\Machine Learning\projet\projet-machine-learning\dataset\labels\train\gss562_jpg.rf.a2c0c39b37bf36eaa04afc0440e0ce66.txt,C:\Machine Learning\projet\projet-machine-learning\dataset\images\train\gss562_jpg.rf.a2c0c39b37bf36eaa04afc0440e0ce66.jpg
train,gss564_jpg.rf.3746b5f2c4781db9dfc713ef40b4aef5,C:\Machine Learning\projet\projet-machine-learning\dataset\labels\train\gss564_jpg.rf.3746b5f2c4781db9dfc713ef40b4aef5.txt,C:\Machine Learning\projet\projet-machine-learning\dataset\images\train\gss564_jpg.rf.3746b5f2c4781db9dfc713ef40b4aef5.jpg
train,gss565_jpg.rf.982d396bc8bf52bb0a11f0fa15a2b65f,C:\Machine Learning\projet\projet-machine-learning\dataset\labels\train\gss565_jpg.rf.982d396bc8bf52bb0a11f0fa15a2b65f.txt,C:\Machine Learning\projet\projet-machine-learning\dataset\images\train\gss565_jpg.rf.982d396bc8bf52bb0a11f0fa15a2b65f.jpg
train,gss566_jpg.rf.9d8a0f12f7aa236634dbb9b7a9b2d367,C:\Machine Learning\projet\projet-machine-learning\dataset\labels\train\gss566_jpg.rf.9d8a0f12f7aa236634dbb9b7a9b2d367.txt,C:\Machine Learning\projet\projet-machine-learning\dataset\images\train\gss566_jpg.rf.9d8a0f12f7aa236634dbb9b7a9b2d367.jpg
train,gss567_jpg.rf.18df74749362548eaab6c4effa9c3f17,C:\Machine Learning\projet\projet-machine-learning\dataset\labels\train\gss567_jpg.rf.18df74749362548eaab6c4effa9c3f17.txt,C:\Machine Learning\projet\projet-machine-learning\dataset\images\train\gss567_jpg.rf.18df74749362548eaab6c4effa9c3f17.jpg
train,gss568_jpg.rf.c9cc95983fea78b0c422df22881045fe,C:\Machine Learning\projet\projet-machine-learning\dataset\labels\train\gss568_jpg.rf.c9cc95983fea78b0c422df22881045fe.txt,C:\Machine Learning\projet\projet-machine-learning\dataset\images\train\gss568_jpg.rf.c9cc95983fea78b0c422df22881045fe.jpg
train,gss569_jpg.rf.21e509b370786621030bb49e483023d2,C:\Machine Learning\projet\projet-machine-learning\dataset\labels\train\gss569_jpg.rf.21e509b370786621030bb49e483023d2.txt,C:\Machine Learning\projet\projet-machine-learning\dataset\images\train\gss569_jpg.rf.21e509b370786621030bb49e483023d2.jpg
train,gss570_jpg.rf.e08cf0fcb39c610c3635aea1dc2ed99e,C:\Machine Learning\projet\projet-machine-learning\dataset\labels\train\gss570_jpg.rf.e08cf0fcb39c610c3635aea1dc2ed99e.txt,C:\Machine Learning\projet\projet-machine-learning\dataset\images\train\gss570_jpg.rf.e08cf0fcb39c610c3635aea1dc2ed99e.jpg
train,gss571_jpg.rf.7102c080cfe13a93edf445f21c27587d,C:\Machine Learning\projet\projet-machine-learning\dataset\labels\train\gss571_jpg.rf.7102c080cfe13a93edf445f21c27587d.txt,C:\Machine Learning\projet\projet-machine-learning\dataset\images\train\gss571_jpg.rf.7102c080cfe13a93edf445f21c27587d.jpg
train,gss572_jpg.rf.f6cc2b9b2af46b472af34f7546f597ae,C:\Machine Learning\projet\projet-machine-learning\dataset\labels\train\gss572_jpg.rf.f6cc2b9b2af46b472af34f7546f597ae.txt,C:\Machine Learning\projet\projet-machine-learning\dataset\images\train\gss572_jpg.rf.f6cc2b9b2af46b472af34f7546f597ae.jpg
train,gss573_jpg.rf.7eccac60d6ed4be06239da3cf4eb0623,C:\Machine Learning\projet\projet-machine-learning\dataset\labels\train\gss573_jpg.rf.7eccac60d6ed4be06239da3cf4eb0623.txt,C:\Machine Learning\projet\projet-machine-learning\dataset\images\train\gss573_jpg.rf.7eccac60d6ed4be06239da3cf4eb0623.jpg
train,gss574_jpg.rf.572c7abe259747e144224d4dd9d95dcc,C:\Machine Learning\projet\projet-machine-learning\dataset\labels\train\gss574_jpg.rf.572c7abe259747e144224d4dd9d95dcc.txt,C:\Machine Learning\projet\projet-machine-learning\dataset\images\train\gss574_jpg.rf.572c7abe259747e144224d4dd9d95dcc.jpg
train,gss575_jpg.rf.a11abf17b5da5c13047407d9ed7035a4,C:\Machine Learning\projet\projet-machine-learning\dataset\labels\train\gss575_jpg.rf.a11abf17b5da5c13047407d9ed7035a4.txt,C:\Machine Learning\projet\projet-machine-learning\dataset\images\train\gss575_jpg.rf.a11abf17b5da5c13047407d9ed7035a4.jpg
train,gss576_jpg.rf.face2940d403dee2ef17a2b7878f3e24,C:\Machine Learning\projet\projet-machine-learning\dataset\labels\train\gss576_jpg.rf.face2940d403dee2ef17a2b7878f3e24.txt,C:\Machine Learning\projet\projet-machine-learning\dataset\images\train\gss576_jpg.rf.face2940d403dee2ef17a2b7878f3e24.jpg
train,gss577_jpg.rf.ba8546f3f0b4fe5295ff02b620921eea,C:\Machine Learning\projet\projet-machine-learning\dataset\labels\train\gss577_jpg.rf.ba8546f3f0b4fe5295ff02b620921eea.txt,C:\Machine Learning\projet\projet-machine-learning\dataset\images\train\gss577_jpg.rf.ba8546f3f0b4fe5295ff02b620921eea.jpg
train,gss578_jpg.rf.eceb5fcb48f3010edaa0ac1a0c141e31,C:\Machine Learning\projet\projet-machine-learning\dataset\labels\train\gss578_jpg.rf.eceb5fcb48f3010edaa0ac1a0c141e31.txt,C:\Machine Learning\projet\projet-machine-learning\dataset\images\train\gss578_jpg.rf.eceb5fcb48f3010edaa0ac1a0c141e31.jpg
train,gss579_jpg.rf.59fe8e3f990baef6f44e059fbefcde40,C:\Machine Learning\projet\projet-machine-learning\dataset\labels\train\gss579_jpg.rf.59fe8e3f990baef6f44e059fbefcde40.txt,C:\Machine Learning\projet\projet-machine-learning\dataset\images\train\gss579_jpg.rf.59fe8e3f990baef6f44e059fbefcde40.jpg
train,gss57_jpg.rf.0a36d45a5e7c1ec43a33c879368790bf,C:\Machine Learning\projet\projet-machine-learning\dataset\labels\train\gss57_jpg.rf.0a36d45a5e7c1ec43a33c879368790bf.txt,C:\Machine Learning\projet\projet-machine-learning\dataset\images\train\gss57_jpg.rf.0a36d45a5e7c1ec43a33c879368790bf.jpg
train,gss580_jpg.rf.0f06fab8e9a05626a01fe1a52b4a83ff,C:\Machine Learning\projet\projet-machine-learning\dataset\labels\train\gss580_jpg.rf.0f06fab8e9a05626a01fe1a52b4a83ff.txt,C:\Machine Learning\projet\projet-machine-learning\dataset\images\train\gss580_jpg.rf.0f06fab8e9a05626a01fe1a52b4a83ff.jpg
train,gss581_jpg.rf.2cc1de5bc24a41d5601264190b5e42ea,C:\Machine Learning\projet\projet-machine-learning\dataset\labels\train\gss581_jpg.rf.2cc1de5bc24a41d5601264190b5e42ea.txt,C:\Machine Learning\projet\projet-machine-learning\dataset\images\train\gss581_jpg.rf.2cc1de5bc24a41d5601264190b5e42ea.jpg
train,gss582_jpg.rf.9e699e8ae5d1b65f006a1df3d5456348,C:\Machine Learning\projet\projet-machine-learning\dataset\labels\train\gss582_jpg.rf.9e699e8ae5d1b65f006a1df3d5456348.txt,C:\Machine Learning\projet\projet-machine-learning\dataset\images\train\gss582_jpg.rf.9e699e8ae5d1b65f006a1df3d5456348.jpg
train,gss583_jpg.rf.b7db2bd00073302651f337657ec8dfb2,C:\Machine Learning\projet\projet-machine-learning\dataset\labels\train\gss583_jpg.rf.b7db2bd00073302651f337657ec8dfb2.txt,C:\Machine Learning\projet\projet-machine-learning\dataset\images\train\gss583_jpg.rf.b7db2bd00073302651f337657ec8dfb2.jpg
train,gss584_jpg.rf.8bf1aada33d7db3f815d3e0ee8b3e5e3,C:\Machine Learning\projet\projet-machine-learning\dataset\labels\train\gss584_jpg.rf.8bf1aada33d7db3f815d3e0ee8b3e5e3.txt,C:\Machine Learning\projet\projet-machine-learning\dataset\images\train\gss584_jpg.rf.8bf1aada33d7db3f815d3e0ee8b3e5e3.jpg
train,gss585_jpg.rf.578acf0b56eb065bea7cbf89721a9451,C:\Machine Learning\projet\projet-machine-learning\dataset\labels\train\gss585_jpg.rf.578acf0b56eb065bea7cbf89721a9451.txt,C:\Machine Learning\projet\projet-machine-learning\dataset\images\train\gss585_jpg.rf.578acf0b56eb065bea7cbf89721a9451.jpg
train,gss58_jpg.rf.2af0b00d837c55f000d4618e7420c8cc,C:\Machine Learning\projet\projet-machine-learning\dataset\labels\train\gss58_jpg.rf.2af0b00d837c55f000d4618e7420c8cc.txt,C:\Machine Learning\projet\projet-machine-learning\dataset\images\train\gss58_jpg.rf.2af0b00d837c55f000d4618e7420c8cc.jpg
train,gss590_jpg.rf.54f16e58fe7d86afb5384739a0fff03f,C:\Machine Learning\projet\projet-machine-learning\dataset\labels\train\gss590_jpg.rf.54f16e58fe7d86afb5384739a0fff03f.txt,C:\Machine Learning\projet\projet-machine-learning\dataset\images\train\gss590_jpg.rf.54f16e58fe7d86afb5384739a0fff03f.jpg
train,gss591_jpg.rf.aef4050b3e1e678eb63cb1cd1b7c7f92,C:\Machine Learning\projet\projet-machine-learning\dataset\labels\train\gss591_jpg.rf.aef4050b3e1e678eb63cb1cd1b7c7f92.txt,C:\Machine Learning\projet\projet-machine-learning\dataset\images\train\gss591_jpg.rf.aef4050b3e1e678eb63cb1cd1b7c7f92.jpg
train,gss592_jpg.rf.f543a74b0825aab1c3abc2cf30cf86c3,C:\Machine Learning\projet\projet-machine-learning\dataset\labels\train\gss592_jpg.rf.f543a74b0825aab1c3abc2cf30cf86c3.txt,C:\Machine Learning\projet\projet-machine-learning\dataset\images\train\gss592_jpg.rf.f543a74b0825aab1c3abc2cf30cf86c3.jpg
train,gss593_jpg.rf.2f79fe896f3afeec21ddc033c4f46e1b,C:\Machine Learning\projet\projet-machine-learning\dataset\labels\train\gss593_jpg.rf.2f79fe896f3afeec21ddc033c4f46e1b.txt,C:\Machine Learning\projet\projet-machine-learning\dataset\images\train\gss593_jpg.rf.2f79fe896f3afeec21ddc033c4f46e1b.jpg
train,gss596_jpg.rf.b07310cc0df7b4ca1a4b07b1ba986b42,C:\Machine Learning\projet\projet-machine-learning\dataset\labels\train\gss596_jpg.rf.b07310cc0df7b4ca1a4b07b1ba986b42.txt,C:\Machine Learning\projet\projet-machine-learning\dataset\images\train\gss596_jpg.rf.b07310cc0df7b4ca1a4b07b1ba986b42.jpg
train,gss597_jpg.rf.7e690532b2f6607dc84744793193e7f6,C:\Machine Learning\projet\projet-machine-learning\dataset\labels\train\gss597_jpg.rf.7e690532b2f6607dc84744793193e7f6.txt,C:\Machine Learning\projet\projet-machine-learning\dataset\images\train\gss597_jpg.rf.7e690532b2f6607dc84744793193e7f6.jpg
train,gss598_jpg.rf.3f5a8212f325c825d8179ed026da092e,C:\Machine Learning\projet\projet-machine-learning\dataset\labels\train\gss598_jpg.rf.3f5a8212f325c825d8179ed026da092e.txt,C:\Machine Learning\projet\projet-machine-learning\dataset\images\train\gss598_jpg.rf.3f5a8212f325c825d8179ed026da092e.jpg
train,gss599_jpg.rf.a6bd0079c6607c85fff9039030eb4415,C:\Machine Learning\projet\projet-machine-learning\dataset\labels\train\gss599_jpg.rf.a6bd0079c6607c85fff9039030eb4415.txt,C:\Machine Learning\projet\projet-machine-learning\dataset\images\train\gss599_jpg.rf.a6bd0079c6607c85fff9039030eb4415.jpg
train,gss59_jpg.rf.b812001de06d41455706afd05a7ecb05,C:\Machine Learning\projet\projet-machine-learning\dataset\labels\train\gss59_jpg.rf.b812001de06d41455706afd05a7ecb05.txt,C:\Machine Learning\projet\projet-machine-learning\dataset\images\train\gss59_jpg.rf.b812001de06d41455706afd05a7ecb05.jpg
train,gss5_jpg.rf.3bdfb1ed24366c3a3ba4b60c3c854cf8,C:\Machine Learning\projet\projet-machine-learning\dataset\labels\train\gss5_jpg.rf.3bdfb1ed24366c3a3ba4b60c3c854cf8.txt,C:\Machine Learning\projet\projet-machine-learning\dataset\images\train\gss5_jpg.rf.3bdfb1ed24366c3a3ba4b60c3c854cf8.jpg
train,gss600_jpg.rf.9728203ad587f09529503c58da38aca6,C:\Machine Learning\projet\projet-machine-learning\dataset\labels\train\gss600_jpg.rf.9728203ad587f09529503c58da38aca6.txt,C:\Machine Learning\projet\projet-machine-learning\dataset\images\train\gss600_jpg.rf.9728203ad587f09529503c58da38aca6.jpg
train,gss603_jpg.rf.714d0e1fea3637beb837ac59c226b622,C:\Machine Learning\projet\projet-machine-learning\dataset\labels\train\gss603_jpg.rf.714d0e1fea3637beb837ac59c226b622.txt,C:\Machine Learning\projet\projet-machine-learning\dataset\images\train\gss603_jpg.rf.714d0e1fea3637beb837ac59c226b622.jpg
train,gss604_jpg.rf.d8b7b8f2c29e938592272a78be651b91,C:\Machine Learning\projet\projet-machine-learning\dataset\labels\train\gss604_jpg.rf.d8b7b8f2c29e938592272a78be651b91.txt,C:\Machine Learning\projet\projet-machine-learning\dataset\images\train\gss604_jpg.rf.d8b7b8f2c29e938592272a78be651b91.jpg
train,gss605_jpg.rf.f16b1e241f3cac2ab3afc33b10965aba,C:\Machine Learning\projet\projet-machine-learning\dataset\labels\train\gss605_jpg.rf.f16b1e241f3cac2ab3afc33b10965aba.txt,C:\Machine Learning\projet\projet-machine-learning\dataset\images\train\gss605_jpg.rf.f16b1e241f3cac2ab3afc33b10965aba.jpg
train,gss606_jpg.rf.5dfc1ecc35ac8ce64a467f203aaf9992,C:\Machine Learning\projet\projet-machine-learning\dataset\labels\train\gss606_jpg.rf.5dfc1ecc35ac8ce64a467f203aaf9992.txt,C:\Machine Learning\projet\projet-machine-learning\dataset\images\train\gss606_jpg.rf.5dfc1ecc35ac8ce64a467f203aaf9992.jpg
train,gss607_jpg.rf.1b15938251f5e7945ebaf0c3e89f9538,C:\Machine Learning\projet\projet-machine-learning\dataset\labels\train\gss607_jpg.rf.1b15938251f5e7945ebaf0c3e89f9538.txt,C:\Machine Learning\projet\projet-machine-learning\dataset\images\train\gss607_jpg.rf.1b15938251f5e7945ebaf0c3e89f9538.jpg
train,gss611_jpg.rf.dc13e4b10d5fcbd088dc3f8e6d63ccbf,C:\Machine Learning\projet\projet-machine-learning\dataset\labels\train\gss611_jpg.rf.dc13e4b10d5fcbd088dc3f8e6d63ccbf.txt,C:\Machine Learning\projet\projet-machine-learning\dataset\images\train\gss611_jpg.rf.dc13e4b10d5fcbd088dc3f8e6d63ccbf.jpg
train,gss612_jpg.rf.c9cf86797dd37e820efe3d075e40de29,C:\Machine Learning\projet\projet-machine-learning\dataset\labels\train\gss612_jpg.rf.c9cf86797dd37e820efe3d075e40de29.txt,C:\Machine Learning\projet\projet-machine-learning\dataset\images\train\gss612_jpg.rf.c9cf86797dd37e820efe3d075e40de29.jpg
train,gss613_jpg.rf.61d04f3fa1fa65ab480ee6240aaca7a6,C:\Machine Learning\projet\projet-machine-learning\dataset\labels\train\gss613_jpg.rf.61d04f3fa1fa65ab480ee6240aaca7a6.txt,C:\Machine Learning\projet\projet-machine-learning\dataset\images\train\gss613_jpg.rf.61d04f3fa1fa65ab480ee6240aaca7a6.jpg
train,gss614_jpg.rf.e3ce203215de9c3fbe40059a7f68ba32,C:\Machine Learning\projet\projet-machine-learning\dataset\labels\train\gss614_jpg.rf.e3ce203215de9c3fbe40059a7f68ba32.txt,C:\Machine Learning\projet\projet-machine-learning\dataset\images\train\gss614_jpg.rf.e3ce203215de9c3fbe40059a7f68ba32.jpg
train,gss617_jpg.rf.0482303a0a0549bf0171ad996e586b7d,C:\Machine Learning\projet\projet-machine-learning\dataset\labels\train\gss617_jpg.rf.0482303a0a0549bf0171ad996e586b7d.txt,C:\Machine Learning\projet\projet-machine-learning\dataset\images\train\gss617_jpg.rf.0482303a0a0549bf0171ad996e586b7d.jpg
train,gss618_jpg.rf.dc7266980df6158ee8b967d42f4030c2,C:\Machine Learning\projet\projet-machine-learning\dataset\labels\train\gss618_jpg.rf.dc7266980df6158ee8b967d42f4030c2.txt,C:\Machine Learning\projet\projet-machine-learning\dataset\images\train\gss618_jpg.rf.dc7266980df6158ee8b967d42f4030c2.jpg
train,gss619_jpg.rf.87ffaf9d2deb38656a9fa7986a679041,C:\Machine Learning\projet\projet-machine-learning\dataset\labels\train\gss619_jpg.rf.87ffaf9d2deb38656a9fa7986a679041.txt,C:\Machine Learning\projet\projet-machine-learning\dataset\images\train\gss619_jpg.rf.87ffaf9d2deb38656a9fa7986a679041.jpg
train,gss620_jpg.rf.0b07b5c0488d01bc5d0278dd9855858d,C:\Machine Learning\projet\projet-machine-learning\dataset\labels\train\gss620_jpg.rf.0b07b5c0488d01bc5d0278dd9855858d.txt,C:\Machine Learning\projet\projet-machine-learning\dataset\images\train\gss620_jpg.rf.0b07b5c0488d01bc5d0278dd9855858d.jpg
train,gss621_jpg.rf.02fb8e14b17ec4efa0cb58f1e44256eb,C:\Machine Learning\projet\projet-machine-learning\dataset\labels\train\gss621_jpg.rf.02fb8e14b17ec4efa0cb58f1e44256eb.txt,C:\Machine Learning\projet\projet-machine-learning\dataset\images\train\gss621_jpg.rf.02fb8e14b17ec4efa0cb58f1e44256eb.jpg
train,gss623_jpg.rf.6f88a5bc11624a71efac2f7258fe4e36,C:\Machine Learning\projet\projet-machine-learning\dataset\labels\train\gss623_jpg.rf.6f88a5bc11624a71efac2f7258fe4e36.txt,C:\Machine Learning\projet\projet-machine-learning\dataset\images\train\gss623_jpg.rf.6f88a5bc11624a71efac2f7258fe4e36.jpg
train,gss624_jpg.rf.b34dcaf6b878361c26c7721fc7e6ee8a,C:\Machine Learning\projet\projet-machine-learning\dataset\labels\train\gss624_jpg.rf.b34dcaf6b878361c26c7721fc7e6ee8a.txt,C:\Machine Learning\projet\projet-machine-learning\dataset\images\train\gss624_jpg.rf.b34dcaf6b878361c26c7721fc7e6ee8a.jpg
train,gss626_jpg.rf.e430f1df07aa15de974271b71bca07ad,C:\Machine Learning\projet\projet-machine-learning\dataset\labels\train\gss626_jpg.rf.e430f1df07aa15de974271b71bca07ad.txt,C:\Machine Learning\projet\projet-machine-learning\dataset\images\train\gss626_jpg.rf.e430f1df07aa15de974271b71bca07ad.jpg
train,gss627_jpg.rf.9b120beaf7506c04d6b20a06484e9989,C:\Machine Learning\projet\projet-machine-learning\dataset\labels\train\gss627_jpg.rf.9b120beaf7506c04d6b20a06484e9989.txt,C:\Machine Learning\projet\projet-machine-learning\dataset\images\train\gss627_jpg.rf.9b120beaf7506c04d6b20a06484e9989.jpg
train,gss628_jpg.rf.8b61afb25a0b23b42b3b1f2959ecb6fa,C:\Machine Learning\projet\projet-machine-learning\dataset\labels\train\gss628_jpg.rf.8b61afb25a0b23b42b3b1f2959ecb6fa.txt,C:\Machine Learning\projet\projet-machine-learning\dataset\images\train\gss628_jpg.rf.8b61afb25a0b23b42b3b1f2959ecb6fa.jpg
train,gss630_jpg.rf.9be44c1db75bf57185e39bc4653a5232,C:\Machine Learning\projet\projet-machine-learning\dataset\labels\train\gss630_jpg.rf.9be44c1db75bf57185e39bc4653a5232.txt,C:\Machine Learning\projet\projet-machine-learning\dataset\images\train\gss630_jpg.rf.9be44c1db75bf57185e39bc4653a5232.jpg
train,gss631_jpg.rf.76d40409a93b11baeb71b3de96bdc615,C:\Machine Learning\projet\projet-machine-learning\dataset\labels\train\gss631_jpg.rf.76d40409a93b11baeb71b3de96bdc615.txt,C:\Machine Learning\projet\projet-machine-learning\dataset\images\train\gss631_jpg.rf.76d40409a93b11baeb71b3de96bdc615.jpg
train,gss632_jpg.rf.272de8163a59819b22142658905f9590,C:\Machine Learning\projet\projet-machine-learning\dataset\labels\train\gss632_jpg.rf.272de8163a59819b22142658905f9590.txt,C:\Machine Learning\projet\projet-machine-learning\dataset\images\train\gss632_jpg.rf.272de8163a59819b22142658905f9590.jpg
train,gss633_jpg.rf.c082a8e9ce188738e043ceacc2ba3850,C:\Machine Learning\projet\projet-machine-learning\dataset\labels\train\gss633_jpg.rf.c082a8e9ce188738e043ceacc2ba3850.txt,C:\Machine Learning\projet\projet-machine-learning\dataset\images\train\gss633_jpg.rf.c082a8e9ce188738e043ceacc2ba3850.jpg
train,gss634_jpg.rf.04e07dc34704292a72eb0e926116aec6,C:\Machine Learning\projet\projet-machine-learning\dataset\labels\train\gss634_jpg.rf.04e07dc34704292a72eb0e926116aec6.txt,C:\Machine Learning\projet\projet-machine-learning\dataset\images\train\gss634_jpg.rf.04e07dc34704292a72eb0e926116aec6.jpg
train,gss636_jpg.rf.f7682966ed5aa12fbda20c7f6ada5e70,C:\Machine Learning\projet\projet-machine-learning\dataset\labels\train\gss636_jpg.rf.f7682966ed5aa12fbda20c7f6ada5e70.txt,C:\Machine Learning\projet\projet-machine-learning\dataset\images\train\gss636_jpg.rf.f7682966ed5aa12fbda20c7f6ada5e70.jpg
train,gss637_jpg.rf.c7be40ef3940e4863ef929ae149fed7c,C:\Machine Learning\projet\projet-machine-learning\dataset\labels\train\gss637_jpg.rf.c7be40ef3940e4863ef929ae149fed7c.txt,C:\Machine Learning\projet\projet-machine-learning\dataset\images\train\gss637_jpg.rf.c7be40ef3940e4863ef929ae149fed7c.jpg
train,gss638_jpg.rf.23c6a2b939411c9b6fc6218101b418bb,C:\Machine Learning\projet\projet-machine-learning\dataset\labels\train\gss638_jpg.rf.23c6a2b939411c9b6fc6218101b418bb.txt,C:\Machine Learning\projet\projet-machine-learning\dataset\images\train\gss638_jpg.rf.23c6a2b939411c9b6fc6218101b418bb.jpg
train,gss639_jpg.rf.9aa0d8674a15d1c31a75f0dc8cb72e35,C:\Machine Learning\projet\projet-machine-learning\dataset\labels\train\gss639_jpg.rf.9aa0d8674a15d1c31a75f0dc8cb72e35.txt,C:\Machine Learning\projet\projet-machine-learning\dataset\images\train\gss639_jpg.rf.9aa0d8674a15d1c31a75f0dc8cb72e35.jpg
train,gss640_jpg.rf.6baa1b7b6e627aeb22733be4e2a6b9c1,C:\Machine Learning\projet\projet-machine-learning\dataset\labels\train\gss640_jpg.rf.6baa1b7b6e627aeb22733be4e2a6b9c1.txt,C:\Machine Learning\projet\projet-machine-learning\dataset\images\train\gss640_jpg.rf.6baa1b7b6e627aeb22733be4e2a6b9c1.jpg
train,gss644_jpg.rf.c64b66f438ae6eb828efd6c88085ab0c,C:\Machine Learning\projet\projet-machine-learning\dataset\labels\train\gss644_jpg.rf.c64b66f438ae6eb828efd6c88085ab0c.txt,C:\Machine Learning\projet\projet-machine-learning\dataset\images\train\gss644_jpg.rf.c64b66f438ae6eb828efd6c88085ab0c.jpg
train,gss645_jpg.rf.7777580a203903f306fd8ee5c84f5f11,C:\Machine Learning\projet\projet-machine-learning\dataset\labels\train\gss645_jpg.rf.7777580a203903f306fd8ee5c84f5f11.txt,C:\Machine Learning\projet\projet-machine-learning\dataset\images\train\gss645_jpg.rf.7777580a203903f306fd8ee5c84f5f11.jpg
train,gss647_jpg.rf.ff81c5e2f91a82b2d5480276feb6a39f,C:\Machine Learning\projet\projet-machine-learning\dataset\labels\train\gss647_jpg.rf.ff81c5e2f91a82b2d5480276feb6a39f.txt,C:\Machine Learning\projet\projet-machine-learning\dataset\images\train\gss647_jpg.rf.ff81c5e2f91a82b2d5480276feb6a39f.jpg
train,gss648_jpg.rf.065812f31c6323bd99386bafef8b9380,C:\Machine Learning\projet\projet-machine-learning\dataset\labels\train\gss648_jpg.rf.065812f31c6323bd99386bafef8b9380.txt,C:\Machine Learning\projet\projet-machine-learning\dataset\images\train\gss648_jpg.rf.065812f31c6323bd99386bafef8b9380.jpg
train,gss649_jpg.rf.0e8c6ed64b8b7e9ced9157b3589b1a75,C:\Machine Learning\projet\projet-machine-learning\dataset\labels\train\gss649_jpg.rf.0e8c6ed64b8b7e9ced9157b3589b1a75.txt,C:\Machine Learning\projet\projet-machine-learning\dataset\images\train\gss649_jpg.rf.0e8c6ed64b8b7e9ced9157b3589b1a75.jpg
train,gss650_jpg.rf.e1b4204d91d52e59e5d8328898c1498e,C:\Machine Learning\projet\projet-machine-learning\dataset\labels\train\gss650_jpg.rf.e1b4204d91d52e59e5d8328898c1498e.txt,C:\Machine Learning\projet\projet-machine-learning\dataset\images\train\gss650_jpg.rf.e1b4204d91d52e59e5d8328898c1498e.jpg
train,gss651_jpg.rf.6eb23f0d9a29b47f40b8e2176a3862c1,C:\Machine Learning\projet\projet-machine-learning\dataset\labels\train\gss651_jpg.rf.6eb23f0d9a29b47f40b8e2176a3862c1.txt,C:\Machine Learning\projet\projet-machine-learning\dataset\images\train\gss651_jpg.rf.6eb23f0d9a29b47f40b8e2176a3862c1.jpg
train,gss652_jpg.rf.9111394c977941cfd27871e1218cd7e5,C:\Machine Learning\projet\projet-machine-learning\dataset\labels\train\gss652_jpg.rf.9111394c977941cfd27871e1218cd7e5.txt,C:\Machine Learning\projet\projet-machine-learning\dataset\images\train\gss652_jpg.rf.9111394c977941cfd27871e1218cd7e5.jpg
train,gss654_jpg.rf.26484e9ae7babc0eeeafa9cb0c3c672b,C:\Machine Learning\projet\projet-machine-learning\dataset\labels\train\gss654_jpg.rf.26484e9ae7babc0eeeafa9cb0c3c672b.txt,C:\Machine Learning\projet\projet-machine-learning\dataset\images\train\gss654_jpg.rf.26484e9ae7babc0eeeafa9cb0c3c672b.jpg
train,gss655_jpg.rf.36658bf95a1c0049ce04c6c27b4c997d,C:\Machine Learning\projet\projet-machine-learning\dataset\labels\train\gss655_jpg.rf.36658bf95a1c0049ce04c6c27b4c997d.txt,C:\Machine Learning\projet\projet-machine-learning\dataset\images\train\gss655_jpg.rf.36658bf95a1c0049ce04c6c27b4c997d.jpg
train,gss656_jpg.rf.86fbad8c051d6aaf6752053da625e31d,C:\Machine Learning\projet\projet-machine-learning\dataset\labels\train\gss656_jpg.rf.86fbad8c051d6aaf6752053da625e31d.txt,C:\Machine Learning\projet\projet-machine-learning\dataset\images\train\gss656_jpg.rf.86fbad8c051d6aaf6752053da625e31d.jpg
train,gss657_jpg.rf.1e049285c43113013c54e32fc6942c4e,C:\Machine Learning\projet\projet-machine-learning\dataset\labels\train\gss657_jpg.rf.1e049285c43113013c54e32fc6942c4e.txt,C:\Machine Learning\projet\projet-machine-learning\dataset\images\train\gss657_jpg.rf.1e049285c43113013c54e32fc6942c4e.jpg
train,gss659_jpg.rf.7f28f7a6d8862dfc4898f40d975d9dc1,C:\Machine Learning\projet\projet-machine-learning\dataset\labels\train\gss659_jpg.rf.7f28f7a6d8862dfc4898f40d975d9dc1.txt,C:\Machine Learning\projet\projet-machine-learning\dataset\images\train\gss659_jpg.rf.7f28f7a6d8862dfc4898f40d975d9dc1.jpg
train,gss65_jpg.rf.57007184d0e04d9718dc73616d68cf6b,C:\Machine Learning\projet\projet-machine-learning\dataset\labels\train\gss65_jpg.rf.57007184d0e04d9718dc73616d68cf6b.txt,C:\Machine Learning\projet\projet-machine-learning\dataset\images\train\gss65_jpg.rf.57007184d0e04d9718dc73616d68cf6b.jpg
train,gss660_jpg.rf.640685edbb13978c1c758b45791759a1,C:\Machine Learning\projet\projet-machine-learning\dataset\labels\train\gss660_jpg.rf.640685edbb13978c1c758b45791759a1.txt,C:\Machine Learning\projet\projet-machine-learning\dataset\images\train\gss660_jpg.rf.640685edbb13978c1c758b45791759a1.jpg
train,gss661_jpg.rf.6f202b200cc6d1213ba2b0b770360787,C:\Machine Learning\projet\projet-machine-learning\dataset\labels\train\gss661_jpg.rf.6f202b200cc6d1213ba2b0b770360787.txt,C:\Machine Learning\projet\projet-machine-learning\dataset\images\train\gss661_jpg.rf.6f202b200cc6d1213ba2b0b770360787.jpg
train,gss662_jpg.rf.755f70deae656d6dff12341482361a2e,C:\Machine Learning\projet\projet-machine-learning\dataset\labels\train\gss662_jpg.rf.755f70deae656d6dff12341482361a2e.txt,C:\Machine Learning\projet\projet-machine-learning\dataset\images\train\gss662_jpg.rf.755f70deae656d6dff12341482361a2e.jpg
train,gss663_jpg.rf.036ef2aa78471cfbe13a7286211de296,C:\Machine Learning\projet\projet-machine-learning\dataset\labels\train\gss663_jpg.rf.036ef2aa78471cfbe13a7286211de296.txt,C:\Machine Learning\projet\projet-machine-learning\dataset\images\train\gss663_jpg.rf.036ef2aa78471cfbe13a7286211de296.jpg
train,gss664_jpg.rf.23696a07c0392128b80cda8fe27b03a9,C:\Machine Learning\projet\projet-machine-learning\dataset\labels\train\gss664_jpg.rf.23696a07c0392128b80cda8fe27b03a9.txt,C:\Machine Learning\projet\projet-machine-learning\dataset\images\train\gss664_jpg.rf.23696a07c0392128b80cda8fe27b03a9.jpg
train,gss665_jpg.rf.077e5b5b6f1921855223e42bc374bbd7,C:\Machine Learning\projet\projet-machine-learning\dataset\labels\train\gss665_jpg.rf.077e5b5b6f1921855223e42bc374bbd7.txt,C:\Machine Learning\projet\projet-machine-learning\dataset\images\train\gss665_jpg.rf.077e5b5b6f1921855223e42bc374bbd7.jpg
train,gss666_jpg.rf.24c5ca1e91ecc23f671ec52e2348a29e,C:\Machine Learning\projet\projet-machine-learning\dataset\labels\train\gss666_jpg.rf.24c5ca1e91ecc23f671ec52e2348a29e.txt,C:\Machine Learning\projet\projet-machine-learning\dataset\images\train\gss666_jpg.rf.24c5ca1e91ecc23f671ec52e2348a29e.jpg
train,gss668_jpg.rf.abc980496fdffdec9e0884838cc41b1a,C:\Machine Learning\projet\projet-machine-learning\dataset\labels\train\gss668_jpg.rf.abc980496fdffdec9e0884838cc41b1a.txt,C:\Machine Learning\projet\projet-machine-learning\dataset\images\train\gss668_jpg.rf.abc980496fdffdec9e0884838cc41b1a.jpg
train,gss669_jpg.rf.a605c14acbb8ae3bd2d6342562b8f739,C:\Machine Learning\projet\projet-machine-learning\dataset\labels\train\gss669_jpg.rf.a605c14acbb8ae3bd2d6342562b8f739.txt,C:\Machine Learning\projet\projet-machine-learning\dataset\images\train\gss669_jpg.rf.a605c14acbb8ae3bd2d6342562b8f739.jpg
train,gss672_jpg.rf.02a52fec03cdcb1b134298bea75d4b31,C:\Machine Learning\projet\projet-machine-learning\dataset\labels\train\gss672_jpg.rf.02a52fec03cdcb1b134298bea75d4b31.txt,C:\Machine Learning\projet\projet-machine-learning\dataset\images\train\gss672_jpg.rf.02a52fec03cdcb1b134298bea75d4b31.jpg
train,gss674_jpg.rf.2ea38c56eae3231b4e4130f2c416aa24,C:\Machine Learning\projet\projet-machine-learning\dataset\labels\train\gss674_jpg.rf.2ea38c56eae3231b4e4130f2c416aa24.txt,C:\Machine Learning\projet\projet-machine-learning\dataset\images\train\gss674_jpg.rf.2ea38c56eae3231b4e4130f2c416aa24.jpg
train,gss675_jpg.rf.42e09429bc21b9272a84ae01097fd9a1,C:\Machine Learning\projet\projet-machine-learning\dataset\labels\train\gss675_jpg.rf.42e09429bc21b9272a84ae01097fd9a1.txt,C:\Machine Learning\projet\projet-machine-learning\dataset\images\train\gss675_jpg.rf.42e09429bc21b9272a84ae01097fd9a1.jpg
train,gss676_jpg.rf.15cfdc2b994393877695b750ad82e9fe,C:\Machine Learning\projet\projet-machine-learning\dataset\labels\train\gss676_jpg.rf.15cfdc2b994393877695b750ad82e9fe.txt,C:\Machine Learning\projet\projet-machine-learning\dataset\images\train\gss676_jpg.rf.15cfdc2b994393877695b750ad82e9fe.jpg
train,gss677_jpg.rf.489da0ef2da4197a4cf94a4e15b777ab,C:\Machine Learning\projet\projet-machine-learning\dataset\labels\train\gss677_jpg.rf.489da0ef2da4197a4cf94a4e15b777ab.txt,C:\Machine Learning\projet\projet-machine-learning\dataset\images\train\gss677_jpg.rf.489da0ef2da4197a4cf94a4e15b777ab.jpg
train,gss678_jpg.rf.7147ebfbd8801c40eedfeb9e680ee268,C:\Machine Learning\projet\projet-machine-learning\dataset\labels\train\gss678_jpg.rf.7147ebfbd8801c40eedfeb9e680ee268.txt,C:\Machine Learning\projet\projet-machine-learning\dataset\images\train\gss678_jpg.rf.7147ebfbd8801c40eedfeb9e680ee268.jpg
train,gss680_jpg.rf.9ca410dcba8ad38b6c0042360fdc2df0,C:\Machine Learning\projet\projet-machine-learning\dataset\labels\train\gss680_jpg.rf.9ca410dcba8ad38b6c0042360fdc2df0.txt,C:\Machine Learning\projet\projet-machine-learning\dataset\images\train\gss680_jpg.rf.9ca410dcba8ad38b6c0042360fdc2df0.jpg
train,gss681_jpg.rf.c80f3d6627379c279c4686fc64d9b88d,C:\Machine Learning\projet\projet-machine-learning\dataset\labels\train\gss681_jpg.rf.c80f3d6627379c279c4686fc64d9b88d.txt,C:\Machine Learning\projet\projet-machine-learning\dataset\images\train\gss681_jpg.rf.c80f3d6627379c279c4686fc64d9b88d.jpg
train,gss683_jpg.rf.50ae87ae9b0ac467c015eea824e21d26,C:\Machine Learning\projet\projet-machine-learning\dataset\labels\train\gss683_jpg.rf.50ae87ae9b0ac467c015eea824e21d26.txt,C:\Machine Learning\projet\projet-machine-learning\dataset\images\train\gss683_jpg.rf.50ae87ae9b0ac467c015eea824e21d26.jpg
train,gss684_jpg.rf.5edeb155642605fae4eee214d4530335,C:\Machine Learning\projet\projet-machine-learning\dataset\labels\train\gss684_jpg.rf.5edeb155642605fae4eee214d4530335.txt,C:\Machine Learning\projet\projet-machine-learning\dataset\images\train\gss684_jpg.rf.5edeb155642605fae4eee214d4530335.jpg
train,gss685_jpg.rf.565b40a4c88bf25bedcc593100f447ba,C:\Machine Learning\projet\projet-machine-learning\dataset\labels\train\gss685_jpg.rf.565b40a4c88bf25bedcc593100f447ba.txt,C:\Machine Learning\projet\projet-machine-learning\dataset\images\train\gss685_jpg.rf.565b40a4c88bf25bedcc593100f447ba.jpg
train,gss686_jpg.rf.d0db201acd8bbec466fa46afb3590cc9,C:\Machine Learning\projet\projet-machine-learning\dataset\labels\train\gss686_jpg.rf.d0db201acd8bbec466fa46afb3590cc9.txt,C:\Machine Learning\projet\projet-machine-learning\dataset\images\train\gss686_jpg.rf.d0db201acd8bbec466fa46afb3590cc9.jpg
train,gss687_jpg.rf.d2f4d46f14b1425cb40129881af27c93,C:\Machine Learning\projet\projet-machine-learning\dataset\labels\train\gss687_jpg.rf.d2f4d46f14b1425cb40129881af27c93.txt,C:\Machine Learning\projet\projet-machine-learning\dataset\images\train\gss687_jpg.rf.d2f4d46f14b1425cb40129881af27c93.jpg
train,gss688_jpg.rf.868c6dd5660031b52941c312d8fe051a,C:\Machine Learning\projet\projet-machine-learning\dataset\labels\train\gss688_jpg.rf.868c6dd5660031b52941c312d8fe051a.txt,C:\Machine Learning\projet\projet-machine-learning\dataset\images\train\gss688_jpg.rf.868c6dd5660031b52941c312d8fe051a.jpg
train,gss690_jpg.rf.52c6546b9db60fc1e49198b08322d028,C:\Machine Learning\projet\projet-machine-learning\dataset\labels\train\gss690_jpg.rf.52c6546b9db60fc1e49198b08322d028.txt,C:\Machine Learning\projet\projet-machine-learning\dataset\images\train\gss690_jpg.rf.52c6546b9db60fc1e49198b08322d028.jpg
train,gss691_jpg.rf.dd7d4359444c950dba8c84aa168af1e3,C:\Machine Learning\projet\projet-machine-learning\dataset\labels\train\gss691_jpg.rf.dd7d4359444c950dba8c84aa168af1e3.txt,C:\Machine Learning\projet\projet-machine-learning\dataset\images\train\gss691_jpg.rf.dd7d4359444c950dba8c84aa168af1e3.jpg
train,gss692_jpg.rf.24ef7d44d528e59e12ff846d337201c3,C:\Machine Learning\projet\projet-machine-learning\dataset\labels\train\gss692_jpg.rf.24ef7d44d528e59e12ff846d337201c3.txt,C:\Machine Learning\projet\projet-machine-learning\dataset\images\train\gss692_jpg.rf.24ef7d44d528e59e12ff846d337201c3.jpg
train,gss693_jpg.rf.610b64a1597378bc7c10b4aec59fa74e,C:\Machine Learning\projet\projet-machine-learning\dataset\labels\train\gss693_jpg.rf.610b64a1597378bc7c10b4aec59fa74e.txt,C:\Machine Learning\projet\projet-machine-learning\dataset\images\train\gss693_jpg.rf.610b64a1597378bc7c10b4aec59fa74e.jpg
train,gss694_jpg.rf.3902147bd0aed8fd8022d18ddb730b4c,C:\Machine Learning\projet\projet-machine-learning\dataset\labels\train\gss694_jpg.rf.3902147bd0aed8fd8022d18ddb730b4c.txt,C:\Machine Learning\projet\projet-machine-learning\dataset\images\train\gss694_jpg.rf.3902147bd0aed8fd8022d18ddb730b4c.jpg
train,gss695_jpg.rf.be0f7324c65df5cbb693d3b70e812152,C:\Machine Learning\projet\projet-machine-learning\dataset\labels\train\gss695_jpg.rf.be0f7324c65df5cbb693d3b70e812152.txt,C:\Machine Learning\projet\projet-machine-learning\dataset\images\train\gss695_jpg.rf.be0f7324c65df5cbb693d3b70e812152.jpg
train,gss696_jpg.rf.80f93c8f5e7867490901a05653178973,C:\Machine Learning\projet\projet-machine-learning\dataset\labels\train\gss696_jpg.rf.80f93c8f5e7867490901a05653178973.txt,C:\Machine Learning\projet\projet-machine-learning\dataset\images\train\gss696_jpg.rf.80f93c8f5e7867490901a05653178973.jpg
train,gss698_jpg.rf.4dbfa611e5572b1ea056a4c206d76005,C:\Machine Learning\projet\projet-machine-learning\dataset\labels\train\gss698_jpg.rf.4dbfa611e5572b1ea056a4c206d76005.txt,C:\Machine Learning\projet\projet-machine-learning\dataset\images\train\gss698_jpg.rf.4dbfa611e5572b1ea056a4c206d76005.jpg
train,gss700_jpg.rf.d3ab0c4070ef638b9dae6b583ff98415,C:\Machine Learning\projet\projet-machine-learning\dataset\labels\train\gss700_jpg.rf.d3ab0c4070ef638b9dae6b583ff98415.txt,C:\Machine Learning\projet\projet-machine-learning\dataset\images\train\gss700_jpg.rf.d3ab0c4070ef638b9dae6b583ff98415.jpg
train,gss702_jpg.rf.d9dd61db19b3be2fb3672b03195f74d6,C:\Machine Learning\projet\projet-machine-learning\dataset\labels\train\gss702_jpg.rf.d9dd61db19b3be2fb3672b03195f74d6.txt,C:\Machine Learning\projet\projet-machine-learning\dataset\images\train\gss702_jpg.rf.d9dd61db19b3be2fb3672b03195f74d6.jpg
train,gss703_jpg.rf.66692afd2f82cb13c13c6ee6316be5dd,C:\Machine Learning\projet\projet-machine-learning\dataset\labels\train\gss703_jpg.rf.66692afd2f82cb13c13c6ee6316be5dd.txt,C:\Machine Learning\projet\projet-machine-learning\dataset\images\train\gss703_jpg.rf.66692afd2f82cb13c13c6ee6316be5dd.jpg
train,gss704_jpg.rf.7fab225bd124306933fb68d8b1c68c3b,C:\Machine Learning\projet\projet-machine-learning\dataset\labels\train\gss704_jpg.rf.7fab225bd124306933fb68d8b1c68c3b.txt,C:\Machine Learning\projet\projet-machine-learning\dataset\images\train\gss704_jpg.rf.7fab225bd124306933fb68d8b1c68c3b.jpg
train,gss705_jpg.rf.15cdb2b5adfef4c2568807458d7918a6,C:\Machine Learning\projet\projet-machine-learning\dataset\labels\train\gss705_jpg.rf.15cdb2b5adfef4c2568807458d7918a6.txt,C:\Machine Learning\projet\projet-machine-learning\dataset\images\train\gss705_jpg.rf.15cdb2b5adfef4c2568807458d7918a6.jpg
train,gss707_jpg.rf.a0b25e584bc8e56af8597fb624b4b0e5,C:\Machine Learning\projet\projet-machine-learning\dataset\labels\train\gss707_jpg.rf.a0b25e584bc8e56af8597fb624b4b0e5.txt,C:\Machine Learning\projet\projet-machine-learning\dataset\images\train\gss707_jpg.rf.a0b25e584bc8e56af8597fb624b4b0e5.jpg
train,gss708_jpg.rf.bd30bc109d18ae86fbd0a46e1bdd3fb8,C:\Machine Learning\projet\projet-machine-learning\dataset\labels\train\gss708_jpg.rf.bd30bc109d18ae86fbd0a46e1bdd3fb8.txt,C:\Machine Learning\projet\projet-machine-learning\dataset\images\train\gss708_jpg.rf.bd30bc109d18ae86fbd0a46e1bdd3fb8.jpg
train,gss709_jpg.rf.fb63f5f3aca4bfb36afcfd4438ddd126,C:\Machine Learning\projet\projet-machine-learning\dataset\labels\train\gss709_jpg.rf.fb63f5f3aca4bfb36afcfd4438ddd126.txt,C:\Machine Learning\projet\projet-machine-learning\dataset\images\train\gss709_jpg.rf.fb63f5f3aca4bfb36afcfd4438ddd126.jpg
train,gss70_jpg.rf.2c7a5d16fed1078dcc4438bc9a47efd3,C:\Machine Learning\projet\projet-machine-learning\dataset\labels\train\gss70_jpg.rf.2c7a5d16fed1078dcc4438bc9a47efd3.txt,C:\Machine Learning\projet\projet-machine-learning\dataset\images\train\gss70_jpg.rf.2c7a5d16fed1078dcc4438bc9a47efd3.jpg
train,gss710_jpg.rf.5449a9ede5978294e7d58e94c6a22384,C:\Machine Learning\projet\projet-machine-learning\dataset\labels\train\gss710_jpg.rf.5449a9ede5978294e7d58e94c6a22384.txt,C:\Machine Learning\projet\projet-machine-learning\dataset\images\train\gss710_jpg.rf.5449a9ede5978294e7d58e94c6a22384.jpg
train,gss711_jpg.rf.e76e76f392ed0521d435298781227213,C:\Machine Learning\projet\projet-machine-learning\dataset\labels\train\gss711_jpg.rf.e76e76f392ed0521d435298781227213.txt,C:\Machine Learning\projet\projet-machine-learning\dataset\images\train\gss711_jpg.rf.e76e76f392ed0521d435298781227213.jpg
train,gss714_jpg.rf.f9e239b30bb2fb4b3103cbaaabcccb2b,C:\Machine Learning\projet\projet-machine-learning\dataset\labels\train\gss714_jpg.rf.f9e239b30bb2fb4b3103cbaaabcccb2b.txt,C:\Machine Learning\projet\projet-machine-learning\dataset\images\train\gss714_jpg.rf.f9e239b30bb2fb4b3103cbaaabcccb2b.jpg
train,gss715_jpg.rf.6f460c948424e3a315f9a1735bcd575e,C:\Machine Learning\projet\projet-machine-learning\dataset\labels\train\gss715_jpg.rf.6f460c948424e3a315f9a1735bcd575e.txt,C:\Machine Learning\projet\projet-machine-learning\dataset\images\train\gss715_jpg.rf.6f460c948424e3a315f9a1735bcd575e.jpg
train,gss716_jpg.rf.4fab4256d1795b5a891c2b9c2d944b8d,C:\Machine Learning\projet\projet-machine-learning\dataset\labels\train\gss716_jpg.rf.4fab4256d1795b5a891c2b9c2d944b8d.txt,C:\Machine Learning\projet\projet-machine-learning\dataset\images\train\gss716_jpg.rf.4fab4256d1795b5a891c2b9c2d944b8d.jpg
train,gss717_jpg.rf.06b50bd7643498e0539ddc91c8fbec10,C:\Machine Learning\projet\projet-machine-learning\dataset\labels\train\gss717_jpg.rf.06b50bd7643498e0539ddc91c8fbec10.txt,C:\Machine Learning\projet\projet-machine-learning\dataset\images\train\gss717_jpg.rf.06b50bd7643498e0539ddc91c8fbec10.jpg
train,gss718_jpg.rf.826e3cd3aeee4a89fcdf2410dd395732,C:\Machine Learning\projet\projet-machine-learning\dataset\labels\train\gss718_jpg.rf.826e3cd3aeee4a89fcdf2410dd395732.txt,C:\Machine Learning\projet\projet-machine-learning\dataset\images\train\gss718_jpg.rf.826e3cd3aeee4a89fcdf2410dd395732.jpg
train,gss719_jpg.rf.11fa4752b606d61bf9861adf11e27b96,C:\Machine Learning\projet\projet-machine-learning\dataset\labels\train\gss719_jpg.rf.11fa4752b606d61bf9861adf11e27b96.txt,C:\Machine Learning\projet\projet-machine-learning\dataset\images\train\gss719_jpg.rf.11fa4752b606d61bf9861adf11e27b96.jpg
train,gss720_jpg.rf.1869b979b5f4a90596270cc3cf5631c8,C:\Machine Learning\projet\projet-machine-learning\dataset\labels\train\gss720_jpg.rf.1869b979b5f4a90596270cc3cf5631c8.txt,C:\Machine Learning\projet\projet-machine-learning\dataset\images\train\gss720_jpg.rf.1869b979b5f4a90596270cc3cf5631c8.jpg
train,gss723_jpg.rf.e2d920630ad4afd46113f7ad27dfeeb6,C:\Machine Learning\projet\projet-machine-learning\dataset\labels\train\gss723_jpg.rf.e2d920630ad4afd46113f7ad27dfeeb6.txt,C:\Machine Learning\projet\projet-machine-learning\dataset\images\train\gss723_jpg.rf.e2d920630ad4afd46113f7ad27dfeeb6.jpg
train,gss726_jpg.rf.c53e48c13d2223b89575eeec81025431,C:\Machine Learning\projet\projet-machine-learning\dataset\labels\train\gss726_jpg.rf.c53e48c13d2223b89575eeec81025431.txt,C:\Machine Learning\projet\projet-machine-learning\dataset\images\train\gss726_jpg.rf.c53e48c13d2223b89575eeec81025431.jpg
train,gss727_jpg.rf.467486e963908c02828c9ce5af721fde,C:\Machine Learning\projet\projet-machine-learning\dataset\labels\train\gss727_jpg.rf.467486e963908c02828c9ce5af721fde.txt,C:\Machine Learning\projet\projet-machine-learning\dataset\images\train\gss727_jpg.rf.467486e963908c02828c9ce5af721fde.jpg
train,gss728_jpg.rf.ae24803651d5062c5ac509a66ab32612,C:\Machine Learning\projet\projet-machine-learning\dataset\labels\train\gss728_jpg.rf.ae24803651d5062c5ac509a66ab32612.txt,C:\Machine Learning\projet\projet-machine-learning\dataset\images\train\gss728_jpg.rf.ae24803651d5062c5ac509a66ab32612.jpg
train,gss729_jpg.rf.55ba5d2706ac33c3ba8c64a9fde1caf5,C:\Machine Learning\projet\projet-machine-learning\dataset\labels\train\gss729_jpg.rf.55ba5d2706ac33c3ba8c64a9fde1caf5.txt,C:\Machine Learning\projet\projet-machine-learning\dataset\images\train\gss729_jpg.rf.55ba5d2706ac33c3ba8c64a9fde1caf5.jpg
train,gss730_jpg.rf.6fb015be41a941f4897ea7722dda4bb1,C:\Machine Learning\projet\projet-machine-learning\dataset\labels\train\gss730_jpg.rf.6fb015be41a941f4897ea7722dda4bb1.txt,C:\Machine Learning\projet\projet-machine-learning\dataset\images\train\gss730_jpg.rf.6fb015be41a941f4897ea7722dda4bb1.jpg
train,gss731_jpg.rf.67c46b5b119181b8d3fce05d4590b75e,C:\Machine Learning\projet\projet-machine-learning\dataset\labels\train\gss731_jpg.rf.67c46b5b119181b8d3fce05d4590b75e.txt,C:\Machine Learning\projet\projet-machine-learning\dataset\images\train\gss731_jpg.rf.67c46b5b119181b8d3fce05d4590b75e.jpg
train,gss732_jpg.rf.1943ffdf6019d22e7f40b59339ab2140,C:\Machine Learning\projet\projet-machine-learning\dataset\labels\train\gss732_jpg.rf.1943ffdf6019d22e7f40b59339ab2140.txt,C:\Machine Learning\projet\projet-machine-learning\dataset\images\train\gss732_jpg.rf.1943ffdf6019d22e7f40b59339ab2140.jpg
train,gss734_jpg.rf.1948ab2e2b7b62a0c8c80fe04eb71f8b,C:\Machine Learning\projet\projet-machine-learning\dataset\labels\train\gss734_jpg.rf.1948ab2e2b7b62a0c8c80fe04eb71f8b.txt,C:\Machine Learning\projet\projet-machine-learning\dataset\images\train\gss734_jpg.rf.1948ab2e2b7b62a0c8c80fe04eb71f8b.jpg
train,gss735_jpg.rf.469035685af745f6ef8b66fdd4539e27,C:\Machine Learning\projet\projet-machine-learning\dataset\labels\train\gss735_jpg.rf.469035685af745f6ef8b66fdd4539e27.txt,C:\Machine Learning\projet\projet-machine-learning\dataset\images\train\gss735_jpg.rf.469035685af745f6ef8b66fdd4539e27.jpg
train,gss736_jpg.rf.b88d1994b7d34e5cb5706a31a25728e5,C:\Machine Learning\projet\projet-machine-learning\dataset\labels\train\gss736_jpg.rf.b88d1994b7d34e5cb5706a31a25728e5.txt,C:\Machine Learning\projet\projet-machine-learning\dataset\images\train\gss736_jpg.rf.b88d1994b7d34e5cb5706a31a25728e5.jpg
train,gss737_jpg.rf.0c72080b6f3f4fd3d6047d74e99ab927,C:\Machine Learning\projet\projet-machine-learning\dataset\labels\train\gss737_jpg.rf.0c72080b6f3f4fd3d6047d74e99ab927.txt,C:\Machine Learning\projet\projet-machine-learning\dataset\images\train\gss737_jpg.rf.0c72080b6f3f4fd3d6047d74e99ab927.jpg
train,gss738_jpg.rf.9502a6ad6aaec17d9105f4500df362b4,C:\Machine Learning\projet\projet-machine-learning\dataset\labels\train\gss738_jpg.rf.9502a6ad6aaec17d9105f4500df362b4.txt,C:\Machine Learning\projet\projet-machine-learning\dataset\images\train\gss738_jpg.rf.9502a6ad6aaec17d9105f4500df362b4.jpg
train,gss740_jpg.rf.879bfb38a95c70bc3de97dd83443971a,C:\Machine Learning\projet\projet-machine-learning\dataset\labels\train\gss740_jpg.rf.879bfb38a95c70bc3de97dd83443971a.txt,C:\Machine Learning\projet\projet-machine-learning\dataset\images\train\gss740_jpg.rf.879bfb38a95c70bc3de97dd83443971a.jpg
train,gss741_jpg.rf.a009f4bb35ad1d9d5e7a9b1a2dd3e278,C:\Machine Learning\projet\projet-machine-learning\dataset\labels\train\gss741_jpg.rf.a009f4bb35ad1d9d5e7a9b1a2dd3e278.txt,C:\Machine Learning\projet\projet-machine-learning\dataset\images\train\gss741_jpg.rf.a009f4bb35ad1d9d5e7a9b1a2dd3e278.jpg
train,gss742_jpg.rf.e5217408663463197924fe9d87a213cd,C:\Machine Learning\projet\projet-machine-learning\dataset\labels\train\gss742_jpg.rf.e5217408663463197924fe9d87a213cd.txt,C:\Machine Learning\projet\projet-machine-learning\dataset\images\train\gss742_jpg.rf.e5217408663463197924fe9d87a213cd.jpg
train,gss747_jpg.rf.bbd48a012f761052df89885d51a9975a,C:\Machine Learning\projet\projet-machine-learning\dataset\labels\train\gss747_jpg.rf.bbd48a012f761052df89885d51a9975a.txt,C:\Machine Learning\projet\projet-machine-learning\dataset\images\train\gss747_jpg.rf.bbd48a012f761052df89885d51a9975a.jpg
train,gss748_jpg.rf.f7ec72d8d034af8f7ba2ccde432caad6,C:\Machine Learning\projet\projet-machine-learning\dataset\labels\train\gss748_jpg.rf.f7ec72d8d034af8f7ba2ccde432caad6.txt,C:\Machine Learning\projet\projet-machine-learning\dataset\images\train\gss748_jpg.rf.f7ec72d8d034af8f7ba2ccde432caad6.jpg
train,gss749_jpg.rf.94b14f37f28d89e441c64b10dfb4e7db,C:\Machine Learning\projet\projet-machine-learning\dataset\labels\train\gss749_jpg.rf.94b14f37f28d89e441c64b10dfb4e7db.txt,C:\Machine Learning\projet\projet-machine-learning\dataset\images\train\gss749_jpg.rf.94b14f37f28d89e441c64b10dfb4e7db.jpg
train,gss750_jpg.rf.8e1a222530a932a987a41730d5669def,C:\Machine Learning\projet\projet-machine-learning\dataset\labels\train\gss750_jpg.rf.8e1a222530a932a987a41730d5669def.txt,C:\Machine Learning\projet\projet-machine-learning\dataset\images\train\gss750_jpg.rf.8e1a222530a932a987a41730d5669def.jpg
train,gss752_jpg.rf.647d469b77973591765b5c28e18d85db,C:\Machine Learning\projet\projet-machine-learning\dataset\labels\train\gss752_jpg.rf.647d469b77973591765b5c28e18d85db.txt,C:\Machine Learning\projet\projet-machine-learning\dataset\images\train\gss752_jpg.rf.647d469b77973591765b5c28e18d85db.jpg
train,gss754_jpg.rf.dd8e5af74e0e0840e39ccb6715c61920,C:\Machine Learning\projet\projet-machine-learning\dataset\labels\train\gss754_jpg.rf.dd8e5af74e0e0840e39ccb6715c61920.txt,C:\Machine Learning\projet\projet-machine-learning\dataset\images\train\gss754_jpg.rf.dd8e5af74e0e0840e39ccb6715c61920.jpg
train,gss756_jpg.rf.5790486acfe416395940654cfce416b4,C:\Machine Learning\projet\projet-machine-learning\dataset\labels\train\gss756_jpg.rf.5790486acfe416395940654cfce416b4.txt,C:\Machine Learning\projet\projet-machine-learning\dataset\images\train\gss756_jpg.rf.5790486acfe416395940654cfce416b4.jpg
train,gss757_jpg.rf.66ac4effc533efb939e1583929ea07ff,C:\Machine Learning\projet\projet-machine-learning\dataset\labels\train\gss757_jpg.rf.66ac4effc533efb939e1583929ea07ff.txt,C:\Machine Learning\projet\projet-machine-learning\dataset\images\train\gss757_jpg.rf.66ac4effc533efb939e1583929ea07ff.jpg
train,gss758_jpg.rf.ed0f4184f0383585b81f6e3d0c4df8c0,C:\Machine Learning\projet\projet-machine-learning\dataset\labels\train\gss758_jpg.rf.ed0f4184f0383585b81f6e3d0c4df8c0.txt,C:\Machine Learning\projet\projet-machine-learning\dataset\images\train\gss758_jpg.rf.ed0f4184f0383585b81f6e3d0c4df8c0.jpg
train,gss762_jpg.rf.4ae8f796be5fba3a1723f8f041886879,C:\Machine Learning\projet\projet-machine-learning\dataset\labels\train\gss762_jpg.rf.4ae8f796be5fba3a1723f8f041886879.txt,C:\Machine Learning\projet\projet-machine-learning\dataset\images\train\gss762_jpg.rf.4ae8f796be5fba3a1723f8f041886879.jpg
train,gss763_jpg.rf.fd52f35498a94c4ae6ccbd8ee6dd1e6c,C:\Machine Learning\projet\projet-machine-learning\dataset\labels\train\gss763_jpg.rf.fd52f35498a94c4ae6ccbd8ee6dd1e6c.txt,C:\Machine Learning\projet\projet-machine-learning\dataset\images\train\gss763_jpg.rf.fd52f35498a94c4ae6ccbd8ee6dd1e6c.jpg
train,gss764_jpg.rf.903600ef23091633d2f93d4c61a65d1f,C:\Machine Learning\projet\projet-machine-learning\dataset\labels\train\gss764_jpg.rf.903600ef23091633d2f93d4c61a65d1f.txt,C:\Machine Learning\projet\projet-machine-learning\dataset\images\train\gss764_jpg.rf.903600ef23091633d2f93d4c61a65d1f.jpg
train,gss765_jpg.rf.7604b2d0f52a1ac98903e30c96d97f2e,C:\Machine Learning\projet\projet-machine-learning\dataset\labels\train\gss765_jpg.rf.7604b2d0f52a1ac98903e30c96d97f2e.txt,C:\Machine Learning\projet\projet-machine-learning\dataset\images\train\gss765_jpg.rf.7604b2d0f52a1ac98903e30c96d97f2e.jpg
train,gss770_jpg.rf.d4cfd16d7113949c46b9db32c18d8119,C:\Machine Learning\projet\projet-machine-learning\dataset\labels\train\gss770_jpg.rf.d4cfd16d7113949c46b9db32c18d8119.txt,C:\Machine Learning\projet\projet-machine-learning\dataset\images\train\gss770_jpg.rf.d4cfd16d7113949c46b9db32c18d8119.jpg
train,gss771_jpg.rf.084049ca9c5f4f2c13f3908e528b30af,C:\Machine Learning\projet\projet-machine-learning\dataset\labels\train\gss771_jpg.rf.084049ca9c5f4f2c13f3908e528b30af.txt,C:\Machine Learning\projet\projet-machine-learning\dataset\images\train\gss771_jpg.rf.084049ca9c5f4f2c13f3908e528b30af.jpg
train,gss772_jpg.rf.df6264edc81587786a590f9895ced3db,C:\Machine Learning\projet\projet-machine-learning\dataset\labels\train\gss772_jpg.rf.df6264edc81587786a590f9895ced3db.txt,C:\Machine Learning\projet\projet-machine-learning\dataset\images\train\gss772_jpg.rf.df6264edc81587786a590f9895ced3db.jpg
train,gss773_jpg.rf.497d980f152d68787067c5297bcc6673,C:\Machine Learning\projet\projet-machine-learning\dataset\labels\train\gss773_jpg.rf.497d980f152d68787067c5297bcc6673.txt,C:\Machine Learning\projet\projet-machine-learning\dataset\images\train\gss773_jpg.rf.497d980f152d68787067c5297bcc6673.jpg
train,gss774_jpg.rf.7491d43496aed9f99a40576ee2cf55cb,C:\Machine Learning\projet\projet-machine-learning\dataset\labels\train\gss774_jpg.rf.7491d43496aed9f99a40576ee2cf55cb.txt,C:\Machine Learning\projet\projet-machine-learning\dataset\images\train\gss774_jpg.rf.7491d43496aed9f99a40576ee2cf55cb.jpg
train,gss775_jpg.rf.05d211f6869689cb4b16cd024832efc4,C:\Machine Learning\projet\projet-machine-learning\dataset\labels\train\gss775_jpg.rf.05d211f6869689cb4b16cd024832efc4.txt,C:\Machine Learning\projet\projet-machine-learning\dataset\images\train\gss775_jpg.rf.05d211f6869689cb4b16cd024832efc4.jpg
train,gss776_jpg.rf.6f16e1f20c8fb106b40b57dea5a52974,C:\Machine Learning\projet\projet-machine-learning\dataset\labels\train\gss776_jpg.rf.6f16e1f20c8fb106b40b57dea5a52974.txt,C:\Machine Learning\projet\projet-machine-learning\dataset\images\train\gss776_jpg.rf.6f16e1f20c8fb106b40b57dea5a52974.jpg
train,gss778_jpg.rf.2a355a3710ea45d5e25cbfc60e66e8b4,C:\Machine Learning\projet\projet-machine-learning\dataset\labels\train\gss778_jpg.rf.2a355a3710ea45d5e25cbfc60e66e8b4.txt,C:\Machine Learning\projet\projet-machine-learning\dataset\images\train\gss778_jpg.rf.2a355a3710ea45d5e25cbfc60e66e8b4.jpg
train,gss779_jpg.rf.24df9da4444f3a80298b53e7a9b9478c,C:\Machine Learning\projet\projet-machine-learning\dataset\labels\train\gss779_jpg.rf.24df9da4444f3a80298b53e7a9b9478c.txt,C:\Machine Learning\projet\projet-machine-learning\dataset\images\train\gss779_jpg.rf.24df9da4444f3a80298b53e7a9b9478c.jpg
train,gss780_jpg.rf.d80303d019837f46c5707b73019e36bd,C:\Machine Learning\projet\projet-machine-learning\dataset\labels\train\gss780_jpg.rf.d80303d019837f46c5707b73019e36bd.txt,C:\Machine Learning\projet\projet-machine-learning\dataset\images\train\gss780_jpg.rf.d80303d019837f46c5707b73019e36bd.jpg
train,gss781_jpg.rf.b978f5e4264375275529bfd7d9ce5f5c,C:\Machine Learning\projet\projet-machine-learning\dataset\labels\train\gss781_jpg.rf.b978f5e4264375275529bfd7d9ce5f5c.txt,C:\Machine Learning\projet\projet-machine-learning\dataset\images\train\gss781_jpg.rf.b978f5e4264375275529bfd7d9ce5f5c.jpg
train,gss784_jpg.rf.931117ff4a0701e235ddc1e32cae4259,C:\Machine Learning\projet\projet-machine-learning\dataset\labels\train\gss784_jpg.rf.931117ff4a0701e235ddc1e32cae4259.txt,C:\Machine Learning\projet\projet-machine-learning\dataset\images\train\gss784_jpg.rf.931117ff4a0701e235ddc1e32cae4259.jpg
train,gss785_jpg.rf.3555a2b35914e68d7418febd59154512,C:\Machine Learning\projet\projet-machine-learning\dataset\labels\train\gss785_jpg.rf.3555a2b35914e68d7418febd59154512.txt,C:\Machine Learning\projet\projet-machine-learning\dataset\images\train\gss785_jpg.rf.3555a2b35914e68d7418febd59154512.jpg
train,gss786_jpg.rf.c1a6e8f0fb6581616f06c7d09b80914b,C:\Machine Learning\projet\projet-machine-learning\dataset\labels\train\gss786_jpg.rf.c1a6e8f0fb6581616f06c7d09b80914b.txt,C:\Machine Learning\projet\projet-machine-learning\dataset\images\train\gss786_jpg.rf.c1a6e8f0fb6581616f06c7d09b80914b.jpg
train,gss787_jpg.rf.28ebe4e537315dc5583893bb41c950ce,C:\Machine Learning\projet\projet-machine-learning\dataset\labels\train\gss787_jpg.rf.28ebe4e537315dc5583893bb41c950ce.txt,C:\Machine Learning\projet\projet-machine-learning\dataset\images\train\gss787_jpg.rf.28ebe4e537315dc5583893bb41c950ce.jpg
train,gss788_jpg.rf.e14d9801245180ad9f9b5a156f4d9d70,C:\Machine Learning\projet\projet-machine-learning\dataset\labels\train\gss788_jpg.rf.e14d9801245180ad9f9b5a156f4d9d70.txt,C:\Machine Learning\projet\projet-machine-learning\dataset\images\train\gss788_jpg.rf.e14d9801245180ad9f9b5a156f4d9d70.jpg
train,gss789_jpg.rf.8f00dccc49f001a32ea97bdcf4cba23d,C:\Machine Learning\projet\projet-machine-learning\dataset\labels\train\gss789_jpg.rf.8f00dccc49f001a32ea97bdcf4cba23d.txt,C:\Machine Learning\projet\projet-machine-learning\dataset\images\train\gss789_jpg.rf.8f00dccc49f001a32ea97bdcf4cba23d.jpg
train,gss790_jpg.rf.37dfe05d7a494597c61333ff0aa3cac3,C:\Machine Learning\projet\projet-machine-learning\dataset\labels\train\gss790_jpg.rf.37dfe05d7a494597c61333ff0aa3cac3.txt,C:\Machine Learning\projet\projet-machine-learning\dataset\images\train\gss790_jpg.rf.37dfe05d7a494597c61333ff0aa3cac3.jpg
train,gss792_jpg.rf.cb84fc1d1f5f3d978364aac7d8ff4f5e,C:\Machine Learning\projet\projet-machine-learning\dataset\labels\train\gss792_jpg.rf.cb84fc1d1f5f3d978364aac7d8ff4f5e.txt,C:\Machine Learning\projet\projet-machine-learning\dataset\images\train\gss792_jpg.rf.cb84fc1d1f5f3d978364aac7d8ff4f5e.jpg
train,gss794_jpg.rf.e7e7aefd461dddc1052a38d08132870e,C:\Machine Learning\projet\projet-machine-learning\dataset\labels\train\gss794_jpg.rf.e7e7aefd461dddc1052a38d08132870e.txt,C:\Machine Learning\projet\projet-machine-learning\dataset\images\train\gss794_jpg.rf.e7e7aefd461dddc1052a38d08132870e.jpg
train,gss795_jpg.rf.1e0afa6b2890f0affb4c1d229464d0ef,C:\Machine Learning\projet\projet-machine-learning\dataset\labels\train\gss795_jpg.rf.1e0afa6b2890f0affb4c1d229464d0ef.txt,C:\Machine Learning\projet\projet-machine-learning\dataset\images\train\gss795_jpg.rf.1e0afa6b2890f0affb4c1d229464d0ef.jpg
train,gss796_jpg.rf.8be52907619dfc8bbe7851593c8131fc,C:\Machine Learning\projet\projet-machine-learning\dataset\labels\train\gss796_jpg.rf.8be52907619dfc8bbe7851593c8131fc.txt,C:\Machine Learning\projet\projet-machine-learning\dataset\images\train\gss796_jpg.rf.8be52907619dfc8bbe7851593c8131fc.jpg
train,gss797_jpg.rf.3780983df8ef104761d97f70023f4d51,C:\Machine Learning\projet\projet-machine-learning\dataset\labels\train\gss797_jpg.rf.3780983df8ef104761d97f70023f4d51.txt,C:\Machine Learning\projet\projet-machine-learning\dataset\images\train\gss797_jpg.rf.3780983df8ef104761d97f70023f4d51.jpg
train,gss7_jpg.rf.4d3b8620f7e808ca4fbbe8b4a2aa7922,C:\Machine Learning\projet\projet-machine-learning\dataset\labels\train\gss7_jpg.rf.4d3b8620f7e808ca4fbbe8b4a2aa7922.txt,C:\Machine Learning\projet\projet-machine-learning\dataset\images\train\gss7_jpg.rf.4d3b8620f7e808ca4fbbe8b4a2aa7922.jpg
train,gss802_jpg.rf.43e26bdbb667a75210ef73886761b53a,C:\Machine Learning\projet\projet-machine-learning\dataset\labels\train\gss802_jpg.rf.43e26bdbb667a75210ef73886761b53a.txt,C:\Machine Learning\projet\projet-machine-learning\dataset\images\train\gss802_jpg.rf.43e26bdbb667a75210ef73886761b53a.jpg
train,gss804_jpg.rf.737366e520929515833c50c0ad482e35,C:\Machine Learning\projet\projet-machine-learning\dataset\labels\train\gss804_jpg.rf.737366e520929515833c50c0ad482e35.txt,C:\Machine Learning\projet\projet-machine-learning\dataset\images\train\gss804_jpg.rf.737366e520929515833c50c0ad482e35.jpg
train,gss805_jpg.rf.9daca4d00b0551d34f36c236add97ff6,C:\Machine Learning\projet\projet-machine-learning\dataset\labels\train\gss805_jpg.rf.9daca4d00b0551d34f36c236add97ff6.txt,C:\Machine Learning\projet\projet-machine-learning\dataset\images\train\gss805_jpg.rf.9daca4d00b0551d34f36c236add97ff6.jpg
train,gss807_jpg.rf.7f7b9738ba1c7b53839ba720538209f7,C:\Machine Learning\projet\projet-machine-learning\dataset\labels\train\gss807_jpg.rf.7f7b9738ba1c7b53839ba720538209f7.txt,C:\Machine Learning\projet\projet-machine-learning\dataset\images\train\gss807_jpg.rf.7f7b9738ba1c7b53839ba720538209f7.jpg
train,gss810_jpg.rf.24561a60d912515023125a85ef281dbc,C:\Machine Learning\projet\projet-machine-learning\dataset\labels\train\gss810_jpg.rf.24561a60d912515023125a85ef281dbc.txt,C:\Machine Learning\projet\projet-machine-learning\dataset\images\train\gss810_jpg.rf.24561a60d912515023125a85ef281dbc.jpg
train,gss811_jpg.rf.095602379d75d7230e2bd4730ae3041a,C:\Machine Learning\projet\projet-machine-learning\dataset\labels\train\gss811_jpg.rf.095602379d75d7230e2bd4730ae3041a.txt,C:\Machine Learning\projet\projet-machine-learning\dataset\images\train\gss811_jpg.rf.095602379d75d7230e2bd4730ae3041a.jpg
train,gss813_jpg.rf.93142b821912fe61fd31bf703722296d,C:\Machine Learning\projet\projet-machine-learning\dataset\labels\train\gss813_jpg.rf.93142b821912fe61fd31bf703722296d.txt,C:\Machine Learning\projet\projet-machine-learning\dataset\images\train\gss813_jpg.rf.93142b821912fe61fd31bf703722296d.jpg
train,gss814_jpg.rf.aa788633788f627634537142510b7438,C:\Machine Learning\projet\projet-machine-learning\dataset\labels\train\gss814_jpg.rf.aa788633788f627634537142510b7438.txt,C:\Machine Learning\projet\projet-machine-learning\dataset\images\train\gss814_jpg.rf.aa788633788f627634537142510b7438.jpg
train,gss815_jpg.rf.e48eee92e30fc238a8b2bc1a528301ea,C:\Machine Learning\projet\projet-machine-learning\dataset\labels\train\gss815_jpg.rf.e48eee92e30fc238a8b2bc1a528301ea.txt,C:\Machine Learning\projet\projet-machine-learning\dataset\images\train\gss815_jpg.rf.e48eee92e30fc238a8b2bc1a528301ea.jpg
train,gss818_jpg.rf.7e41e5fc5cae2be907840012b0137ea1,C:\Machine Learning\projet\projet-machine-learning\dataset\labels\train\gss818_jpg.rf.7e41e5fc5cae2be907840012b0137ea1.txt,C:\Machine Learning\projet\projet-machine-learning\dataset\images\train\gss818_jpg.rf.7e41e5fc5cae2be907840012b0137ea1.jpg
train,gss820_jpg.rf.575b73118264128491a1b5cd1a1c39b8,C:\Machine Learning\projet\projet-machine-learning\dataset\labels\train\gss820_jpg.rf.575b73118264128491a1b5cd1a1c39b8.txt,C:\Machine Learning\projet\projet-machine-learning\dataset\images\train\gss820_jpg.rf.575b73118264128491a1b5cd1a1c39b8.jpg
train,gss823_jpg.rf.83b77d263ce0832458e0ddc162fa7faf,C:\Machine Learning\projet\projet-machine-learning\dataset\labels\train\gss823_jpg.rf.83b77d263ce0832458e0ddc162fa7faf.txt,C:\Machine Learning\projet\projet-machine-learning\dataset\images\train\gss823_jpg.rf.83b77d263ce0832458e0ddc162fa7faf.jpg
train,gss827_jpg.rf.08761bf9becbecee53184645323db3dc,C:\Machine Learning\projet\projet-machine-learning\dataset\labels\train\gss827_jpg.rf.08761bf9becbecee53184645323db3dc.txt,C:\Machine Learning\projet\projet-machine-learning\dataset\images\train\gss827_jpg.rf.08761bf9becbecee53184645323db3dc.jpg
train,gss828_jpg.rf.35a4a06a13efafb21387b6801ef33017,C:\Machine Learning\projet\projet-machine-learning\dataset\labels\train\gss828_jpg.rf.35a4a06a13efafb21387b6801ef33017.txt,C:\Machine Learning\projet\projet-machine-learning\dataset\images\train\gss828_jpg.rf.35a4a06a13efafb21387b6801ef33017.jpg
train,gss829_jpg.rf.fc09fefd07f93a90bf5e299e4096226c,C:\Machine Learning\projet\projet-machine-learning\dataset\labels\train\gss829_jpg.rf.fc09fefd07f93a90bf5e299e4096226c.txt,C:\Machine Learning\projet\projet-machine-learning\dataset\images\train\gss829_jpg.rf.fc09fefd07f93a90bf5e299e4096226c.jpg
train,gss830_jpg.rf.929d08501028d76314699d0f45d62c93,C:\Machine Learning\projet\projet-machine-learning\dataset\labels\train\gss830_jpg.rf.929d08501028d76314699d0f45d62c93.txt,C:\Machine Learning\projet\projet-machine-learning\dataset\images\train\gss830_jpg.rf.929d08501028d76314699d0f45d62c93.jpg
train,gss831_jpg.rf.c2c9ab4ca29f080f267b4f7efbd560c6,C:\Machine Learning\projet\projet-machine-learning\dataset\labels\train\gss831_jpg.rf.c2c9ab4ca29f080f267b4f7efbd560c6.txt,C:\Machine Learning\projet\projet-machine-learning\dataset\images\train\gss831_jpg.rf.c2c9ab4ca29f080f267b4f7efbd560c6.jpg
train,gss832_jpg.rf.4aa45d3f9df3ad5a15abf7eb372e9e50,C:\Machine Learning\projet\projet-machine-learning\dataset\labels\train\gss832_jpg.rf.4aa45d3f9df3ad5a15abf7eb372e9e50.txt,C:\Machine Learning\projet\projet-machine-learning\dataset\images\train\gss832_jpg.rf.4aa45d3f9df3ad5a15abf7eb372e9e50.jpg
train,gss834_jpg.rf.ffae7216aecf7f6547d26755e54df0c6,C:\Machine Learning\projet\projet-machine-learning\dataset\labels\train\gss834_jpg.rf.ffae7216aecf7f6547d26755e54df0c6.txt,C:\Machine Learning\projet\projet-machine-learning\dataset\images\train\gss834_jpg.rf.ffae7216aecf7f6547d26755e54df0c6.jpg
train,gss835_jpg.rf.158c3d4e32a0310ecacb1f246886a33a,C:\Machine Learning\projet\projet-machine-learning\dataset\labels\train\gss835_jpg.rf.158c3d4e32a0310ecacb1f246886a33a.txt,C:\Machine Learning\projet\projet-machine-learning\dataset\images\train\gss835_jpg.rf.158c3d4e32a0310ecacb1f246886a33a.jpg
train,gss837_jpg.rf.5ecfcaae213a0c677ac6cd3d756c37b8,C:\Machine Learning\projet\projet-machine-learning\dataset\labels\train\gss837_jpg.rf.5ecfcaae213a0c677ac6cd3d756c37b8.txt,C:\Machine Learning\projet\projet-machine-learning\dataset\images\train\gss837_jpg.rf.5ecfcaae213a0c677ac6cd3d756c37b8.jpg
train,gss838_jpg.rf.d01f8c89edd914a5b01635b7ba4ae533,C:\Machine Learning\projet\projet-machine-learning\dataset\labels\train\gss838_jpg.rf.d01f8c89edd914a5b01635b7ba4ae533.txt,C:\Machine Learning\projet\projet-machine-learning\dataset\images\train\gss838_jpg.rf.d01f8c89edd914a5b01635b7ba4ae533.jpg
train,gss839_jpg.rf.3ec1a9f81edf3713712b8affd331e09f,C:\Machine Learning\projet\projet-machine-learning\dataset\labels\train\gss839_jpg.rf.3ec1a9f81edf3713712b8affd331e09f.txt,C:\Machine Learning\projet\projet-machine-learning\dataset\images\train\gss839_jpg.rf.3ec1a9f81edf3713712b8affd331e09f.jpg
train,gss840_jpg.rf.7c44b6285b7a3b36dac420bd37958467,C:\Machine Learning\projet\projet-machine-learning\dataset\labels\train\gss840_jpg.rf.7c44b6285b7a3b36dac420bd37958467.txt,C:\Machine Learning\projet\projet-machine-learning\dataset\images\train\gss840_jpg.rf.7c44b6285b7a3b36dac420bd37958467.jpg
train,gss841_jpg.rf.a621ab62b091419422bd2e72ff164a28,C:\Machine Learning\projet\projet-machine-learning\dataset\labels\train\gss841_jpg.rf.a621ab62b091419422bd2e72ff164a28.txt,C:\Machine Learning\projet\projet-machine-learning\dataset\images\train\gss841_jpg.rf.a621ab62b091419422bd2e72ff164a28.jpg
train,gss842_jpg.rf.2b8bd04d997c4b6426fa4f3b85febe70,C:\Machine Learning\projet\projet-machine-learning\dataset\labels\train\gss842_jpg.rf.2b8bd04d997c4b6426fa4f3b85febe70.txt,C:\Machine Learning\projet\projet-machine-learning\dataset\images\train\gss842_jpg.rf.2b8bd04d997c4b6426fa4f3b85febe70.jpg
train,gss843_jpg.rf.4a76471ffd583472435da1b6123b0335,C:\Machine Learning\projet\projet-machine-learning\dataset\labels\train\gss843_jpg.rf.4a76471ffd583472435da1b6123b0335.txt,C:\Machine Learning\projet\projet-machine-learning\dataset\images\train\gss843_jpg.rf.4a76471ffd583472435da1b6123b0335.jpg
train,gss844_jpg.rf.1ba294c151547f672f9147c9970d03aa,C:\Machine Learning\projet\projet-machine-learning\dataset\labels\train\gss844_jpg.rf.1ba294c151547f672f9147c9970d03aa.txt,C:\Machine Learning\projet\projet-machine-learning\dataset\images\train\gss844_jpg.rf.1ba294c151547f672f9147c9970d03aa.jpg
train,gss847_jpg.rf.802d5d18a7962acbb545e2a0715f1d89,C:\Machine Learning\projet\projet-machine-learning\dataset\labels\train\gss847_jpg.rf.802d5d18a7962acbb545e2a0715f1d89.txt,C:\Machine Learning\projet\projet-machine-learning\dataset\images\train\gss847_jpg.rf.802d5d18a7962acbb545e2a0715f1d89.jpg
train,gss849_jpg.rf.4c232989fa9c4dc745651a3299f8ad9b,C:\Machine Learning\projet\projet-machine-learning\dataset\labels\train\gss849_jpg.rf.4c232989fa9c4dc745651a3299f8ad9b.txt,C:\Machine Learning\projet\projet-machine-learning\dataset\images\train\gss849_jpg.rf.4c232989fa9c4dc745651a3299f8ad9b.jpg
train,gss850_jpg.rf.97ae6535278d3d7af8e10c1127905ded,C:\Machine Learning\projet\projet-machine-learning\dataset\labels\train\gss850_jpg.rf.97ae6535278d3d7af8e10c1127905ded.txt,C:\Machine Learning\projet\projet-machine-learning\dataset\images\train\gss850_jpg.rf.97ae6535278d3d7af8e10c1127905ded.jpg
train,gss852_jpg.rf.564431150818140146ffc96e08abff10,C:\Machine Learning\projet\projet-machine-learning\dataset\labels\train\gss852_jpg.rf.564431150818140146ffc96e08abff10.txt,C:\Machine Learning\projet\projet-machine-learning\dataset\images\train\gss852_jpg.rf.564431150818140146ffc96e08abff10.jpg
train,gss853_jpg.rf.a0a888a71517b91da993e1ab3604b1dc,C:\Machine Learning\projet\projet-machine-learning\dataset\labels\train\gss853_jpg.rf.a0a888a71517b91da993e1ab3604b1dc.txt,C:\Machine Learning\projet\projet-machine-learning\dataset\images\train\gss853_jpg.rf.a0a888a71517b91da993e1ab3604b1dc.jpg
train,gss854_jpg.rf.014be041d246478952641c23453e8c8e,C:\Machine Learning\projet\projet-machine-learning\dataset\labels\train\gss854_jpg.rf.014be041d246478952641c23453e8c8e.txt,C:\Machine Learning\projet\projet-machine-learning\dataset\images\train\gss854_jpg.rf.014be041d246478952641c23453e8c8e.jpg
train,gss855_jpg.rf.cf12a9f6a04a6382c9fb4b96d3516d0f,C:\Machine Learning\projet\projet-machine-learning\dataset\labels\train\gss855_jpg.rf.cf12a9f6a04a6382c9fb4b96d3516d0f.txt,C:\Machine Learning\projet\projet-machine-learning\dataset\images\train\gss855_jpg.rf.cf12a9f6a04a6382c9fb4b96d3516d0f.jpg
train,gss856_jpg.rf.18c32a60068b203f4e79f177438e5d85,C:\Machine Learning\projet\projet-machine-learning\dataset\labels\train\gss856_jpg.rf.18c32a60068b203f4e79f177438e5d85.txt,C:\Machine Learning\projet\projet-machine-learning\dataset\images\train\gss856_jpg.rf.18c32a60068b203f4e79f177438e5d85.jpg
train,gss857_jpg.rf.7a47df1aecbcc2b6a4164449b112faf5,C:\Machine Learning\projet\projet-machine-learning\dataset\labels\train\gss857_jpg.rf.7a47df1aecbcc2b6a4164449b112faf5.txt,C:\Machine Learning\projet\projet-machine-learning\dataset\images\train\gss857_jpg.rf.7a47df1aecbcc2b6a4164449b112faf5.jpg
train,gss858_jpg.rf.c735a4c4766b2e5440865c5f56b3805b,C:\Machine Learning\projet\projet-machine-learning\dataset\labels\train\gss858_jpg.rf.c735a4c4766b2e5440865c5f56b3805b.txt,C:\Machine Learning\projet\projet-machine-learning\dataset\images\train\gss858_jpg.rf.c735a4c4766b2e5440865c5f56b3805b.jpg
train,gss859_jpg.rf.92d7e13b9861ad3f19cfb1d99c6ad0ce,C:\Machine Learning\projet\projet-machine-learning\dataset\labels\train\gss859_jpg.rf.92d7e13b9861ad3f19cfb1d99c6ad0ce.txt,C:\Machine Learning\projet\projet-machine-learning\dataset\images\train\gss859_jpg.rf.92d7e13b9861ad3f19cfb1d99c6ad0ce.jpg
train,gss85_jpg.rf.691e37ade448f7ae06cfb5cbadad11b3,C:\Machine Learning\projet\projet-machine-learning\dataset\labels\train\gss85_jpg.rf.691e37ade448f7ae06cfb5cbadad11b3.txt,C:\Machine Learning\projet\projet-machine-learning\dataset\images\train\gss85_jpg.rf.691e37ade448f7ae06cfb5cbadad11b3.jpg
train,gss860_jpg.rf.6754a78c9d2c50aaccd7a387ee7b037b,C:\Machine Learning\projet\projet-machine-learning\dataset\labels\train\gss860_jpg.rf.6754a78c9d2c50aaccd7a387ee7b037b.txt,C:\Machine Learning\projet\projet-machine-learning\dataset\images\train\gss860_jpg.rf.6754a78c9d2c50aaccd7a387ee7b037b.jpg
train,gss862_jpg.rf.36871e714fadb9d3a835b660bf651a1a,C:\Machine Learning\projet\projet-machine-learning\dataset\labels\train\gss862_jpg.rf.36871e714fadb9d3a835b660bf651a1a.txt,C:\Machine Learning\projet\projet-machine-learning\dataset\images\train\gss862_jpg.rf.36871e714fadb9d3a835b660bf651a1a.jpg
train,gss863_jpg.rf.c9740155f8f3e5fb81fe14168b624666,C:\Machine Learning\projet\projet-machine-learning\dataset\labels\train\gss863_jpg.rf.c9740155f8f3e5fb81fe14168b624666.txt,C:\Machine Learning\projet\projet-machine-learning\dataset\images\train\gss863_jpg.rf.c9740155f8f3e5fb81fe14168b624666.jpg
train,gss864_jpg.rf.25a9d16e0fc4a1f2150a3450336181c5,C:\Machine Learning\projet\projet-machine-learning\dataset\labels\train\gss864_jpg.rf.25a9d16e0fc4a1f2150a3450336181c5.txt,C:\Machine Learning\projet\projet-machine-learning\dataset\images\train\gss864_jpg.rf.25a9d16e0fc4a1f2150a3450336181c5.jpg
train,gss865_jpg.rf.3a839f156253ee95276631e42e233b59,C:\Machine Learning\projet\projet-machine-learning\dataset\labels\train\gss865_jpg.rf.3a839f156253ee95276631e42e233b59.txt,C:\Machine Learning\projet\projet-machine-learning\dataset\images\train\gss865_jpg.rf.3a839f156253ee95276631e42e233b59.jpg
train,gss866_jpg.rf.d9bcd8efd50ddcc2be3cde0eafa8a215,C:\Machine Learning\projet\projet-machine-learning\dataset\labels\train\gss866_jpg.rf.d9bcd8efd50ddcc2be3cde0eafa8a215.txt,C:\Machine Learning\projet\projet-machine-learning\dataset\images\train\gss866_jpg.rf.d9bcd8efd50ddcc2be3cde0eafa8a215.jpg
train,gss867_jpg.rf.afaf4ec81a449d3c7921e6abd0f43852,C:\Machine Learning\projet\projet-machine-learning\dataset\labels\train\gss867_jpg.rf.afaf4ec81a449d3c7921e6abd0f43852.txt,C:\Machine Learning\projet\projet-machine-learning\dataset\images\train\gss867_jpg.rf.afaf4ec81a449d3c7921e6abd0f43852.jpg
train,gss868_jpg.rf.7d9fd3b388df6e7f042f6ef163907b19,C:\Machine Learning\projet\projet-machine-learning\dataset\labels\train\gss868_jpg.rf.7d9fd3b388df6e7f042f6ef163907b19.txt,C:\Machine Learning\projet\projet-machine-learning\dataset\images\train\gss868_jpg.rf.7d9fd3b388df6e7f042f6ef163907b19.jpg
train,gss86_jpg.rf.db60aa72089c0594fe39d9dab1cc9d1d,C:\Machine Learning\projet\projet-machine-learning\dataset\labels\train\gss86_jpg.rf.db60aa72089c0594fe39d9dab1cc9d1d.txt,C:\Machine Learning\projet\projet-machine-learning\dataset\images\train\gss86_jpg.rf.db60aa72089c0594fe39d9dab1cc9d1d.jpg
train,gss870_jpg.rf.66769ff9247d002f3a3c6a1338be5a99,C:\Machine Learning\projet\projet-machine-learning\dataset\labels\train\gss870_jpg.rf.66769ff9247d002f3a3c6a1338be5a99.txt,C:\Machine Learning\projet\projet-machine-learning\dataset\images\train\gss870_jpg.rf.66769ff9247d002f3a3c6a1338be5a99.jpg
train,gss871_jpg.rf.fc37700602cc0e5307eba3eea32f16ce,C:\Machine Learning\projet\projet-machine-learning\dataset\labels\train\gss871_jpg.rf.fc37700602cc0e5307eba3eea32f16ce.txt,C:\Machine Learning\projet\projet-machine-learning\dataset\images\train\gss871_jpg.rf.fc37700602cc0e5307eba3eea32f16ce.jpg
train,gss874_jpg.rf.f8d570c0c6f7939c4849dc719f36c54d,C:\Machine Learning\projet\projet-machine-learning\dataset\labels\train\gss874_jpg.rf.f8d570c0c6f7939c4849dc719f36c54d.txt,C:\Machine Learning\projet\projet-machine-learning\dataset\images\train\gss874_jpg.rf.f8d570c0c6f7939c4849dc719f36c54d.jpg
train,gss875_jpg.rf.6675a0864692a9e9f38c1e4d46cbe53b,C:\Machine Learning\projet\projet-machine-learning\dataset\labels\train\gss875_jpg.rf.6675a0864692a9e9f38c1e4d46cbe53b.txt,C:\Machine Learning\projet\projet-machine-learning\dataset\images\train\gss875_jpg.rf.6675a0864692a9e9f38c1e4d46cbe53b.jpg
train,gss878_jpg.rf.1fc885da11c29f0d0cfe437dc6269264,C:\Machine Learning\projet\projet-machine-learning\dataset\labels\train\gss878_jpg.rf.1fc885da11c29f0d0cfe437dc6269264.txt,C:\Machine Learning\projet\projet-machine-learning\dataset\images\train\gss878_jpg.rf.1fc885da11c29f0d0cfe437dc6269264.jpg
train,gss879_jpg.rf.d39c074d6b4d60321fc282d8c54f46fd,C:\Machine Learning\projet\projet-machine-learning\dataset\labels\train\gss879_jpg.rf.d39c074d6b4d60321fc282d8c54f46fd.txt,C:\Machine Learning\projet\projet-machine-learning\dataset\images\train\gss879_jpg.rf.d39c074d6b4d60321fc282d8c54f46fd.jpg
train,gss87_jpg.rf.e0c50d0710e54246e9bb5f3562c71dc6,C:\Machine Learning\projet\projet-machine-learning\dataset\labels\train\gss87_jpg.rf.e0c50d0710e54246e9bb5f3562c71dc6.txt,C:\Machine Learning\projet\projet-machine-learning\dataset\images\train\gss87_jpg.rf.e0c50d0710e54246e9bb5f3562c71dc6.jpg
train,gss880_jpg.rf.2ac62f40164c4f7ee82986d7e62e9ecd,C:\Machine Learning\projet\projet-machine-learning\dataset\labels\train\gss880_jpg.rf.2ac62f40164c4f7ee82986d7e62e9ecd.txt,C:\Machine Learning\projet\projet-machine-learning\dataset\images\train\gss880_jpg.rf.2ac62f40164c4f7ee82986d7e62e9ecd.jpg
train,gss883_jpg.rf.b7ee3ec1473c1ae74e9c5591ab87186f,C:\Machine Learning\projet\projet-machine-learning\dataset\labels\train\gss883_jpg.rf.b7ee3ec1473c1ae74e9c5591ab87186f.txt,C:\Machine Learning\projet\projet-machine-learning\dataset\images\train\gss883_jpg.rf.b7ee3ec1473c1ae74e9c5591ab87186f.jpg
train,gss884_jpg.rf.341b5e6813547d37baff247e504c980e,C:\Machine Learning\projet\projet-machine-learning\dataset\labels\train\gss884_jpg.rf.341b5e6813547d37baff247e504c980e.txt,C:\Machine Learning\projet\projet-machine-learning\dataset\images\train\gss884_jpg.rf.341b5e6813547d37baff247e504c980e.jpg
train,gss885_jpg.rf.64805ac6a7e1f120c40e49d314f76059,C:\Machine Learning\projet\projet-machine-learning\dataset\labels\train\gss885_jpg.rf.64805ac6a7e1f120c40e49d314f76059.txt,C:\Machine Learning\projet\projet-machine-learning\dataset\images\train\gss885_jpg.rf.64805ac6a7e1f120c40e49d314f76059.jpg
train,gss886_jpg.rf.cefa3ab50fc2d1e6d0fb71014818aec2,C:\Machine Learning\projet\projet-machine-learning\dataset\labels\train\gss886_jpg.rf.cefa3ab50fc2d1e6d0fb71014818aec2.txt,C:\Machine Learning\projet\projet-machine-learning\dataset\images\train\gss886_jpg.rf.cefa3ab50fc2d1e6d0fb71014818aec2.jpg
train,gss887_jpg.rf.8c691b73d9d21d5186cc23218d383d10,C:\Machine Learning\projet\projet-machine-learning\dataset\labels\train\gss887_jpg.rf.8c691b73d9d21d5186cc23218d383d10.txt,C:\Machine Learning\projet\projet-machine-learning\dataset\images\train\gss887_jpg.rf.8c691b73d9d21d5186cc23218d383d10.jpg
train,gss888_jpg.rf.f6082557e33628eb1241a816c9b4bef4,C:\Machine Learning\projet\projet-machine-learning\dataset\labels\train\gss888_jpg.rf.f6082557e33628eb1241a816c9b4bef4.txt,C:\Machine Learning\projet\projet-machine-learning\dataset\images\train\gss888_jpg.rf.f6082557e33628eb1241a816c9b4bef4.jpg
train,gss889_jpg.rf.4ad42ab5694104ed63e2c2ccd1331afc,C:\Machine Learning\projet\projet-machine-learning\dataset\labels\train\gss889_jpg.rf.4ad42ab5694104ed63e2c2ccd1331afc.txt,C:\Machine Learning\projet\projet-machine-learning\dataset\images\train\gss889_jpg.rf.4ad42ab5694104ed63e2c2ccd1331afc.jpg
train,gss88_jpg.rf.d0b7d15c4adc260487ae50c5dce94b01,C:\Machine Learning\projet\projet-machine-learning\dataset\labels\train\gss88_jpg.rf.d0b7d15c4adc260487ae50c5dce94b01.txt,C:\Machine Learning\projet\projet-machine-learning\dataset\images\train\gss88_jpg.rf.d0b7d15c4adc260487ae50c5dce94b01.jpg
train,gss893_jpg.rf.a21c31a67b770f062bbbe8cf29a9bf5f,C:\Machine Learning\projet\projet-machine-learning\dataset\labels\train\gss893_jpg.rf.a21c31a67b770f062bbbe8cf29a9bf5f.txt,C:\Machine Learning\projet\projet-machine-learning\dataset\images\train\gss893_jpg.rf.a21c31a67b770f062bbbe8cf29a9bf5f.jpg
train,gss894_jpg.rf.515375fa165e8e165e328cdc19ea1fd4,C:\Machine Learning\projet\projet-machine-learning\dataset\labels\train\gss894_jpg.rf.515375fa165e8e165e328cdc19ea1fd4.txt,C:\Machine Learning\projet\projet-machine-learning\dataset\images\train\gss894_jpg.rf.515375fa165e8e165e328cdc19ea1fd4.jpg
train,gss895_jpg.rf.9d29f8c8ea93bf67d5931d2b523d68d0,C:\Machine Learning\projet\projet-machine-learning\dataset\labels\train\gss895_jpg.rf.9d29f8c8ea93bf67d5931d2b523d68d0.txt,C:\Machine Learning\projet\projet-machine-learning\dataset\images\train\gss895_jpg.rf.9d29f8c8ea93bf67d5931d2b523d68d0.jpg
train,gss897_jpg.rf.0e09cd5e87fd334e7f4a0a9f3343e943,C:\Machine Learning\projet\projet-machine-learning\dataset\labels\train\gss897_jpg.rf.0e09cd5e87fd334e7f4a0a9f3343e943.txt,C:\Machine Learning\projet\projet-machine-learning\dataset\images\train\gss897_jpg.rf.0e09cd5e87fd334e7f4a0a9f3343e943.jpg
train,gss898_jpg.rf.29d6c951b71786b90a3fcf8b31b40129,C:\Machine Learning\projet\projet-machine-learning\dataset\labels\train\gss898_jpg.rf.29d6c951b71786b90a3fcf8b31b40129.txt,C:\Machine Learning\projet\projet-machine-learning\dataset\images\train\gss898_jpg.rf.29d6c951b71786b90a3fcf8b31b40129.jpg
train,gss89_jpg.rf.c2d65f0a5cc69c4e741b157b3e180b1b,C:\Machine Learning\projet\projet-machine-learning\dataset\labels\train\gss89_jpg.rf.c2d65f0a5cc69c4e741b157b3e180b1b.txt,C:\Machine Learning\projet\projet-machine-learning\dataset\images\train\gss89_jpg.rf.c2d65f0a5cc69c4e741b157b3e180b1b.jpg
train,gss900_jpg.rf.988220222ce902290e8ea01b5bd73d33,C:\Machine Learning\projet\projet-machine-learning\dataset\labels\train\gss900_jpg.rf.988220222ce902290e8ea01b5bd73d33.txt,C:\Machine Learning\projet\projet-machine-learning\dataset\images\train\gss900_jpg.rf.988220222ce902290e8ea01b5bd73d33.jpg
train,gss901_jpg.rf.887919118161dcfb82335058de84ee8f,C:\Machine Learning\projet\projet-machine-learning\dataset\labels\train\gss901_jpg.rf.887919118161dcfb82335058de84ee8f.txt,C:\Machine Learning\projet\projet-machine-learning\dataset\images\train\gss901_jpg.rf.887919118161dcfb82335058de84ee8f.jpg
train,gss902_jpg.rf.111cb1351bf944e06f888060206b9a33,C:\Machine Learning\projet\projet-machine-learning\dataset\labels\train\gss902_jpg.rf.111cb1351bf944e06f888060206b9a33.txt,C:\Machine Learning\projet\projet-machine-learning\dataset\images\train\gss902_jpg.rf.111cb1351bf944e06f888060206b9a33.jpg
train,gss903_jpg.rf.2be70a6a19638bdc455823cb93667815,C:\Machine Learning\projet\projet-machine-learning\dataset\labels\train\gss903_jpg.rf.2be70a6a19638bdc455823cb93667815.txt,C:\Machine Learning\projet\projet-machine-learning\dataset\images\train\gss903_jpg.rf.2be70a6a19638bdc455823cb93667815.jpg
train,gss904_jpg.rf.656fa7ff2809c8b90d5e71270648b5ed,C:\Machine Learning\projet\projet-machine-learning\dataset\labels\train\gss904_jpg.rf.656fa7ff2809c8b90d5e71270648b5ed.txt,C:\Machine Learning\projet\projet-machine-learning\dataset\images\train\gss904_jpg.rf.656fa7ff2809c8b90d5e71270648b5ed.jpg
train,gss905_jpg.rf.2cd74428aacc5e88c9b131d0ffc9131b,C:\Machine Learning\projet\projet-machine-learning\dataset\labels\train\gss905_jpg.rf.2cd74428aacc5e88c9b131d0ffc9131b.txt,C:\Machine Learning\projet\projet-machine-learning\dataset\images\train\gss905_jpg.rf.2cd74428aacc5e88c9b131d0ffc9131b.jpg
train,gss908_jpg.rf.a0fbf68affc58f5e61f84b623bb3b412,C:\Machine Learning\projet\projet-machine-learning\dataset\labels\train\gss908_jpg.rf.a0fbf68affc58f5e61f84b623bb3b412.txt,C:\Machine Learning\projet\projet-machine-learning\dataset\images\train\gss908_jpg.rf.a0fbf68affc58f5e61f84b623bb3b412.jpg
train,gss909_jpg.rf.8cfd36ef192951a81982976a925b7f1c,C:\Machine Learning\projet\projet-machine-learning\dataset\labels\train\gss909_jpg.rf.8cfd36ef192951a81982976a925b7f1c.txt,C:\Machine Learning\projet\projet-machine-learning\dataset\images\train\gss909_jpg.rf.8cfd36ef192951a81982976a925b7f1c.jpg
train,gss910_jpg.rf.3543f4f50a6d443177da0961be2fc340,C:\Machine Learning\projet\projet-machine-learning\dataset\labels\train\gss910_jpg.rf.3543f4f50a6d443177da0961be2fc340.txt,C:\Machine Learning\projet\projet-machine-learning\dataset\images\train\gss910_jpg.rf.3543f4f50a6d443177da0961be2fc340.jpg
train,gss912_jpg.rf.cbb560bcbaa00d258c2762dfec074b1b,C:\Machine Learning\projet\projet-machine-learning\dataset\labels\train\gss912_jpg.rf.cbb560bcbaa00d258c2762dfec074b1b.txt,C:\Machine Learning\projet\projet-machine-learning\dataset\images\train\gss912_jpg.rf.cbb560bcbaa00d258c2762dfec074b1b.jpg
train,gss914_jpg.rf.5387d623d48d137ed2ddc0a50dd13646,C:\Machine Learning\projet\projet-machine-learning\dataset\labels\train\gss914_jpg.rf.5387d623d48d137ed2ddc0a50dd13646.txt,C:\Machine Learning\projet\projet-machine-learning\dataset\images\train\gss914_jpg.rf.5387d623d48d137ed2ddc0a50dd13646.jpg
train,gss915_jpg.rf.7aaa0a51fb11bb995259d8c456cac80f,C:\Machine Learning\projet\projet-machine-learning\dataset\labels\train\gss915_jpg.rf.7aaa0a51fb11bb995259d8c456cac80f.txt,C:\Machine Learning\projet\projet-machine-learning\dataset\images\train\gss915_jpg.rf.7aaa0a51fb11bb995259d8c456cac80f.jpg
train,gss917_jpg.rf.8140e913a9c2df7446d452fa199aeb16,C:\Machine Learning\projet\projet-machine-learning\dataset\labels\train\gss917_jpg.rf.8140e913a9c2df7446d452fa199aeb16.txt,C:\Machine Learning\projet\projet-machine-learning\dataset\images\train\gss917_jpg.rf.8140e913a9c2df7446d452fa199aeb16.jpg
train,gss918_jpg.rf.be9046a2751539df0e3805135ca3f5a0,C:\Machine Learning\projet\projet-machine-learning\dataset\labels\train\gss918_jpg.rf.be9046a2751539df0e3805135ca3f5a0.txt,C:\Machine Learning\projet\projet-machine-learning\dataset\images\train\gss918_jpg.rf.be9046a2751539df0e3805135ca3f5a0.jpg
train,gss919_jpg.rf.2f7f68c8be327ca8d05ababfc429a827,C:\Machine Learning\projet\projet-machine-learning\dataset\labels\train\gss919_jpg.rf.2f7f68c8be327ca8d05ababfc429a827.txt,C:\Machine Learning\projet\projet-machine-learning\dataset\images\train\gss919_jpg.rf.2f7f68c8be327ca8d05ababfc429a827.jpg
train,gss920_jpg.rf.3e60701a5a9d07d543577ac9b025ac28,C:\Machine Learning\projet\projet-machine-learning\dataset\labels\train\gss920_jpg.rf.3e60701a5a9d07d543577ac9b025ac28.txt,C:\Machine Learning\projet\projet-machine-learning\dataset\images\train\gss920_jpg.rf.3e60701a5a9d07d543577ac9b025ac28.jpg
train,gss921_jpg.rf.ad7e121297955f77a6839319467991de,C:\Machine Learning\projet\projet-machine-learning\dataset\labels\train\gss921_jpg.rf.ad7e121297955f77a6839319467991de.txt,C:\Machine Learning\projet\projet-machine-learning\dataset\images\train\gss921_jpg.rf.ad7e121297955f77a6839319467991de.jpg
train,gss923_jpg.rf.52ef5ebd951c61ae65654dcbccf2602f,C:\Machine Learning\projet\projet-machine-learning\dataset\labels\train\gss923_jpg.rf.52ef5ebd951c61ae65654dcbccf2602f.txt,C:\Machine Learning\projet\projet-machine-learning\dataset\images\train\gss923_jpg.rf.52ef5ebd951c61ae65654dcbccf2602f.jpg
train,gss924_jpg.rf.c734ec7148c828b7192ca30c595c21fc,C:\Machine Learning\projet\projet-machine-learning\dataset\labels\train\gss924_jpg.rf.c734ec7148c828b7192ca30c595c21fc.txt,C:\Machine Learning\projet\projet-machine-learning\dataset\images\train\gss924_jpg.rf.c734ec7148c828b7192ca30c595c21fc.jpg
train,gss925_jpg.rf.21c3242297b0208e92647cbcc4c7a667,C:\Machine Learning\projet\projet-machine-learning\dataset\labels\train\gss925_jpg.rf.21c3242297b0208e92647cbcc4c7a667.txt,C:\Machine Learning\projet\projet-machine-learning\dataset\images\train\gss925_jpg.rf.21c3242297b0208e92647cbcc4c7a667.jpg
train,gss926_jpg.rf.fa958f98df90b8a1b78b6b590b691003,C:\Machine Learning\projet\projet-machine-learning\dataset\labels\train\gss926_jpg.rf.fa958f98df90b8a1b78b6b590b691003.txt,C:\Machine Learning\projet\projet-machine-learning\dataset\images\train\gss926_jpg.rf.fa958f98df90b8a1b78b6b590b691003.jpg
train,gss927_jpg.rf.3e027cfc060788174a4f110a85fe2702,C:\Machine Learning\projet\projet-machine-learning\dataset\labels\train\gss927_jpg.rf.3e027cfc060788174a4f110a85fe2702.txt,C:\Machine Learning\projet\projet-machine-learning\dataset\images\train\gss927_jpg.rf.3e027cfc060788174a4f110a85fe2702.jpg
train,gss928_jpg.rf.557afb0d664ba8ddff9017f9d2530aa4,C:\Machine Learning\projet\projet-machine-learning\dataset\labels\train\gss928_jpg.rf.557afb0d664ba8ddff9017f9d2530aa4.txt,C:\Machine Learning\projet\projet-machine-learning\dataset\images\train\gss928_jpg.rf.557afb0d664ba8ddff9017f9d2530aa4.jpg
train,gss92_jpg.rf.ab1071fd4f721cb917d666afa335b3ec,C:\Machine Learning\projet\projet-machine-learning\dataset\labels\train\gss92_jpg.rf.ab1071fd4f721cb917d666afa335b3ec.txt,C:\Machine Learning\projet\projet-machine-learning\dataset\images\train\gss92_jpg.rf.ab1071fd4f721cb917d666afa335b3ec.jpg
train,gss931_jpg.rf.8179ef1ef3ecaa25677304c432d2a60d,C:\Machine Learning\projet\projet-machine-learning\dataset\labels\train\gss931_jpg.rf.8179ef1ef3ecaa25677304c432d2a60d.txt,C:\Machine Learning\projet\projet-machine-learning\dataset\images\train\gss931_jpg.rf.8179ef1ef3ecaa25677304c432d2a60d.jpg
train,gss933_jpg.rf.00b505f8165d42ddede434d041335a72,C:\Machine Learning\projet\projet-machine-learning\dataset\labels\train\gss933_jpg.rf.00b505f8165d42ddede434d041335a72.txt,C:\Machine Learning\projet\projet-machine-learning\dataset\images\train\gss933_jpg.rf.00b505f8165d42ddede434d041335a72.jpg
train,gss934_jpg.rf.b9c913a8ff55992bec4ddc3d87ba78cd,C:\Machine Learning\projet\projet-machine-learning\dataset\labels\train\gss934_jpg.rf.b9c913a8ff55992bec4ddc3d87ba78cd.txt,C:\Machine Learning\projet\projet-machine-learning\dataset\images\train\gss934_jpg.rf.b9c913a8ff55992bec4ddc3d87ba78cd.jpg
train,gss935_jpg.rf.399b73977a3368937a1854c7d446d4b9,C:\Machine Learning\projet\projet-machine-learning\dataset\labels\train\gss935_jpg.rf.399b73977a3368937a1854c7d446d4b9.txt,C:\Machine Learning\projet\projet-machine-learning\dataset\images\train\gss935_jpg.rf.399b73977a3368937a1854c7d446d4b9.jpg
train,gss936_jpg.rf.6b3bd5fcb5cfb652679b844a52ad1f29,C:\Machine Learning\projet\projet-machine-learning\dataset\labels\train\gss936_jpg.rf.6b3bd5fcb5cfb652679b844a52ad1f29.txt,C:\Machine Learning\projet\projet-machine-learning\dataset\images\train\gss936_jpg.rf.6b3bd5fcb5cfb652679b844a52ad1f29.jpg
train,gss937_jpg.rf.64b5ac26049ee8423732e750791643dc,C:\Machine Learning\projet\projet-machine-learning\dataset\labels\train\gss937_jpg.rf.64b5ac26049ee8423732e750791643dc.txt,C:\Machine Learning\projet\projet-machine-learning\dataset\images\train\gss937_jpg.rf.64b5ac26049ee8423732e750791643dc.jpg
train,gss938_jpg.rf.61a7c82c8c8b483eb64a2582c65e7bb7,C:\Machine Learning\projet\projet-machine-learning\dataset\labels\train\gss938_jpg.rf.61a7c82c8c8b483eb64a2582c65e7bb7.txt,C:\Machine Learning\projet\projet-machine-learning\dataset\images\train\gss938_jpg.rf.61a7c82c8c8b483eb64a2582c65e7bb7.jpg
train,gss939_jpg.rf.4e8f44166a28e5e1a356a992e5267d94,C:\Machine Learning\projet\projet-machine-learning\dataset\labels\train\gss939_jpg.rf.4e8f44166a28e5e1a356a992e5267d94.txt,C:\Machine Learning\projet\projet-machine-learning\dataset\images\train\gss939_jpg.rf.4e8f44166a28e5e1a356a992e5267d94.jpg
train,gss93_jpg.rf.c5b1881a73e26a8f99e282ac8cef1aeb,C:\Machine Learning\projet\projet-machine-learning\dataset\labels\train\gss93_jpg.rf.c5b1881a73e26a8f99e282ac8cef1aeb.txt,C:\Machine Learning\projet\projet-machine-learning\dataset\images\train\gss93_jpg.rf.c5b1881a73e26a8f99e282ac8cef1aeb.jpg
train,gss940_jpg.rf.9dc030a7cdcbc61f4dd3c4a65bace3b0,C:\Machine Learning\projet\projet-machine-learning\dataset\labels\train\gss940_jpg.rf.9dc030a7cdcbc61f4dd3c4a65bace3b0.txt,C:\Machine Learning\projet\projet-machine-learning\dataset\images\train\gss940_jpg.rf.9dc030a7cdcbc61f4dd3c4a65bace3b0.jpg
train,gss941_jpg.rf.de92ac12bf943caff0ea8ddac56eec37,C:\Machine Learning\projet\projet-machine-learning\dataset\labels\train\gss941_jpg.rf.de92ac12bf943caff0ea8ddac56eec37.txt,C:\Machine Learning\projet\projet-machine-learning\dataset\images\train\gss941_jpg.rf.de92ac12bf943caff0ea8ddac56eec37.jpg
train,gss943_jpg.rf.fcdc8b34f9cc79fe60658b40a763e794,C:\Machine Learning\projet\projet-machine-learning\dataset\labels\train\gss943_jpg.rf.fcdc8b34f9cc79fe60658b40a763e794.txt,C:\Machine Learning\projet\projet-machine-learning\dataset\images\train\gss943_jpg.rf.fcdc8b34f9cc79fe60658b40a763e794.jpg
train,gss945_jpg.rf.ce1f502561a27ff7576ffdff56185789,C:\Machine Learning\projet\projet-machine-learning\dataset\labels\train\gss945_jpg.rf.ce1f502561a27ff7576ffdff56185789.txt,C:\Machine Learning\projet\projet-machine-learning\dataset\images\train\gss945_jpg.rf.ce1f502561a27ff7576ffdff56185789.jpg
train,gss946_jpg.rf.12cfa59c0a92b9242f24cb80dae4b824,C:\Machine Learning\projet\projet-machine-learning\dataset\labels\train\gss946_jpg.rf.12cfa59c0a92b9242f24cb80dae4b824.txt,C:\Machine Learning\projet\projet-machine-learning\dataset\images\train\gss946_jpg.rf.12cfa59c0a92b9242f24cb80dae4b824.jpg
train,gss947_jpg.rf.b4dee27478ddce9b759f16f2e6eb7ffc,C:\Machine Learning\projet\projet-machine-learning\dataset\labels\train\gss947_jpg.rf.b4dee27478ddce9b759f16f2e6eb7ffc.txt,C:\Machine Learning\projet\projet-machine-learning\dataset\images\train\gss947_jpg.rf.b4dee27478ddce9b759f16f2e6eb7ffc.jpg
train,gss949_jpg.rf.eee96a9edea41ad35583afbf823a8165,C:\Machine Learning\projet\projet-machine-learning\dataset\labels\train\gss949_jpg.rf.eee96a9edea41ad35583afbf823a8165.txt,C:\Machine Learning\projet\projet-machine-learning\dataset\images\train\gss949_jpg.rf.eee96a9edea41ad35583afbf823a8165.jpg
train,gss94_jpg.rf.e3bca1f19515e4b872999e93d7ceb82b,C:\Machine Learning\projet\projet-machine-learning\dataset\labels\train\gss94_jpg.rf.e3bca1f19515e4b872999e93d7ceb82b.txt,C:\Machine Learning\projet\projet-machine-learning\dataset\images\train\gss94_jpg.rf.e3bca1f19515e4b872999e93d7ceb82b.jpg
train,gss951_jpg.rf.43c4b7b2fa0eaf0dffdb449469bff2f0,C:\Machine Learning\projet\projet-machine-learning\dataset\labels\train\gss951_jpg.rf.43c4b7b2fa0eaf0dffdb449469bff2f0.txt,C:\Machine Learning\projet\projet-machine-learning\dataset\images\train\gss951_jpg.rf.43c4b7b2fa0eaf0dffdb449469bff2f0.jpg
train,gss952_jpg.rf.b7588d68516c919acf0c920578a1ed98,C:\Machine Learning\projet\projet-machine-learning\dataset\labels\train\gss952_jpg.rf.b7588d68516c919acf0c920578a1ed98.txt,C:\Machine Learning\projet\projet-machine-learning\dataset\images\train\gss952_jpg.rf.b7588d68516c919acf0c920578a1ed98.jpg
train,gss953_jpg.rf.39918251bb1e7b6db783f25eab245f31,C:\Machine Learning\projet\projet-machine-learning\dataset\labels\train\gss953_jpg.rf.39918251bb1e7b6db783f25eab245f31.txt,C:\Machine Learning\projet\projet-machine-learning\dataset\images\train\gss953_jpg.rf.39918251bb1e7b6db783f25eab245f31.jpg
train,gss956_jpg.rf.df05a898c6d9c179f70cdcf26e443edb,C:\Machine Learning\projet\projet-machine-learning\dataset\labels\train\gss956_jpg.rf.df05a898c6d9c179f70cdcf26e443edb.txt,C:\Machine Learning\projet\projet-machine-learning\dataset\images\train\gss956_jpg.rf.df05a898c6d9c179f70cdcf26e443edb.jpg
train,gss957_jpg.rf.70715dd81259b7d6a8723bcae79ce623,C:\Machine Learning\projet\projet-machine-learning\dataset\labels\train\gss957_jpg.rf.70715dd81259b7d6a8723bcae79ce623.txt,C:\Machine Learning\projet\projet-machine-learning\dataset\images\train\gss957_jpg.rf.70715dd81259b7d6a8723bcae79ce623.jpg
train,gss960_jpg.rf.742001cf6c60b0a58a4e5071ccf958dc,C:\Machine Learning\projet\projet-machine-learning\dataset\labels\train\gss960_jpg.rf.742001cf6c60b0a58a4e5071ccf958dc.txt,C:\Machine Learning\projet\projet-machine-learning\dataset\images\train\gss960_jpg.rf.742001cf6c60b0a58a4e5071ccf958dc.jpg
train,gss961_jpg.rf.c8502938a797f058da76d9b81a95804f,C:\Machine Learning\projet\projet-machine-learning\dataset\labels\train\gss961_jpg.rf.c8502938a797f058da76d9b81a95804f.txt,C:\Machine Learning\projet\projet-machine-learning\dataset\images\train\gss961_jpg.rf.c8502938a797f058da76d9b81a95804f.jpg
train,gss962_jpg.rf.bbfa623632b480117ff926fe3aaa84bc,C:\Machine Learning\projet\projet-machine-learning\dataset\labels\train\gss962_jpg.rf.bbfa623632b480117ff926fe3aaa84bc.txt,C:\Machine Learning\projet\projet-machine-learning\dataset\images\train\gss962_jpg.rf.bbfa623632b480117ff926fe3aaa84bc.jpg
train,gss964_jpg.rf.bff259fc75be14441a5cc0d1c0e48c58,C:\Machine Learning\projet\projet-machine-learning\dataset\labels\train\gss964_jpg.rf.bff259fc75be14441a5cc0d1c0e48c58.txt,C:\Machine Learning\projet\projet-machine-learning\dataset\images\train\gss964_jpg.rf.bff259fc75be14441a5cc0d1c0e48c58.jpg
train,gss965_jpg.rf.cb5e00d7b6593b0f6de7d548ee792627,C:\Machine Learning\projet\projet-machine-learning\dataset\labels\train\gss965_jpg.rf.cb5e00d7b6593b0f6de7d548ee792627.txt,C:\Machine Learning\projet\projet-machine-learning\dataset\images\train\gss965_jpg.rf.cb5e00d7b6593b0f6de7d548ee792627.jpg
train,gss966_jpg.rf.431fd5880ff573213bcc54cb432e7c70,C:\Machine Learning\projet\projet-machine-learning\dataset\labels\train\gss966_jpg.rf.431fd5880ff573213bcc54cb432e7c70.txt,C:\Machine Learning\projet\projet-machine-learning\dataset\images\train\gss966_jpg.rf.431fd5880ff573213bcc54cb432e7c70.jpg
train,gss971_jpg.rf.db5e71462b3d1332cc3a56cf4f6b8bd5,C:\Machine Learning\projet\projet-machine-learning\dataset\labels\train\gss971_jpg.rf.db5e71462b3d1332cc3a56cf4f6b8bd5.txt,C:\Machine Learning\projet\projet-machine-learning\dataset\images\train\gss971_jpg.rf.db5e71462b3d1332cc3a56cf4f6b8bd5.jpg
train,gss972_jpg.rf.cc9903700d29b32f5f3ddb7eaee0559e,C:\Machine Learning\projet\projet-machine-learning\dataset\labels\train\gss972_jpg.rf.cc9903700d29b32f5f3ddb7eaee0559e.txt,C:\Machine Learning\projet\projet-machine-learning\dataset\images\train\gss972_jpg.rf.cc9903700d29b32f5f3ddb7eaee0559e.jpg
train,gss99_jpg.rf.effc4a56720b233df9c6c812fe7a0564,C:\Machine Learning\projet\projet-machine-learning\dataset\labels\train\gss99_jpg.rf.effc4a56720b233df9c6c812fe7a0564.txt,C:\Machine Learning\projet\projet-machine-learning\dataset\images\train\gss99_jpg.rf.effc4a56720b233df9c6c812fe7a0564.jpg
train,gss9_jpg.rf.8156766bc0fa5239560da4886e1912ee,C:\Machine Learning\projet\projet-machine-learning\dataset\labels\train\gss9_jpg.rf.8156766bc0fa5239560da4886e1912ee.txt,C:\Machine Learning\projet\projet-machine-learning\dataset\images\train\gss9_jpg.rf.8156766bc0fa5239560da4886e1912ee.jpg
valid,gss1015_jpg.rf.fe10e86611924a93a0ab311a93dc8c27,C:\Machine Learning\projet\projet-machine-learning\dataset\labels\valid\gss1015_jpg.rf.fe10e86611924a93a0ab311a93dc8c27.txt,C:\Machine Learning\projet\projet-machine-learning\dataset\images\valid\gss1015_jpg.rf.fe10e86611924a93a0ab311a93dc8c27.jpg
valid,gss1019_jpg.rf.d616261d774cd4bf253bc5aba0979bbd,C:\Machine Learning\projet\projet-machine-learning\dataset\labels\valid\gss1019_jpg.rf.d616261d774cd4bf253bc5aba0979bbd.txt,C:\Machine Learning\projet\projet-machine-learning\dataset\images\valid\gss1019_jpg.rf.d616261d774cd4bf253bc5aba0979bbd.jpg
valid,gss101_jpg.rf.685221af212a437d740f178a68e57a6c,C:\Machine Learning\projet\projet-machine-learning\dataset\labels\valid\gss101_jpg.rf.685221af212a437d740f178a68e57a6c.txt,C:\Machine Learning\projet\projet-machine-learning\dataset\images\valid\gss101_jpg.rf.685221af212a437d740f178a68e57a6c.jpg
valid,gss1020_jpg.rf.b4206c20a7f5084cecf05d4c7bfb0400,C:\Machine Learning\projet\projet-machine-learning\dataset\labels\valid\gss1020_jpg.rf.b4206c20a7f5084cecf05d4c7bfb0400.txt,C:\Machine Learning\projet\projet-machine-learning\dataset\images\valid\gss1020_jpg.rf.b4206c20a7f5084cecf05d4c7bfb0400.jpg
valid,gss1024_jpg.rf.612fa3355294d4d182e7bc826e3ecb82,C:\Machine Learning\projet\projet-machine-learning\dataset\labels\valid\gss1024_jpg.rf.612fa3355294d4d182e7bc826e3ecb82.txt,C:\Machine Learning\projet\projet-machine-learning\dataset\images\valid\gss1024_jpg.rf.612fa3355294d4d182e7bc826e3ecb82.jpg
valid,gss1028_jpg.rf.9eca7ea88dbb4d21588fdd226aea66a1,C:\Machine Learning\projet\projet-machine-learning\dataset\labels\valid\gss1028_jpg.rf.9eca7ea88dbb4d21588fdd226aea66a1.txt,C:\Machine Learning\projet\projet-machine-learning\dataset\images\valid\gss1028_jpg.rf.9eca7ea88dbb4d21588fdd226aea66a1.jpg
valid,gss102_jpg.rf.4ef4bb96d7ce61c7e1e2b2434ecac10b,C:\Machine Learning\projet\projet-machine-learning\dataset\labels\valid\gss102_jpg.rf.4ef4bb96d7ce61c7e1e2b2434ecac10b.txt,C:\Machine Learning\projet\projet-machine-learning\dataset\images\valid\gss102_jpg.rf.4ef4bb96d7ce61c7e1e2b2434ecac10b.jpg
valid,gss1032_jpg.rf.7a3512a0a35e439a64fed886cec93037,C:\Machine Learning\projet\projet-machine-learning\dataset\labels\valid\gss1032_jpg.rf.7a3512a0a35e439a64fed886cec93037.txt,C:\Machine Learning\projet\projet-machine-learning\dataset\images\valid\gss1032_jpg.rf.7a3512a0a35e439a64fed886cec93037.jpg
valid,gss1035_jpg.rf.0b86383b3129aa06ffca7f431b257d0f,C:\Machine Learning\projet\projet-machine-learning\dataset\labels\valid\gss1035_jpg.rf.0b86383b3129aa06ffca7f431b257d0f.txt,C:\Machine Learning\projet\projet-machine-learning\dataset\images\valid\gss1035_jpg.rf.0b86383b3129aa06ffca7f431b257d0f.jpg
valid,gss1038_jpg.rf.85200bfc0eb2a82178e6fa0291f3ebff,C:\Machine Learning\projet\projet-machine-learning\dataset\labels\valid\gss1038_jpg.rf.85200bfc0eb2a82178e6fa0291f3ebff.txt,C:\Machine Learning\projet\projet-machine-learning\dataset\images\valid\gss1038_jpg.rf.85200bfc0eb2a82178e6fa0291f3ebff.jpg
valid,gss1040_jpg.rf.e72726453fbe24fb72ee3efbe197007b,C:\Machine Learning\projet\projet-machine-learning\dataset\labels\valid\gss1040_jpg.rf.e72726453fbe24fb72ee3efbe197007b.txt,C:\Machine Learning\projet\projet-machine-learning\dataset\images\valid\gss1040_jpg.rf.e72726453fbe24fb72ee3efbe197007b.jpg
valid,gss1047_jpg.rf.bd30e8efb81b457c567fb7681c7540aa,C:\Machine Learning\projet\projet-machine-learning\dataset\labels\valid\gss1047_jpg.rf.bd30e8efb81b457c567fb7681c7540aa.txt,C:\Machine Learning\projet\projet-machine-learning\dataset\images\valid\gss1047_jpg.rf.bd30e8efb81b457c567fb7681c7540aa.jpg
valid,gss1057_jpg.rf.53d2669a5b28891ae64f238ab6652f90,C:\Machine Learning\projet\projet-machine-learning\dataset\labels\valid\gss1057_jpg.rf.53d2669a5b28891ae64f238ab6652f90.txt,C:\Machine Learning\projet\projet-machine-learning\dataset\images\valid\gss1057_jpg.rf.53d2669a5b28891ae64f238ab6652f90.jpg
valid,gss105_jpg.rf.8f5816e8bdeb0f275aad08c2f38d896e,C:\Machine Learning\projet\projet-machine-learning\dataset\labels\valid\gss105_jpg.rf.8f5816e8bdeb0f275aad08c2f38d896e.txt,C:\Machine Learning\projet\projet-machine-learning\dataset\images\valid\gss105_jpg.rf.8f5816e8bdeb0f275aad08c2f38d896e.jpg
valid,gss1062_jpg.rf.e998158da11de4773d09e2eb07189581,C:\Machine Learning\projet\projet-machine-learning\dataset\labels\valid\gss1062_jpg.rf.e998158da11de4773d09e2eb07189581.txt,C:\Machine Learning\projet\projet-machine-learning\dataset\images\valid\gss1062_jpg.rf.e998158da11de4773d09e2eb07189581.jpg
valid,gss1066_jpg.rf.da946c28e8ed16e5a57c0abd8d85b56c,C:\Machine Learning\projet\projet-machine-learning\dataset\labels\valid\gss1066_jpg.rf.da946c28e8ed16e5a57c0abd8d85b56c.txt,C:\Machine Learning\projet\projet-machine-learning\dataset\images\valid\gss1066_jpg.rf.da946c28e8ed16e5a57c0abd8d85b56c.jpg
valid,gss1067_jpg.rf.3cd186289c66753cb97e9de3ff5794d7,C:\Machine Learning\projet\projet-machine-learning\dataset\labels\valid\gss1067_jpg.rf.3cd186289c66753cb97e9de3ff5794d7.txt,C:\Machine Learning\projet\projet-machine-learning\dataset\images\valid\gss1067_jpg.rf.3cd186289c66753cb97e9de3ff5794d7.jpg
valid,gss1076_jpg.rf.eeafdcffef693647c78c783769f5ab53,C:\Machine Learning\projet\projet-machine-learning\dataset\labels\valid\gss1076_jpg.rf.eeafdcffef693647c78c783769f5ab53.txt,C:\Machine Learning\projet\projet-machine-learning\dataset\images\valid\gss1076_jpg.rf.eeafdcffef693647c78c783769f5ab53.jpg
valid,gss107_jpg.rf.d5fad7a74afeb72def1ea51ae3e4419a,C:\Machine Learning\projet\projet-machine-learning\dataset\labels\valid\gss107_jpg.rf.d5fad7a74afeb72def1ea51ae3e4419a.txt,C:\Machine Learning\projet\projet-machine-learning\dataset\images\valid\gss107_jpg.rf.d5fad7a74afeb72def1ea51ae3e4419a.jpg
valid,gss1086_jpg.rf.6e6d3c1101136f1ba89d77ba817c144b,C:\Machine Learning\projet\projet-machine-learning\dataset\labels\valid\gss1086_jpg.rf.6e6d3c1101136f1ba89d77ba817c144b.txt,C:\Machine Learning\projet\projet-machine-learning\dataset\images\valid\gss1086_jpg.rf.6e6d3c1101136f1ba89d77ba817c144b.jpg
valid,gss1087_jpg.rf.cfa430284dc61b9970978d65debb31fd,C:\Machine Learning\projet\projet-machine-learning\dataset\labels\valid\gss1087_jpg.rf.cfa430284dc61b9970978d65debb31fd.txt,C:\Machine Learning\projet\projet-machine-learning\dataset\images\valid\gss1087_jpg.rf.cfa430284dc61b9970978d65debb31fd.jpg
valid,gss1094_jpg.rf.65bb8c628b41d3326569605086350155,C:\Machine Learning\projet\projet-machine-learning\dataset\labels\valid\gss1094_jpg.rf.65bb8c628b41d3326569605086350155.txt,C:\Machine Learning\projet\projet-machine-learning\dataset\images\valid\gss1094_jpg.rf.65bb8c628b41d3326569605086350155.jpg
valid,gss1111_jpg.rf.ce0d4b7a29b1aa5a42d388d65f751bec,C:\Machine Learning\projet\projet-machine-learning\dataset\labels\valid\gss1111_jpg.rf.ce0d4b7a29b1aa5a42d388d65f751bec.txt,C:\Machine Learning\projet\projet-machine-learning\dataset\images\valid\gss1111_jpg.rf.ce0d4b7a29b1aa5a42d388d65f751bec.jpg
valid,gss1120_jpg.rf.fbeb042e8fd6d738bb560d161aae7c5a,C:\Machine Learning\projet\projet-machine-learning\dataset\labels\valid\gss1120_jpg.rf.fbeb042e8fd6d738bb560d161aae7c5a.txt,C:\Machine Learning\projet\projet-machine-learning\dataset\images\valid\gss1120_jpg.rf.fbeb042e8fd6d738bb560d161aae7c5a.jpg
valid,gss1123_jpg.rf.945d5e27a80420bc82baefb4ba9620d1,C:\Machine Learning\projet\projet-machine-learning\dataset\labels\valid\gss1123_jpg.rf.945d5e27a80420bc82baefb4ba9620d1.txt,C:\Machine Learning\projet\projet-machine-learning\dataset\images\valid\gss1123_jpg.rf.945d5e27a80420bc82baefb4ba9620d1.jpg
valid,gss1129_jpg.rf.8bca1a9569abd32558617f3a4dc322d8,C:\Machine Learning\projet\projet-machine-learning\dataset\labels\valid\gss1129_jpg.rf.8bca1a9569abd32558617f3a4dc322d8.txt,C:\Machine Learning\projet\projet-machine-learning\dataset\images\valid\gss1129_jpg.rf.8bca1a9569abd32558617f3a4dc322d8.jpg
valid,gss1138_jpg.rf.544aa5b232153c73bd429b46221054cd,C:\Machine Learning\projet\projet-machine-learning\dataset\labels\valid\gss1138_jpg.rf.544aa5b232153c73bd429b46221054cd.txt,C:\Machine Learning\projet\projet-machine-learning\dataset\images\valid\gss1138_jpg.rf.544aa5b232153c73bd429b46221054cd.jpg
valid,gss1139_jpg.rf.463649ccb621864b0be4db656c6361fa,C:\Machine Learning\projet\projet-machine-learning\dataset\labels\valid\gss1139_jpg.rf.463649ccb621864b0be4db656c6361fa.txt,C:\Machine Learning\projet\projet-machine-learning\dataset\images\valid\gss1139_jpg.rf.463649ccb621864b0be4db656c6361fa.jpg
valid,gss1149_jpg.rf.ddcefb24b9acc274bbb3e6fa1889d0f4,C:\Machine Learning\projet\projet-machine-learning\dataset\labels\valid\gss1149_jpg.rf.ddcefb24b9acc274bbb3e6fa1889d0f4.txt,C:\Machine Learning\projet\projet-machine-learning\dataset\images\valid\gss1149_jpg.rf.ddcefb24b9acc274bbb3e6fa1889d0f4.jpg
valid,gss114_jpg.rf.dc4d4a0f322eacae1f8a5182baa4d80f,C:\Machine Learning\projet\projet-machine-learning\dataset\labels\valid\gss114_jpg.rf.dc4d4a0f322eacae1f8a5182baa4d80f.txt,C:\Machine Learning\projet\projet-machine-learning\dataset\images\valid\gss114_jpg.rf.dc4d4a0f322eacae1f8a5182baa4d80f.jpg
valid,gss1152_jpg.rf.42a3e495ba3884545b0f6c99f810bf58,C:\Machine Learning\projet\projet-machine-learning\dataset\labels\valid\gss1152_jpg.rf.42a3e495ba3884545b0f6c99f810bf58.txt,C:\Machine Learning\projet\projet-machine-learning\dataset\images\valid\gss1152_jpg.rf.42a3e495ba3884545b0f6c99f810bf58.jpg
valid,gss1154_jpg.rf.2da0574e220a23b4627ac23e0caa2ae4,C:\Machine Learning\projet\projet-machine-learning\dataset\labels\valid\gss1154_jpg.rf.2da0574e220a23b4627ac23e0caa2ae4.txt,C:\Machine Learning\projet\projet-machine-learning\dataset\images\valid\gss1154_jpg.rf.2da0574e220a23b4627ac23e0caa2ae4.jpg
valid,gss1157_jpg.rf.1db8da946ffe1db9817a25b359c03a23,C:\Machine Learning\projet\projet-machine-learning\dataset\labels\valid\gss1157_jpg.rf.1db8da946ffe1db9817a25b359c03a23.txt,C:\Machine Learning\projet\projet-machine-learning\dataset\images\valid\gss1157_jpg.rf.1db8da946ffe1db9817a25b359c03a23.jpg
valid,gss117_jpg.rf.74a7a37dc83d49271a7b06f545b786cc,C:\Machine Learning\projet\projet-machine-learning\dataset\labels\valid\gss117_jpg.rf.74a7a37dc83d49271a7b06f545b786cc.txt,C:\Machine Learning\projet\projet-machine-learning\dataset\images\valid\gss117_jpg.rf.74a7a37dc83d49271a7b06f545b786cc.jpg
valid,gss1180_jpg.rf.a54d4f0d2f2fe6e0433cb91566cccb11,C:\Machine Learning\projet\projet-machine-learning\dataset\labels\valid\gss1180_jpg.rf.a54d4f0d2f2fe6e0433cb91566cccb11.txt,C:\Machine Learning\projet\projet-machine-learning\dataset\images\valid\gss1180_jpg.rf.a54d4f0d2f2fe6e0433cb91566cccb11.jpg
valid,gss1184_jpg.rf.86f0d3c4c7d5a0207c0500386f5c3675,C:\Machine Learning\projet\projet-machine-learning\dataset\labels\valid\gss1184_jpg.rf.86f0d3c4c7d5a0207c0500386f5c3675.txt,C:\Machine Learning\projet\projet-machine-learning\dataset\images\valid\gss1184_jpg.rf.86f0d3c4c7d5a0207c0500386f5c3675.jpg
valid,gss11_jpg.rf.016d57412e9ad0a8b4921b41379bed0b,C:\Machine Learning\projet\projet-machine-learning\dataset\labels\valid\gss11_jpg.rf.016d57412e9ad0a8b4921b41379bed0b.txt,C:\Machine Learning\projet\projet-machine-learning\dataset\images\valid\gss11_jpg.rf.016d57412e9ad0a8b4921b41379bed0b.jpg
valid,gss1200_jpg.rf.c4fc923a102ea041d6850cf983b8adae,C:\Machine Learning\projet\projet-machine-learning\dataset\labels\valid\gss1200_jpg.rf.c4fc923a102ea041d6850cf983b8adae.txt,C:\Machine Learning\projet\projet-machine-learning\dataset\images\valid\gss1200_jpg.rf.c4fc923a102ea041d6850cf983b8adae.jpg
valid,gss1202_jpg.rf.6c9c74dce66c0a1373a56534e9c8a9a4,C:\Machine Learning\projet\projet-machine-learning\dataset\labels\valid\gss1202_jpg.rf.6c9c74dce66c0a1373a56534e9c8a9a4.txt,C:\Machine Learning\projet\projet-machine-learning\dataset\images\valid\gss1202_jpg.rf.6c9c74dce66c0a1373a56534e9c8a9a4.jpg
valid,gss1221_jpg.rf.beca42d7d68280b8aace647759f624de,C:\Machine Learning\projet\projet-machine-learning\dataset\labels\valid\gss1221_jpg.rf.beca42d7d68280b8aace647759f624de.txt,C:\Machine Learning\projet\projet-machine-learning\dataset\images\valid\gss1221_jpg.rf.beca42d7d68280b8aace647759f624de.jpg
valid,gss1227_jpg.rf.727273082a30007e1cb0fb650532236d,C:\Machine Learning\projet\projet-machine-learning\dataset\labels\valid\gss1227_jpg.rf.727273082a30007e1cb0fb650532236d.txt,C:\Machine Learning\projet\projet-machine-learning\dataset\images\valid\gss1227_jpg.rf.727273082a30007e1cb0fb650532236d.jpg
valid,gss1229_jpg.rf.678b07bd23be40fd5432e098947acd84,C:\Machine Learning\projet\projet-machine-learning\dataset\labels\valid\gss1229_jpg.rf.678b07bd23be40fd5432e098947acd84.txt,C:\Machine Learning\projet\projet-machine-learning\dataset\images\valid\gss1229_jpg.rf.678b07bd23be40fd5432e098947acd84.jpg
valid,gss122_jpg.rf.bcc131621ac2b0fe2e03155fd5144bed,C:\Machine Learning\projet\projet-machine-learning\dataset\labels\valid\gss122_jpg.rf.bcc131621ac2b0fe2e03155fd5144bed.txt,C:\Machine Learning\projet\projet-machine-learning\dataset\images\valid\gss122_jpg.rf.bcc131621ac2b0fe2e03155fd5144bed.jpg
valid,gss1231_jpg.rf.bc80addd937bc75f395ccf055d6c5afc,C:\Machine Learning\projet\projet-machine-learning\dataset\labels\valid\gss1231_jpg.rf.bc80addd937bc75f395ccf055d6c5afc.txt,C:\Machine Learning\projet\projet-machine-learning\dataset\images\valid\gss1231_jpg.rf.bc80addd937bc75f395ccf055d6c5afc.jpg
valid,gss123_jpg.rf.509aa3102c405d796672f912392942e6,C:\Machine Learning\projet\projet-machine-learning\dataset\labels\valid\gss123_jpg.rf.509aa3102c405d796672f912392942e6.txt,C:\Machine Learning\projet\projet-machine-learning\dataset\images\valid\gss123_jpg.rf.509aa3102c405d796672f912392942e6.jpg
valid,gss1257_jpg.rf.1db6b0f4b64ece0548155aabfeff4f37,C:\Machine Learning\projet\projet-machine-learning\dataset\labels\valid\gss1257_jpg.rf.1db6b0f4b64ece0548155aabfeff4f37.txt,C:\Machine Learning\projet\projet-machine-learning\dataset\images\valid\gss1257_jpg.rf.1db6b0f4b64ece0548155aabfeff4f37.jpg
valid,gss125_jpg.rf.0e48bb1603563155d1f22e2394c9624d,C:\Machine Learning\projet\projet-machine-learning\dataset\labels\valid\gss125_jpg.rf.0e48bb1603563155d1f22e2394c9624d.txt,C:\Machine Learning\projet\projet-machine-learning\dataset\images\valid\gss125_jpg.rf.0e48bb1603563155d1f22e2394c9624d.jpg
valid,gss1260_jpg.rf.d5e1b9c241b82b9447780b8c395dd69d,C:\Machine Learning\projet\projet-machine-learning\dataset\labels\valid\gss1260_jpg.rf.d5e1b9c241b82b9447780b8c395dd69d.txt,C:\Machine Learning\projet\projet-machine-learning\dataset\images\valid\gss1260_jpg.rf.d5e1b9c241b82b9447780b8c395dd69d.jpg
valid,gss1262_jpg.rf.3b64997ec2a9b5d1df3c3ea6742fa545,C:\Machine Learning\projet\projet-machine-learning\dataset\labels\valid\gss1262_jpg.rf.3b64997ec2a9b5d1df3c3ea6742fa545.txt,C:\Machine Learning\projet\projet-machine-learning\dataset\images\valid\gss1262_jpg.rf.3b64997ec2a9b5d1df3c3ea6742fa545.jpg
valid,gss1267_jpg.rf.808dbcafb2e0e691e4ebed8494a1f3fc,C:\Machine Learning\projet\projet-machine-learning\dataset\labels\valid\gss1267_jpg.rf.808dbcafb2e0e691e4ebed8494a1f3fc.txt,C:\Machine Learning\projet\projet-machine-learning\dataset\images\valid\gss1267_jpg.rf.808dbcafb2e0e691e4ebed8494a1f3fc.jpg
valid,gss1268_jpg.rf.470739ff731562615475cd9cac6a425b,C:\Machine Learning\projet\projet-machine-learning\dataset\labels\valid\gss1268_jpg.rf.470739ff731562615475cd9cac6a425b.txt,C:\Machine Learning\projet\projet-machine-learning\dataset\images\valid\gss1268_jpg.rf.470739ff731562615475cd9cac6a425b.jpg
valid,gss1297_jpg.rf.aeb3b8f78ed17239bd9404be95cae47c,C:\Machine Learning\projet\projet-machine-learning\dataset\labels\valid\gss1297_jpg.rf.aeb3b8f78ed17239bd9404be95cae47c.txt,C:\Machine Learning\projet\projet-machine-learning\dataset\images\valid\gss1297_jpg.rf.aeb3b8f78ed17239bd9404be95cae47c.jpg
valid,gss12_jpg.rf.732adf6921c7399b7074ae6f55fe2b97,C:\Machine Learning\projet\projet-machine-learning\dataset\labels\valid\gss12_jpg.rf.732adf6921c7399b7074ae6f55fe2b97.txt,C:\Machine Learning\projet\projet-machine-learning\dataset\images\valid\gss12_jpg.rf.732adf6921c7399b7074ae6f55fe2b97.jpg
valid,gss1306_jpg.rf.2567c3fbfcc2954661124e5a0d121bde,C:\Machine Learning\projet\projet-machine-learning\dataset\labels\valid\gss1306_jpg.rf.2567c3fbfcc2954661124e5a0d121bde.txt,C:\Machine Learning\projet\projet-machine-learning\dataset\images\valid\gss1306_jpg.rf.2567c3fbfcc2954661124e5a0d121bde.jpg
valid,gss1308_jpg.rf.ed68a922da432576f0c8787759ccdac4,C:\Machine Learning\projet\projet-machine-learning\dataset\labels\valid\gss1308_jpg.rf.ed68a922da432576f0c8787759ccdac4.txt,C:\Machine Learning\projet\projet-machine-learning\dataset\images\valid\gss1308_jpg.rf.ed68a922da432576f0c8787759ccdac4.jpg
valid,gss1309_jpg.rf.31229bd67b9ceaa047a02274b340eddb,C:\Machine Learning\projet\projet-machine-learning\dataset\labels\valid\gss1309_jpg.rf.31229bd67b9ceaa047a02274b340eddb.txt,C:\Machine Learning\projet\projet-machine-learning\dataset\images\valid\gss1309_jpg.rf.31229bd67b9ceaa047a02274b340eddb.jpg
valid,gss130_jpg.rf.87e6191ca0d6c315c3cf6541af48a429,C:\Machine Learning\projet\projet-machine-learning\dataset\labels\valid\gss130_jpg.rf.87e6191ca0d6c315c3cf6541af48a429.txt,C:\Machine Learning\projet\projet-machine-learning\dataset\images\valid\gss130_jpg.rf.87e6191ca0d6c315c3cf6541af48a429.jpg
valid,gss1314_jpg.rf.2d9d1785ea09d50ddfafca074b0794f5,C:\Machine Learning\projet\projet-machine-learning\dataset\labels\valid\gss1314_jpg.rf.2d9d1785ea09d50ddfafca074b0794f5.txt,C:\Machine Learning\projet\projet-machine-learning\dataset\images\valid\gss1314_jpg.rf.2d9d1785ea09d50ddfafca074b0794f5.jpg
valid,gss1317_jpg.rf.f221d1d197c9bcef753acbdedfa7c736,C:\Machine Learning\projet\projet-machine-learning\dataset\labels\valid\gss1317_jpg.rf.f221d1d197c9bcef753acbdedfa7c736.txt,C:\Machine Learning\projet\projet-machine-learning\dataset\images\valid\gss1317_jpg.rf.f221d1d197c9bcef753acbdedfa7c736.jpg
valid,gss1323_jpg.rf.c18bc5cd4639d9febd32f4395b1aa831,C:\Machine Learning\projet\projet-machine-learning\dataset\labels\valid\gss1323_jpg.rf.c18bc5cd4639d9febd32f4395b1aa831.txt,C:\Machine Learning\projet\projet-machine-learning\dataset\images\valid\gss1323_jpg.rf.c18bc5cd4639d9febd32f4395b1aa831.jpg
valid,gss132_jpg.rf.22d4d66923d83ee6611d384ee819991c,C:\Machine Learning\projet\projet-machine-learning\dataset\labels\valid\gss132_jpg.rf.22d4d66923d83ee6611d384ee819991c.txt,C:\Machine Learning\projet\projet-machine-learning\dataset\images\valid\gss132_jpg.rf.22d4d66923d83ee6611d384ee819991c.jpg
valid,gss1331_jpg.rf.625297e8e7434c197e3ac97c5bd39e62,C:\Machine Learning\projet\projet-machine-learning\dataset\labels\valid\gss1331_jpg.rf.625297e8e7434c197e3ac97c5bd39e62.txt,C:\Machine Learning\projet\projet-machine-learning\dataset\images\valid\gss1331_jpg.rf.625297e8e7434c197e3ac97c5bd39e62.jpg
valid,gss1339_jpg.rf.4ce807d7400adc80b174942048faf624,C:\Machine Learning\projet\projet-machine-learning\dataset\labels\valid\gss1339_jpg.rf.4ce807d7400adc80b174942048faf624.txt,C:\Machine Learning\projet\projet-machine-learning\dataset\images\valid\gss1339_jpg.rf.4ce807d7400adc80b174942048faf624.jpg
valid,gss1340_jpg.rf.14b9d28b133189568bf93679d378d4e1,C:\Machine Learning\projet\projet-machine-learning\dataset\labels\valid\gss1340_jpg.rf.14b9d28b133189568bf93679d378d4e1.txt,C:\Machine Learning\projet\projet-machine-learning\dataset\images\valid\gss1340_jpg.rf.14b9d28b133189568bf93679d378d4e1.jpg
valid,gss1348_jpg.rf.086c0491828a3d5e0166d863ebe4ca1b,C:\Machine Learning\projet\projet-machine-learning\dataset\labels\valid\gss1348_jpg.rf.086c0491828a3d5e0166d863ebe4ca1b.txt,C:\Machine Learning\projet\projet-machine-learning\dataset\images\valid\gss1348_jpg.rf.086c0491828a3d5e0166d863ebe4ca1b.jpg
valid,gss134_jpg.rf.5f07c1893cd7d6a4d8988c7184e15846,C:\Machine Learning\projet\projet-machine-learning\dataset\labels\valid\gss134_jpg.rf.5f07c1893cd7d6a4d8988c7184e15846.txt,C:\Machine Learning\projet\projet-machine-learning\dataset\images\valid\gss134_jpg.rf.5f07c1893cd7d6a4d8988c7184e15846.jpg
valid,gss1352_jpg.rf.668b99afc13da7e1d70525b1d38fd684,C:\Machine Learning\projet\projet-machine-learning\dataset\labels\valid\gss1352_jpg.rf.668b99afc13da7e1d70525b1d38fd684.txt,C:\Machine Learning\projet\projet-machine-learning\dataset\images\valid\gss1352_jpg.rf.668b99afc13da7e1d70525b1d38fd684.jpg
valid,gss1355_jpg.rf.9d9bf90343c46baebb8dc49595e278d8,C:\Machine Learning\projet\projet-machine-learning\dataset\labels\valid\gss1355_jpg.rf.9d9bf90343c46baebb8dc49595e278d8.txt,C:\Machine Learning\projet\projet-machine-learning\dataset\images\valid\gss1355_jpg.rf.9d9bf90343c46baebb8dc49595e278d8.jpg
valid,gss1356_jpg.rf.8a1a8e5798d6d1dd1cbb9ee8230fe3a3,C:\Machine Learning\projet\projet-machine-learning\dataset\labels\valid\gss1356_jpg.rf.8a1a8e5798d6d1dd1cbb9ee8230fe3a3.txt,C:\Machine Learning\projet\projet-machine-learning\dataset\images\valid\gss1356_jpg.rf.8a1a8e5798d6d1dd1cbb9ee8230fe3a3.jpg
valid,gss1357_jpg.rf.f616aa166f1ca22f6d02f0e3e747848c,C:\Machine Learning\projet\projet-machine-learning\dataset\labels\valid\gss1357_jpg.rf.f616aa166f1ca22f6d02f0e3e747848c.txt,C:\Machine Learning\projet\projet-machine-learning\dataset\images\valid\gss1357_jpg.rf.f616aa166f1ca22f6d02f0e3e747848c.jpg
valid,gss1369_jpg.rf.57c9a847eef2a6568172895b5989b636,C:\Machine Learning\projet\projet-machine-learning\dataset\labels\valid\gss1369_jpg.rf.57c9a847eef2a6568172895b5989b636.txt,C:\Machine Learning\projet\projet-machine-learning\dataset\images\valid\gss1369_jpg.rf.57c9a847eef2a6568172895b5989b636.jpg
valid,gss1370_jpg.rf.19d6958716315a6387ff8f359ce4ab98,C:\Machine Learning\projet\projet-machine-learning\dataset\labels\valid\gss1370_jpg.rf.19d6958716315a6387ff8f359ce4ab98.txt,C:\Machine Learning\projet\projet-machine-learning\dataset\images\valid\gss1370_jpg.rf.19d6958716315a6387ff8f359ce4ab98.jpg
valid,gss1376_jpg.rf.53845f73db6963ace15c81288e972ff5,C:\Machine Learning\projet\projet-machine-learning\dataset\labels\valid\gss1376_jpg.rf.53845f73db6963ace15c81288e972ff5.txt,C:\Machine Learning\projet\projet-machine-learning\dataset\images\valid\gss1376_jpg.rf.53845f73db6963ace15c81288e972ff5.jpg
valid,gss1378_jpg.rf.a37b463a79f59328ef31cf76978c82d7,C:\Machine Learning\projet\projet-machine-learning\dataset\labels\valid\gss1378_jpg.rf.a37b463a79f59328ef31cf76978c82d7.txt,C:\Machine Learning\projet\projet-machine-learning\dataset\images\valid\gss1378_jpg.rf.a37b463a79f59328ef31cf76978c82d7.jpg
valid,gss1385_jpg.rf.90d502352d6a9b141070bae0f15de3ee,C:\Machine Learning\projet\projet-machine-learning\dataset\labels\valid\gss1385_jpg.rf.90d502352d6a9b141070bae0f15de3ee.txt,C:\Machine Learning\projet\projet-machine-learning\dataset\images\valid\gss1385_jpg.rf.90d502352d6a9b141070bae0f15de3ee.jpg
valid,gss1386_jpg.rf.8735ab9af95becd63ab5330f3a4745a6,C:\Machine Learning\projet\projet-machine-learning\dataset\labels\valid\gss1386_jpg.rf.8735ab9af95becd63ab5330f3a4745a6.txt,C:\Machine Learning\projet\projet-machine-learning\dataset\images\valid\gss1386_jpg.rf.8735ab9af95becd63ab5330f3a4745a6.jpg
valid,gss1394_jpg.rf.b1d5b6dfa2976afd2057a8cb4a953a1c,C:\Machine Learning\projet\projet-machine-learning\dataset\labels\valid\gss1394_jpg.rf.b1d5b6dfa2976afd2057a8cb4a953a1c.txt,C:\Machine Learning\projet\projet-machine-learning\dataset\images\valid\gss1394_jpg.rf.b1d5b6dfa2976afd2057a8cb4a953a1c.jpg
valid,gss139_jpg.rf.98a905070e2dd245267ea432f924b44b,C:\Machine Learning\projet\projet-machine-learning\dataset\labels\valid\gss139_jpg.rf.98a905070e2dd245267ea432f924b44b.txt,C:\Machine Learning\projet\projet-machine-learning\dataset\images\valid\gss139_jpg.rf.98a905070e2dd245267ea432f924b44b.jpg
valid,gss1412_jpg.rf.cc25a4c347919b08602ceeafba1ca3ab,C:\Machine Learning\projet\projet-machine-learning\dataset\labels\valid\gss1412_jpg.rf.cc25a4c347919b08602ceeafba1ca3ab.txt,C:\Machine Learning\projet\projet-machine-learning\dataset\images\valid\gss1412_jpg.rf.cc25a4c347919b08602ceeafba1ca3ab.jpg
valid,gss1415_jpg.rf.252269d901fac27bf1ee4507c3109a5f,C:\Machine Learning\projet\projet-machine-learning\dataset\labels\valid\gss1415_jpg.rf.252269d901fac27bf1ee4507c3109a5f.txt,C:\Machine Learning\projet\projet-machine-learning\dataset\images\valid\gss1415_jpg.rf.252269d901fac27bf1ee4507c3109a5f.jpg
valid,gss1422_jpg.rf.aa49ab530bd5f7b278ee66161401d171,C:\Machine Learning\projet\projet-machine-learning\dataset\labels\valid\gss1422_jpg.rf.aa49ab530bd5f7b278ee66161401d171.txt,C:\Machine Learning\projet\projet-machine-learning\dataset\images\valid\gss1422_jpg.rf.aa49ab530bd5f7b278ee66161401d171.jpg
valid,gss1423_jpg.rf.154f1a5c36e79c5bca603dc18292ab45,C:\Machine Learning\projet\projet-machine-learning\dataset\labels\valid\gss1423_jpg.rf.154f1a5c36e79c5bca603dc18292ab45.txt,C:\Machine Learning\projet\projet-machine-learning\dataset\images\valid\gss1423_jpg.rf.154f1a5c36e79c5bca603dc18292ab45.jpg
valid,gss1429_jpg.rf.198c7126426baddbd59d000ab36d2b43,C:\Machine Learning\projet\projet-machine-learning\dataset\labels\valid\gss1429_jpg.rf.198c7126426baddbd59d000ab36d2b43.txt,C:\Machine Learning\projet\projet-machine-learning\dataset\images\valid\gss1429_jpg.rf.198c7126426baddbd59d000ab36d2b43.jpg
valid,gss1432_jpg.rf.340eef472bbc6033a1a6163845f4ba44,C:\Machine Learning\projet\projet-machine-learning\dataset\labels\valid\gss1432_jpg.rf.340eef472bbc6033a1a6163845f4ba44.txt,C:\Machine Learning\projet\projet-machine-learning\dataset\images\valid\gss1432_jpg.rf.340eef472bbc6033a1a6163845f4ba44.jpg
valid,gss1434_jpg.rf.fd234f01a82c28a1b34b82f11c3ec398,C:\Machine Learning\projet\projet-machine-learning\dataset\labels\valid\gss1434_jpg.rf.fd234f01a82c28a1b34b82f11c3ec398.txt,C:\Machine Learning\projet\projet-machine-learning\dataset\images\valid\gss1434_jpg.rf.fd234f01a82c28a1b34b82f11c3ec398.jpg
valid,gss1437_jpg.rf.9ec567b7ba9a83a8815a0a12dd034e4f,C:\Machine Learning\projet\projet-machine-learning\dataset\labels\valid\gss1437_jpg.rf.9ec567b7ba9a83a8815a0a12dd034e4f.txt,C:\Machine Learning\projet\projet-machine-learning\dataset\images\valid\gss1437_jpg.rf.9ec567b7ba9a83a8815a0a12dd034e4f.jpg
valid,gss1440_jpg.rf.6103b002ecd86831c93e81b86fb7d4a3,C:\Machine Learning\projet\projet-machine-learning\dataset\labels\valid\gss1440_jpg.rf.6103b002ecd86831c93e81b86fb7d4a3.txt,C:\Machine Learning\projet\projet-machine-learning\dataset\images\valid\gss1440_jpg.rf.6103b002ecd86831c93e81b86fb7d4a3.jpg
valid,gss1444_jpg.rf.c98722a9b6906365f312482a69a2e0e0,C:\Machine Learning\projet\projet-machine-learning\dataset\labels\valid\gss1444_jpg.rf.c98722a9b6906365f312482a69a2e0e0.txt,C:\Machine Learning\projet\projet-machine-learning\dataset\images\valid\gss1444_jpg.rf.c98722a9b6906365f312482a69a2e0e0.jpg
valid,gss1447_jpg.rf.ca6def8ce500366416b22815fa630345,C:\Machine Learning\projet\projet-machine-learning\dataset\labels\valid\gss1447_jpg.rf.ca6def8ce500366416b22815fa630345.txt,C:\Machine Learning\projet\projet-machine-learning\dataset\images\valid\gss1447_jpg.rf.ca6def8ce500366416b22815fa630345.jpg
valid,gss1449_jpg.rf.1cd29e3b9135fb76f3080606ac409bdc,C:\Machine Learning\projet\projet-machine-learning\dataset\labels\valid\gss1449_jpg.rf.1cd29e3b9135fb76f3080606ac409bdc.txt,C:\Machine Learning\projet\projet-machine-learning\dataset\images\valid\gss1449_jpg.rf.1cd29e3b9135fb76f3080606ac409bdc.jpg
valid,gss1450_jpg.rf.ba91b6ef32d928c0bd9866775ffb5c7b,C:\Machine Learning\projet\projet-machine-learning\dataset\labels\valid\gss1450_jpg.rf.ba91b6ef32d928c0bd9866775ffb5c7b.txt,C:\Machine Learning\projet\projet-machine-learning\dataset\images\valid\gss1450_jpg.rf.ba91b6ef32d928c0bd9866775ffb5c7b.jpg
valid,gss1455_jpg.rf.f617d13260bc22da306637511c8aab80,C:\Machine Learning\projet\projet-machine-learning\dataset\labels\valid\gss1455_jpg.rf.f617d13260bc22da306637511c8aab80.txt,C:\Machine Learning\projet\projet-machine-learning\dataset\images\valid\gss1455_jpg.rf.f617d13260bc22da306637511c8aab80.jpg
valid,gss1457_jpg.rf.4fa04bcc93a38ed51071e4aae45e63ea,C:\Machine Learning\projet\projet-machine-learning\dataset\labels\valid\gss1457_jpg.rf.4fa04bcc93a38ed51071e4aae45e63ea.txt,C:\Machine Learning\projet\projet-machine-learning\dataset\images\valid\gss1457_jpg.rf.4fa04bcc93a38ed51071e4aae45e63ea.jpg
valid,gss1468_jpg.rf.bda530b164ec40d2ce961ebaed459208,C:\Machine Learning\projet\projet-machine-learning\dataset\labels\valid\gss1468_jpg.rf.bda530b164ec40d2ce961ebaed459208.txt,C:\Machine Learning\projet\projet-machine-learning\dataset\images\valid\gss1468_jpg.rf.bda530b164ec40d2ce961ebaed459208.jpg
valid,gss1469_jpg.rf.10e27765066095084f42924e8a247792,C:\Machine Learning\projet\projet-machine-learning\dataset\labels\valid\gss1469_jpg.rf.10e27765066095084f42924e8a247792.txt,C:\Machine Learning\projet\projet-machine-learning\dataset\images\valid\gss1469_jpg.rf.10e27765066095084f42924e8a247792.jpg
valid,gss146_jpg.rf.548908b7724ea76f60385feec5ee4460,C:\Machine Learning\projet\projet-machine-learning\dataset\labels\valid\gss146_jpg.rf.548908b7724ea76f60385feec5ee4460.txt,C:\Machine Learning\projet\projet-machine-learning\dataset\images\valid\gss146_jpg.rf.548908b7724ea76f60385feec5ee4460.jpg
valid,gss1473_jpg.rf.5de4314539c1810369b2632902a1f6ed,C:\Machine Learning\projet\projet-machine-learning\dataset\labels\valid\gss1473_jpg.rf.5de4314539c1810369b2632902a1f6ed.txt,C:\Machine Learning\projet\projet-machine-learning\dataset\images\valid\gss1473_jpg.rf.5de4314539c1810369b2632902a1f6ed.jpg
valid,gss1474_jpg.rf.40cbd2e026d034c13d685b124d3f2bdf,C:\Machine Learning\projet\projet-machine-learning\dataset\labels\valid\gss1474_jpg.rf.40cbd2e026d034c13d685b124d3f2bdf.txt,C:\Machine Learning\projet\projet-machine-learning\dataset\images\valid\gss1474_jpg.rf.40cbd2e026d034c13d685b124d3f2bdf.jpg
valid,gss1476_jpg.rf.e86742ac9f29c7db8b66773712df2962,C:\Machine Learning\projet\projet-machine-learning\dataset\labels\valid\gss1476_jpg.rf.e86742ac9f29c7db8b66773712df2962.txt,C:\Machine Learning\projet\projet-machine-learning\dataset\images\valid\gss1476_jpg.rf.e86742ac9f29c7db8b66773712df2962.jpg
valid,gss1486_jpg.rf.f5d18948e21882e8d36641769fc4c5b2,C:\Machine Learning\projet\projet-machine-learning\dataset\labels\valid\gss1486_jpg.rf.f5d18948e21882e8d36641769fc4c5b2.txt,C:\Machine Learning\projet\projet-machine-learning\dataset\images\valid\gss1486_jpg.rf.f5d18948e21882e8d36641769fc4c5b2.jpg
valid,gss1490_jpg.rf.71d4dffa83b379366440d99a0e3d3dc9,C:\Machine Learning\projet\projet-machine-learning\dataset\labels\valid\gss1490_jpg.rf.71d4dffa83b379366440d99a0e3d3dc9.txt,C:\Machine Learning\projet\projet-machine-learning\dataset\images\valid\gss1490_jpg.rf.71d4dffa83b379366440d99a0e3d3dc9.jpg
valid,gss1493_jpg.rf.200954251d5ddfca5566f64d5fe631f6,C:\Machine Learning\projet\projet-machine-learning\dataset\labels\valid\gss1493_jpg.rf.200954251d5ddfca5566f64d5fe631f6.txt,C:\Machine Learning\projet\projet-machine-learning\dataset\images\valid\gss1493_jpg.rf.200954251d5ddfca5566f64d5fe631f6.jpg
valid,gss1497_jpg.rf.14367eb28cf34ac12de263aff6d324e5,C:\Machine Learning\projet\projet-machine-learning\dataset\labels\valid\gss1497_jpg.rf.14367eb28cf34ac12de263aff6d324e5.txt,C:\Machine Learning\projet\projet-machine-learning\dataset\images\valid\gss1497_jpg.rf.14367eb28cf34ac12de263aff6d324e5.jpg
valid,gss1499_jpg.rf.34aa9a8f02d1c81d14d18042b52a343e,C:\Machine Learning\projet\projet-machine-learning\dataset\labels\valid\gss1499_jpg.rf.34aa9a8f02d1c81d14d18042b52a343e.txt,C:\Machine Learning\projet\projet-machine-learning\dataset\images\valid\gss1499_jpg.rf.34aa9a8f02d1c81d14d18042b52a343e.jpg
valid,gss14_jpg.rf.92eac21fbcd451f4757c47bc87f3e9b5,C:\Machine Learning\projet\projet-machine-learning\dataset\labels\valid\gss14_jpg.rf.92eac21fbcd451f4757c47bc87f3e9b5.txt,C:\Machine Learning\projet\projet-machine-learning\dataset\images\valid\gss14_jpg.rf.92eac21fbcd451f4757c47bc87f3e9b5.jpg
valid,gss1504_jpg.rf.d6a6926232c30c46b8934fd431067b38,C:\Machine Learning\projet\projet-machine-learning\dataset\labels\valid\gss1504_jpg.rf.d6a6926232c30c46b8934fd431067b38.txt,C:\Machine Learning\projet\projet-machine-learning\dataset\images\valid\gss1504_jpg.rf.d6a6926232c30c46b8934fd431067b38.jpg
valid,gss1506_jpg.rf.7a240276cff8692c1c6d16835a1cbd9f,C:\Machine Learning\projet\projet-machine-learning\dataset\labels\valid\gss1506_jpg.rf.7a240276cff8692c1c6d16835a1cbd9f.txt,C:\Machine Learning\projet\projet-machine-learning\dataset\images\valid\gss1506_jpg.rf.7a240276cff8692c1c6d16835a1cbd9f.jpg
valid,gss1508_jpg.rf.b5f75a5966fb9f830833595a6429854a,C:\Machine Learning\projet\projet-machine-learning\dataset\labels\valid\gss1508_jpg.rf.b5f75a5966fb9f830833595a6429854a.txt,C:\Machine Learning\projet\projet-machine-learning\dataset\images\valid\gss1508_jpg.rf.b5f75a5966fb9f830833595a6429854a.jpg
valid,gss150_jpg.rf.a45f538bf8ff32c386a037e02c46b2a3,C:\Machine Learning\projet\projet-machine-learning\dataset\labels\valid\gss150_jpg.rf.a45f538bf8ff32c386a037e02c46b2a3.txt,C:\Machine Learning\projet\projet-machine-learning\dataset\images\valid\gss150_jpg.rf.a45f538bf8ff32c386a037e02c46b2a3.jpg
valid,gss1513_jpg.rf.89fbd6d76e88ba71833c30475c5f54ea,C:\Machine Learning\projet\projet-machine-learning\dataset\labels\valid\gss1513_jpg.rf.89fbd6d76e88ba71833c30475c5f54ea.txt,C:\Machine Learning\projet\projet-machine-learning\dataset\images\valid\gss1513_jpg.rf.89fbd6d76e88ba71833c30475c5f54ea.jpg
valid,gss1516_jpg.rf.0cc279bc40bdc2eeb79b4715453ce453,C:\Machine Learning\projet\projet-machine-learning\dataset\labels\valid\gss1516_jpg.rf.0cc279bc40bdc2eeb79b4715453ce453.txt,C:\Machine Learning\projet\projet-machine-learning\dataset\images\valid\gss1516_jpg.rf.0cc279bc40bdc2eeb79b4715453ce453.jpg
valid,gss1518_jpg.rf.19a7b9ac2ee8f8a284ad210c2b89c0d2,C:\Machine Learning\projet\projet-machine-learning\dataset\labels\valid\gss1518_jpg.rf.19a7b9ac2ee8f8a284ad210c2b89c0d2.txt,C:\Machine Learning\projet\projet-machine-learning\dataset\images\valid\gss1518_jpg.rf.19a7b9ac2ee8f8a284ad210c2b89c0d2.jpg
valid,gss1520_jpg.rf.6a0c313d164d791f50da3163548dce02,C:\Machine Learning\projet\projet-machine-learning\dataset\labels\valid\gss1520_jpg.rf.6a0c313d164d791f50da3163548dce02.txt,C:\Machine Learning\projet\projet-machine-learning\dataset\images\valid\gss1520_jpg.rf.6a0c313d164d791f50da3163548dce02.jpg
valid,gss1524_jpg.rf.901dedeb9a95a1c86cf605d2f1ea52ed,C:\Machine Learning\projet\projet-machine-learning\dataset\labels\valid\gss1524_jpg.rf.901dedeb9a95a1c86cf605d2f1ea52ed.txt,C:\Machine Learning\projet\projet-machine-learning\dataset\images\valid\gss1524_jpg.rf.901dedeb9a95a1c86cf605d2f1ea52ed.jpg
valid,gss1525_jpg.rf.857559828a626e466e018a3d2d64eb9e,C:\Machine Learning\projet\projet-machine-learning\dataset\labels\valid\gss1525_jpg.rf.857559828a626e466e018a3d2d64eb9e.txt,C:\Machine Learning\projet\projet-machine-learning\dataset\images\valid\gss1525_jpg.rf.857559828a626e466e018a3d2d64eb9e.jpg
valid,gss152_jpg.rf.c2c26d912383267e50e8f2f579ca7583,C:\Machine Learning\projet\projet-machine-learning\dataset\labels\valid\gss152_jpg.rf.c2c26d912383267e50e8f2f579ca7583.txt,C:\Machine Learning\projet\projet-machine-learning\dataset\images\valid\gss152_jpg.rf.c2c26d912383267e50e8f2f579ca7583.jpg
valid,gss1531_jpg.rf.8495f89f255c83a2e278ac8d88859580,C:\Machine Learning\projet\projet-machine-learning\dataset\labels\valid\gss1531_jpg.rf.8495f89f255c83a2e278ac8d88859580.txt,C:\Machine Learning\projet\projet-machine-learning\dataset\images\valid\gss1531_jpg.rf.8495f89f255c83a2e278ac8d88859580.jpg
valid,gss1533_jpg.rf.c438e31a57b1456bf389b37fb2a0ed95,C:\Machine Learning\projet\projet-machine-learning\dataset\labels\valid\gss1533_jpg.rf.c438e31a57b1456bf389b37fb2a0ed95.txt,C:\Machine Learning\projet\projet-machine-learning\dataset\images\valid\gss1533_jpg.rf.c438e31a57b1456bf389b37fb2a0ed95.jpg
valid,gss1535_jpg.rf.3a84070dc44794fca66e43457ffab9df,C:\Machine Learning\projet\projet-machine-learning\dataset\labels\valid\gss1535_jpg.rf.3a84070dc44794fca66e43457ffab9df.txt,C:\Machine Learning\projet\projet-machine-learning\dataset\images\valid\gss1535_jpg.rf.3a84070dc44794fca66e43457ffab9df.jpg
valid,gss1536_jpg.rf.390d33266595fd61ff95758a645a8864,C:\Machine Learning\projet\projet-machine-learning\dataset\labels\valid\gss1536_jpg.rf.390d33266595fd61ff95758a645a8864.txt,C:\Machine Learning\projet\projet-machine-learning\dataset\images\valid\gss1536_jpg.rf.390d33266595fd61ff95758a645a8864.jpg
valid,gss1537_jpg.rf.f07eeb1ed14b615eedadc9194f7b34a6,C:\Machine Learning\projet\projet-machine-learning\dataset\labels\valid\gss1537_jpg.rf.f07eeb1ed14b615eedadc9194f7b34a6.txt,C:\Machine Learning\projet\projet-machine-learning\dataset\images\valid\gss1537_jpg.rf.f07eeb1ed14b615eedadc9194f7b34a6.jpg
valid,gss153_jpg.rf.eb9dd7d201bbf57fe96b23d5475c9624,C:\Machine Learning\projet\projet-machine-learning\dataset\labels\valid\gss153_jpg.rf.eb9dd7d201bbf57fe96b23d5475c9624.txt,C:\Machine Learning\projet\projet-machine-learning\dataset\images\valid\gss153_jpg.rf.eb9dd7d201bbf57fe96b23d5475c9624.jpg
valid,gss1540_jpg.rf.b38b65cddb68dad69233c928cee0e4d4,C:\Machine Learning\projet\projet-machine-learning\dataset\labels\valid\gss1540_jpg.rf.b38b65cddb68dad69233c928cee0e4d4.txt,C:\Machine Learning\projet\projet-machine-learning\dataset\images\valid\gss1540_jpg.rf.b38b65cddb68dad69233c928cee0e4d4.jpg
valid,gss1541_jpg.rf.e5d46c7c7547214d2f3be5986eead5db,C:\Machine Learning\projet\projet-machine-learning\dataset\labels\valid\gss1541_jpg.rf.e5d46c7c7547214d2f3be5986eead5db.txt,C:\Machine Learning\projet\projet-machine-learning\dataset\images\valid\gss1541_jpg.rf.e5d46c7c7547214d2f3be5986eead5db.jpg
valid,gss1547_jpg.rf.9f2b2a36815ad19f5a806e7a24e9e25a,C:\Machine Learning\projet\projet-machine-learning\dataset\labels\valid\gss1547_jpg.rf.9f2b2a36815ad19f5a806e7a24e9e25a.txt,C:\Machine Learning\projet\projet-machine-learning\dataset\images\valid\gss1547_jpg.rf.9f2b2a36815ad19f5a806e7a24e9e25a.jpg
valid,gss1549_jpg.rf.ba60ad0675ba6276d9a07a1dd19a23b6,C:\Machine Learning\projet\projet-machine-learning\dataset\labels\valid\gss1549_jpg.rf.ba60ad0675ba6276d9a07a1dd19a23b6.txt,C:\Machine Learning\projet\projet-machine-learning\dataset\images\valid\gss1549_jpg.rf.ba60ad0675ba6276d9a07a1dd19a23b6.jpg
valid,gss1555_jpg.rf.36da409f16d705963c07b9ceb1ca4d10,C:\Machine Learning\projet\projet-machine-learning\dataset\labels\valid\gss1555_jpg.rf.36da409f16d705963c07b9ceb1ca4d10.txt,C:\Machine Learning\projet\projet-machine-learning\dataset\images\valid\gss1555_jpg.rf.36da409f16d705963c07b9ceb1ca4d10.jpg
valid,gss1562_jpg.rf.59c72fe123d14ccd4475d31a54fec8c5,C:\Machine Learning\projet\projet-machine-learning\dataset\labels\valid\gss1562_jpg.rf.59c72fe123d14ccd4475d31a54fec8c5.txt,C:\Machine Learning\projet\projet-machine-learning\dataset\images\valid\gss1562_jpg.rf.59c72fe123d14ccd4475d31a54fec8c5.jpg
valid,gss1570_jpg.rf.53a1520bfc6c432df0c9821e8c1d257b,C:\Machine Learning\projet\projet-machine-learning\dataset\labels\valid\gss1570_jpg.rf.53a1520bfc6c432df0c9821e8c1d257b.txt,C:\Machine Learning\projet\projet-machine-learning\dataset\images\valid\gss1570_jpg.rf.53a1520bfc6c432df0c9821e8c1d257b.jpg
valid,gss1578_jpg.rf.6c16b54afb507e86b45cd64e625655f3,C:\Machine Learning\projet\projet-machine-learning\dataset\labels\valid\gss1578_jpg.rf.6c16b54afb507e86b45cd64e625655f3.txt,C:\Machine Learning\projet\projet-machine-learning\dataset\images\valid\gss1578_jpg.rf.6c16b54afb507e86b45cd64e625655f3.jpg
valid,gss1584_jpg.rf.2a099f405af2f3e1db61f121bd75464b,C:\Machine Learning\projet\projet-machine-learning\dataset\labels\valid\gss1584_jpg.rf.2a099f405af2f3e1db61f121bd75464b.txt,C:\Machine Learning\projet\projet-machine-learning\dataset\images\valid\gss1584_jpg.rf.2a099f405af2f3e1db61f121bd75464b.jpg
valid,gss1587_jpg.rf.0d4dbfb9e3c0e35033878645e7606e57,C:\Machine Learning\projet\projet-machine-learning\dataset\labels\valid\gss1587_jpg.rf.0d4dbfb9e3c0e35033878645e7606e57.txt,C:\Machine Learning\projet\projet-machine-learning\dataset\images\valid\gss1587_jpg.rf.0d4dbfb9e3c0e35033878645e7606e57.jpg
valid,gss1596_jpg.rf.ab590b39f9f44960c7e012911ea6f49d,C:\Machine Learning\projet\projet-machine-learning\dataset\labels\valid\gss1596_jpg.rf.ab590b39f9f44960c7e012911ea6f49d.txt,C:\Machine Learning\projet\projet-machine-learning\dataset\images\valid\gss1596_jpg.rf.ab590b39f9f44960c7e012911ea6f49d.jpg
valid,gss1598_jpg.rf.660f3959ce16a4d55b28ff2b100cacc4,C:\Machine Learning\projet\projet-machine-learning\dataset\labels\valid\gss1598_jpg.rf.660f3959ce16a4d55b28ff2b100cacc4.txt,C:\Machine Learning\projet\projet-machine-learning\dataset\images\valid\gss1598_jpg.rf.660f3959ce16a4d55b28ff2b100cacc4.jpg
valid,gss1599_jpg.rf.a3a0b793f5e3b48f71c98f41e3c41bdb,C:\Machine Learning\projet\projet-machine-learning\dataset\labels\valid\gss1599_jpg.rf.a3a0b793f5e3b48f71c98f41e3c41bdb.txt,C:\Machine Learning\projet\projet-machine-learning\dataset\images\valid\gss1599_jpg.rf.a3a0b793f5e3b48f71c98f41e3c41bdb.jpg
valid,gss1604_jpg.rf.b6a2c5e9daae874cbdc8ac8b0b13ab1a,C:\Machine Learning\projet\projet-machine-learning\dataset\labels\valid\gss1604_jpg.rf.b6a2c5e9daae874cbdc8ac8b0b13ab1a.txt,C:\Machine Learning\projet\projet-machine-learning\dataset\images\valid\gss1604_jpg.rf.b6a2c5e9daae874cbdc8ac8b0b13ab1a.jpg
valid,gss1608_jpg.rf.2c9c00c53a793c713f62e78f07578054,C:\Machine Learning\projet\projet-machine-learning\dataset\labels\valid\gss1608_jpg.rf.2c9c00c53a793c713f62e78f07578054.txt,C:\Machine Learning\projet\projet-machine-learning\dataset\images\valid\gss1608_jpg.rf.2c9c00c53a793c713f62e78f07578054.jpg
valid,gss1610_jpg.rf.236d7a4e000138b59dda7a0ee9462cb4,C:\Machine Learning\projet\projet-machine-learning\dataset\labels\valid\gss1610_jpg.rf.236d7a4e000138b59dda7a0ee9462cb4.txt,C:\Machine Learning\projet\projet-machine-learning\dataset\images\valid\gss1610_jpg.rf.236d7a4e000138b59dda7a0ee9462cb4.jpg
valid,gss161_jpg.rf.ca140eb91cfdd93890fccfae42ccad9a,C:\Machine Learning\projet\projet-machine-learning\dataset\labels\valid\gss161_jpg.rf.ca140eb91cfdd93890fccfae42ccad9a.txt,C:\Machine Learning\projet\projet-machine-learning\dataset\images\valid\gss161_jpg.rf.ca140eb91cfdd93890fccfae42ccad9a.jpg
valid,gss1620_jpg.rf.95605b05be2e257226aae3da1fbdcc02,C:\Machine Learning\projet\projet-machine-learning\dataset\labels\valid\gss1620_jpg.rf.95605b05be2e257226aae3da1fbdcc02.txt,C:\Machine Learning\projet\projet-machine-learning\dataset\images\valid\gss1620_jpg.rf.95605b05be2e257226aae3da1fbdcc02.jpg
valid,gss162_jpg.rf.1fcfa19b69f6859c8ebfa4a8cd04dde2,C:\Machine Learning\projet\projet-machine-learning\dataset\labels\valid\gss162_jpg.rf.1fcfa19b69f6859c8ebfa4a8cd04dde2.txt,C:\Machine Learning\projet\projet-machine-learning\dataset\images\valid\gss162_jpg.rf.1fcfa19b69f6859c8ebfa4a8cd04dde2.jpg
valid,gss163_jpg.rf.e12765303572e32f00b1b63c29fc58ec,C:\Machine Learning\projet\projet-machine-learning\dataset\labels\valid\gss163_jpg.rf.e12765303572e32f00b1b63c29fc58ec.txt,C:\Machine Learning\projet\projet-machine-learning\dataset\images\valid\gss163_jpg.rf.e12765303572e32f00b1b63c29fc58ec.jpg
valid,gss1640_jpg.rf.099073d83e4a39d2ae38610e08b4e39f,C:\Machine Learning\projet\projet-machine-learning\dataset\labels\valid\gss1640_jpg.rf.099073d83e4a39d2ae38610e08b4e39f.txt,C:\Machine Learning\projet\projet-machine-learning\dataset\images\valid\gss1640_jpg.rf.099073d83e4a39d2ae38610e08b4e39f.jpg
valid,gss1644_jpg.rf.90c7eca03804a3e1ae4bb38c6988633c,C:\Machine Learning\projet\projet-machine-learning\dataset\labels\valid\gss1644_jpg.rf.90c7eca03804a3e1ae4bb38c6988633c.txt,C:\Machine Learning\projet\projet-machine-learning\dataset\images\valid\gss1644_jpg.rf.90c7eca03804a3e1ae4bb38c6988633c.jpg
valid,gss1653_jpg.rf.92acd2c4cdd5e4900c0be0528be5c9dc,C:\Machine Learning\projet\projet-machine-learning\dataset\labels\valid\gss1653_jpg.rf.92acd2c4cdd5e4900c0be0528be5c9dc.txt,C:\Machine Learning\projet\projet-machine-learning\dataset\images\valid\gss1653_jpg.rf.92acd2c4cdd5e4900c0be0528be5c9dc.jpg
valid,gss1670_jpg.rf.036648ef51e777e40f67b7837cb462ed,C:\Machine Learning\projet\projet-machine-learning\dataset\labels\valid\gss1670_jpg.rf.036648ef51e777e40f67b7837cb462ed.txt,C:\Machine Learning\projet\projet-machine-learning\dataset\images\valid\gss1670_jpg.rf.036648ef51e777e40f67b7837cb462ed.jpg
valid,gss1672_jpg.rf.de967cb2807dd3c3892ca8018a32c9e6,C:\Machine Learning\projet\projet-machine-learning\dataset\labels\valid\gss1672_jpg.rf.de967cb2807dd3c3892ca8018a32c9e6.txt,C:\Machine Learning\projet\projet-machine-learning\dataset\images\valid\gss1672_jpg.rf.de967cb2807dd3c3892ca8018a32c9e6.jpg
valid,gss1675_jpg.rf.c615c4d1da04ee622726565dc3fa1f91,C:\Machine Learning\projet\projet-machine-learning\dataset\labels\valid\gss1675_jpg.rf.c615c4d1da04ee622726565dc3fa1f91.txt,C:\Machine Learning\projet\projet-machine-learning\dataset\images\valid\gss1675_jpg.rf.c615c4d1da04ee622726565dc3fa1f91.jpg
valid,gss1678_jpg.rf.688f0d1057cb8a04c5c5db2e4b9f7323,C:\Machine Learning\projet\projet-machine-learning\dataset\labels\valid\gss1678_jpg.rf.688f0d1057cb8a04c5c5db2e4b9f7323.txt,C:\Machine Learning\projet\projet-machine-learning\dataset\images\valid\gss1678_jpg.rf.688f0d1057cb8a04c5c5db2e4b9f7323.jpg
valid,gss1679_jpg.rf.e24f42528165d664440531f6278713cf,C:\Machine Learning\projet\projet-machine-learning\dataset\labels\valid\gss1679_jpg.rf.e24f42528165d664440531f6278713cf.txt,C:\Machine Learning\projet\projet-machine-learning\dataset\images\valid\gss1679_jpg.rf.e24f42528165d664440531f6278713cf.jpg
valid,gss1684_jpg.rf.3ec4c5987a1a6e11326fbe5b4ff595d1,C:\Machine Learning\projet\projet-machine-learning\dataset\labels\valid\gss1684_jpg.rf.3ec4c5987a1a6e11326fbe5b4ff595d1.txt,C:\Machine Learning\projet\projet-machine-learning\dataset\images\valid\gss1684_jpg.rf.3ec4c5987a1a6e11326fbe5b4ff595d1.jpg
valid,gss1694_jpg.rf.a4baad8987a972560a5434f3eeecda97,C:\Machine Learning\projet\projet-machine-learning\dataset\labels\valid\gss1694_jpg.rf.a4baad8987a972560a5434f3eeecda97.txt,C:\Machine Learning\projet\projet-machine-learning\dataset\images\valid\gss1694_jpg.rf.a4baad8987a972560a5434f3eeecda97.jpg
valid,gss1695_jpg.rf.57751e4af644ce476c95311284756f95,C:\Machine Learning\projet\projet-machine-learning\dataset\labels\valid\gss1695_jpg.rf.57751e4af644ce476c95311284756f95.txt,C:\Machine Learning\projet\projet-machine-learning\dataset\images\valid\gss1695_jpg.rf.57751e4af644ce476c95311284756f95.jpg
valid,gss1696_jpg.rf.ae53b95c68138950881a7f1be88a73ff,C:\Machine Learning\projet\projet-machine-learning\dataset\labels\valid\gss1696_jpg.rf.ae53b95c68138950881a7f1be88a73ff.txt,C:\Machine Learning\projet\projet-machine-learning\dataset\images\valid\gss1696_jpg.rf.ae53b95c68138950881a7f1be88a73ff.jpg
valid,gss1697_jpg.rf.159c1de56b609209618ee58521868255,C:\Machine Learning\projet\projet-machine-learning\dataset\labels\valid\gss1697_jpg.rf.159c1de56b609209618ee58521868255.txt,C:\Machine Learning\projet\projet-machine-learning\dataset\images\valid\gss1697_jpg.rf.159c1de56b609209618ee58521868255.jpg
valid,gss1706_jpg.rf.b400c8af8f5b6d955e5bd9677f00eb5c,C:\Machine Learning\projet\projet-machine-learning\dataset\labels\valid\gss1706_jpg.rf.b400c8af8f5b6d955e5bd9677f00eb5c.txt,C:\Machine Learning\projet\projet-machine-learning\dataset\images\valid\gss1706_jpg.rf.b400c8af8f5b6d955e5bd9677f00eb5c.jpg
valid,gss1707_jpg.rf.ba554222a8296f320534f81a510a4f22,C:\Machine Learning\projet\projet-machine-learning\dataset\labels\valid\gss1707_jpg.rf.ba554222a8296f320534f81a510a4f22.txt,C:\Machine Learning\projet\projet-machine-learning\dataset\images\valid\gss1707_jpg.rf.ba554222a8296f320534f81a510a4f22.jpg
valid,gss1719_jpg.rf.896fe16090bda6647348ac915bf103b5,C:\Machine Learning\projet\projet-machine-learning\dataset\labels\valid\gss1719_jpg.rf.896fe16090bda6647348ac915bf103b5.txt,C:\Machine Learning\projet\projet-machine-learning\dataset\images\valid\gss1719_jpg.rf.896fe16090bda6647348ac915bf103b5.jpg
valid,gss1725_jpg.rf.e8ec8fb60856dfcae823b369adb191dd,C:\Machine Learning\projet\projet-machine-learning\dataset\labels\valid\gss1725_jpg.rf.e8ec8fb60856dfcae823b369adb191dd.txt,C:\Machine Learning\projet\projet-machine-learning\dataset\images\valid\gss1725_jpg.rf.e8ec8fb60856dfcae823b369adb191dd.jpg
valid,gss1729_jpg.rf.33728131a4fb62e5f93e2821192a1464,C:\Machine Learning\projet\projet-machine-learning\dataset\labels\valid\gss1729_jpg.rf.33728131a4fb62e5f93e2821192a1464.txt,C:\Machine Learning\projet\projet-machine-learning\dataset\images\valid\gss1729_jpg.rf.33728131a4fb62e5f93e2821192a1464.jpg
valid,gss1732_jpg.rf.94d137c6d8234e4ff3a22dcb954c658b,C:\Machine Learning\projet\projet-machine-learning\dataset\labels\valid\gss1732_jpg.rf.94d137c6d8234e4ff3a22dcb954c658b.txt,C:\Machine Learning\projet\projet-machine-learning\dataset\images\valid\gss1732_jpg.rf.94d137c6d8234e4ff3a22dcb954c658b.jpg
valid,gss1737_jpg.rf.d3c0822e39c6c57b9cdbc0067042048c,C:\Machine Learning\projet\projet-machine-learning\dataset\labels\valid\gss1737_jpg.rf.d3c0822e39c6c57b9cdbc0067042048c.txt,C:\Machine Learning\projet\projet-machine-learning\dataset\images\valid\gss1737_jpg.rf.d3c0822e39c6c57b9cdbc0067042048c.jpg
valid,gss1750_jpg.rf.2f9c851bcc2efa10bc2192f1dec15c93,C:\Machine Learning\projet\projet-machine-learning\dataset\labels\valid\gss1750_jpg.rf.2f9c851bcc2efa10bc2192f1dec15c93.txt,C:\Machine Learning\projet\projet-machine-learning\dataset\images\valid\gss1750_jpg.rf.2f9c851bcc2efa10bc2192f1dec15c93.jpg
valid,gss1755_jpg.rf.e540e2173f55b69b5cbfdb1133dffba2,C:\Machine Learning\projet\projet-machine-learning\dataset\labels\valid\gss1755_jpg.rf.e540e2173f55b69b5cbfdb1133dffba2.txt,C:\Machine Learning\projet\projet-machine-learning\dataset\images\valid\gss1755_jpg.rf.e540e2173f55b69b5cbfdb1133dffba2.jpg
valid,gss1758_jpg.rf.e0e46cd5cb275c43e7d99ddaa3d8d0d1,C:\Machine Learning\projet\projet-machine-learning\dataset\labels\valid\gss1758_jpg.rf.e0e46cd5cb275c43e7d99ddaa3d8d0d1.txt,C:\Machine Learning\projet\projet-machine-learning\dataset\images\valid\gss1758_jpg.rf.e0e46cd5cb275c43e7d99ddaa3d8d0d1.jpg
valid,gss1759_jpg.rf.8f02206a6c5258500e930ab08f7635d3,C:\Machine Learning\projet\projet-machine-learning\dataset\labels\valid\gss1759_jpg.rf.8f02206a6c5258500e930ab08f7635d3.txt,C:\Machine Learning\projet\projet-machine-learning\dataset\images\valid\gss1759_jpg.rf.8f02206a6c5258500e930ab08f7635d3.jpg
valid,gss1763_jpg.rf.c79eeb7f4330bcc02720d5fcf296597c,C:\Machine Learning\projet\projet-machine-learning\dataset\labels\valid\gss1763_jpg.rf.c79eeb7f4330bcc02720d5fcf296597c.txt,C:\Machine Learning\projet\projet-machine-learning\dataset\images\valid\gss1763_jpg.rf.c79eeb7f4330bcc02720d5fcf296597c.jpg
valid,gss1767_jpg.rf.afe0afb4abc421275efc83eef4c7142f,C:\Machine Learning\projet\projet-machine-learning\dataset\labels\valid\gss1767_jpg.rf.afe0afb4abc421275efc83eef4c7142f.txt,C:\Machine Learning\projet\projet-machine-learning\dataset\images\valid\gss1767_jpg.rf.afe0afb4abc421275efc83eef4c7142f.jpg
valid,gss1768_jpg.rf.11f24f83ef03773339a20dd7bc3b5403,C:\Machine Learning\projet\projet-machine-learning\dataset\labels\valid\gss1768_jpg.rf.11f24f83ef03773339a20dd7bc3b5403.txt,C:\Machine Learning\projet\projet-machine-learning\dataset\images\valid\gss1768_jpg.rf.11f24f83ef03773339a20dd7bc3b5403.jpg
valid,gss1775_jpg.rf.0e20dcac35058a06a6c1058d6ff9f037,C:\Machine Learning\projet\projet-machine-learning\dataset\labels\valid\gss1775_jpg.rf.0e20dcac35058a06a6c1058d6ff9f037.txt,C:\Machine Learning\projet\projet-machine-learning\dataset\images\valid\gss1775_jpg.rf.0e20dcac35058a06a6c1058d6ff9f037.jpg
valid,gss1778_jpg.rf.cf0f06276f7a2b4a985ba1b419c55bc1,C:\Machine Learning\projet\projet-machine-learning\dataset\labels\valid\gss1778_jpg.rf.cf0f06276f7a2b4a985ba1b419c55bc1.txt,C:\Machine Learning\projet\projet-machine-learning\dataset\images\valid\gss1778_jpg.rf.cf0f06276f7a2b4a985ba1b419c55bc1.jpg
valid,gss178_jpg.rf.62076dfc44a4d2b34363febf2b9612bd,C:\Machine Learning\projet\projet-machine-learning\dataset\labels\valid\gss178_jpg.rf.62076dfc44a4d2b34363febf2b9612bd.txt,C:\Machine Learning\projet\projet-machine-learning\dataset\images\valid\gss178_jpg.rf.62076dfc44a4d2b34363febf2b9612bd.jpg
valid,gss1794_jpg.rf.742d4536ef8117d67c5c5844d3a117fc,C:\Machine Learning\projet\projet-machine-learning\dataset\labels\valid\gss1794_jpg.rf.742d4536ef8117d67c5c5844d3a117fc.txt,C:\Machine Learning\projet\projet-machine-learning\dataset\images\valid\gss1794_jpg.rf.742d4536ef8117d67c5c5844d3a117fc.jpg
valid,gss1796_jpg.rf.d2c2c4e1a23187afb1ddad380691f1df,C:\Machine Learning\projet\projet-machine-learning\dataset\labels\valid\gss1796_jpg.rf.d2c2c4e1a23187afb1ddad380691f1df.txt,C:\Machine Learning\projet\projet-machine-learning\dataset\images\valid\gss1796_jpg.rf.d2c2c4e1a23187afb1ddad380691f1df.jpg
valid,gss1799_jpg.rf.8d66626d2781b8e4fa610c2bedb9f69e,C:\Machine Learning\projet\projet-machine-learning\dataset\labels\valid\gss1799_jpg.rf.8d66626d2781b8e4fa610c2bedb9f69e.txt,C:\Machine Learning\projet\projet-machine-learning\dataset\images\valid\gss1799_jpg.rf.8d66626d2781b8e4fa610c2bedb9f69e.jpg
valid,gss17_jpg.rf.9cd64e0e2a3ff9a1c5644f717f5a6195,C:\Machine Learning\projet\projet-machine-learning\dataset\labels\valid\gss17_jpg.rf.9cd64e0e2a3ff9a1c5644f717f5a6195.txt,C:\Machine Learning\projet\projet-machine-learning\dataset\images\valid\gss17_jpg.rf.9cd64e0e2a3ff9a1c5644f717f5a6195.jpg
valid,gss1803_jpg.rf.acdc916efc0781024a7efbc3c8ed37e0,C:\Machine Learning\projet\projet-machine-learning\dataset\labels\valid\gss1803_jpg.rf.acdc916efc0781024a7efbc3c8ed37e0.txt,C:\Machine Learning\projet\projet-machine-learning\dataset\images\valid\gss1803_jpg.rf.acdc916efc0781024a7efbc3c8ed37e0.jpg
valid,gss1807_jpg.rf.bc8dcdf6887613e1d100089ff76973cc,C:\Machine Learning\projet\projet-machine-learning\dataset\labels\valid\gss1807_jpg.rf.bc8dcdf6887613e1d100089ff76973cc.txt,C:\Machine Learning\projet\projet-machine-learning\dataset\images\valid\gss1807_jpg.rf.bc8dcdf6887613e1d100089ff76973cc.jpg
valid,gss1809_jpg.rf.ede6c58a79138aa36c86f4af9fb8148f,C:\Machine Learning\projet\projet-machine-learning\dataset\labels\valid\gss1809_jpg.rf.ede6c58a79138aa36c86f4af9fb8148f.txt,C:\Machine Learning\projet\projet-machine-learning\dataset\images\valid\gss1809_jpg.rf.ede6c58a79138aa36c86f4af9fb8148f.jpg
valid,gss1818_jpg.rf.440b77c21852369db860c55e041c0614,C:\Machine Learning\projet\projet-machine-learning\dataset\labels\valid\gss1818_jpg.rf.440b77c21852369db860c55e041c0614.txt,C:\Machine Learning\projet\projet-machine-learning\dataset\images\valid\gss1818_jpg.rf.440b77c21852369db860c55e041c0614.jpg
valid,gss1821_jpg.rf.8feef45221535ebe996cb283f40bcd4a,C:\Machine Learning\projet\projet-machine-learning\dataset\labels\valid\gss1821_jpg.rf.8feef45221535ebe996cb283f40bcd4a.txt,C:\Machine Learning\projet\projet-machine-learning\dataset\images\valid\gss1821_jpg.rf.8feef45221535ebe996cb283f40bcd4a.jpg
valid,gss1822_jpg.rf.a4cf92a9b8447a865b6c1ac7c0a9f8b0,C:\Machine Learning\projet\projet-machine-learning\dataset\labels\valid\gss1822_jpg.rf.a4cf92a9b8447a865b6c1ac7c0a9f8b0.txt,C:\Machine Learning\projet\projet-machine-learning\dataset\images\valid\gss1822_jpg.rf.a4cf92a9b8447a865b6c1ac7c0a9f8b0.jpg
valid,gss1823_jpg.rf.1206ee897fa784cc29c2dc393e60bd56,C:\Machine Learning\projet\projet-machine-learning\dataset\labels\valid\gss1823_jpg.rf.1206ee897fa784cc29c2dc393e60bd56.txt,C:\Machine Learning\projet\projet-machine-learning\dataset\images\valid\gss1823_jpg.rf.1206ee897fa784cc29c2dc393e60bd56.jpg
valid,gss1838_jpg.rf.8d6040e073b59f4448826280d87cd6e8,C:\Machine Learning\projet\projet-machine-learning\dataset\labels\valid\gss1838_jpg.rf.8d6040e073b59f4448826280d87cd6e8.txt,C:\Machine Learning\projet\projet-machine-learning\dataset\images\valid\gss1838_jpg.rf.8d6040e073b59f4448826280d87cd6e8.jpg
valid,gss1840_jpg.rf.d9af93cd146439468628656bcffe2b43,C:\Machine Learning\projet\projet-machine-learning\dataset\labels\valid\gss1840_jpg.rf.d9af93cd146439468628656bcffe2b43.txt,C:\Machine Learning\projet\projet-machine-learning\dataset\images\valid\gss1840_jpg.rf.d9af93cd146439468628656bcffe2b43.jpg
valid,gss184_jpg.rf.860a3fe84d112145e8da1f10fb563d69,C:\Machine Learning\projet\projet-machine-learning\dataset\labels\valid\gss184_jpg.rf.860a3fe84d112145e8da1f10fb563d69.txt,C:\Machine Learning\projet\projet-machine-learning\dataset\images\valid\gss184_jpg.rf.860a3fe84d112145e8da1f10fb563d69.jpg
valid,gss1852_jpg.rf.d143bd28a093a139ff5c695153aa0687,C:\Machine Learning\projet\projet-machine-learning\dataset\labels\valid\gss1852_jpg.rf.d143bd28a093a139ff5c695153aa0687.txt,C:\Machine Learning\projet\projet-machine-learning\dataset\images\valid\gss1852_jpg.rf.d143bd28a093a139ff5c695153aa0687.jpg
valid,gss1854_jpg.rf.74b0807393ba2feba18c8ae6d0a0f61c,C:\Machine Learning\projet\projet-machine-learning\dataset\labels\valid\gss1854_jpg.rf.74b0807393ba2feba18c8ae6d0a0f61c.txt,C:\Machine Learning\projet\projet-machine-learning\dataset\images\valid\gss1854_jpg.rf.74b0807393ba2feba18c8ae6d0a0f61c.jpg
valid,gss1855_jpg.rf.44ada900be7de691b48cff5c9f145e24,C:\Machine Learning\projet\projet-machine-learning\dataset\labels\valid\gss1855_jpg.rf.44ada900be7de691b48cff5c9f145e24.txt,C:\Machine Learning\projet\projet-machine-learning\dataset\images\valid\gss1855_jpg.rf.44ada900be7de691b48cff5c9f145e24.jpg
valid,gss1856_jpg.rf.7ef93f96275db000e675a3f7b65050ce,C:\Machine Learning\projet\projet-machine-learning\dataset\labels\valid\gss1856_jpg.rf.7ef93f96275db000e675a3f7b65050ce.txt,C:\Machine Learning\projet\projet-machine-learning\dataset\images\valid\gss1856_jpg.rf.7ef93f96275db000e675a3f7b65050ce.jpg
valid,gss1861_jpg.rf.db65ee102e6927429686ec678769c6fb,C:\Machine Learning\projet\projet-machine-learning\dataset\labels\valid\gss1861_jpg.rf.db65ee102e6927429686ec678769c6fb.txt,C:\Machine Learning\projet\projet-machine-learning\dataset\images\valid\gss1861_jpg.rf.db65ee102e6927429686ec678769c6fb.jpg
valid,gss1871_jpg.rf.2d896d9e7b18d22c58e34bbf607b5218,C:\Machine Learning\projet\projet-machine-learning\dataset\labels\valid\gss1871_jpg.rf.2d896d9e7b18d22c58e34bbf607b5218.txt,C:\Machine Learning\projet\projet-machine-learning\dataset\images\valid\gss1871_jpg.rf.2d896d9e7b18d22c58e34bbf607b5218.jpg
valid,gss1877_jpg.rf.951d496a274def47e0a213813a69f00f,C:\Machine Learning\projet\projet-machine-learning\dataset\labels\valid\gss1877_jpg.rf.951d496a274def47e0a213813a69f00f.txt,C:\Machine Learning\projet\projet-machine-learning\dataset\images\valid\gss1877_jpg.rf.951d496a274def47e0a213813a69f00f.jpg
valid,gss1883_jpg.rf.2f835b601403557c5afbc07d9cfe2c74,C:\Machine Learning\projet\projet-machine-learning\dataset\labels\valid\gss1883_jpg.rf.2f835b601403557c5afbc07d9cfe2c74.txt,C:\Machine Learning\projet\projet-machine-learning\dataset\images\valid\gss1883_jpg.rf.2f835b601403557c5afbc07d9cfe2c74.jpg
valid,gss1890_jpg.rf.801fcd6e61faec532d5eb8a7da89cdf9,C:\Machine Learning\projet\projet-machine-learning\dataset\labels\valid\gss1890_jpg.rf.801fcd6e61faec532d5eb8a7da89cdf9.txt,C:\Machine Learning\projet\projet-machine-learning\dataset\images\valid\gss1890_jpg.rf.801fcd6e61faec532d5eb8a7da89cdf9.jpg
valid,gss1893_jpg.rf.65633ef317d790dd07f2b0273ffda52e,C:\Machine Learning\projet\projet-machine-learning\dataset\labels\valid\gss1893_jpg.rf.65633ef317d790dd07f2b0273ffda52e.txt,C:\Machine Learning\projet\projet-machine-learning\dataset\images\valid\gss1893_jpg.rf.65633ef317d790dd07f2b0273ffda52e.jpg
valid,gss1894_jpg.rf.4817fcd5d929d5d6a5319ac205904293,C:\Machine Learning\projet\projet-machine-learning\dataset\labels\valid\gss1894_jpg.rf.4817fcd5d929d5d6a5319ac205904293.txt,C:\Machine Learning\projet\projet-machine-learning\dataset\images\valid\gss1894_jpg.rf.4817fcd5d929d5d6a5319ac205904293.jpg
valid,gss1897_jpg.rf.cd223f6e711c307d10cb8121600d1541,C:\Machine Learning\projet\projet-machine-learning\dataset\labels\valid\gss1897_jpg.rf.cd223f6e711c307d10cb8121600d1541.txt,C:\Machine Learning\projet\projet-machine-learning\dataset\images\valid\gss1897_jpg.rf.cd223f6e711c307d10cb8121600d1541.jpg
valid,gss1898_jpg.rf.b78364cbf9226f2eff9c6fed4b7679d8,C:\Machine Learning\projet\projet-machine-learning\dataset\labels\valid\gss1898_jpg.rf.b78364cbf9226f2eff9c6fed4b7679d8.txt,C:\Machine Learning\projet\projet-machine-learning\dataset\images\valid\gss1898_jpg.rf.b78364cbf9226f2eff9c6fed4b7679d8.jpg
valid,gss1904_jpg.rf.d3621a3145e7a49aff48d94db2a378fc,C:\Machine Learning\projet\projet-machine-learning\dataset\labels\valid\gss1904_jpg.rf.d3621a3145e7a49aff48d94db2a378fc.txt,C:\Machine Learning\projet\projet-machine-learning\dataset\images\valid\gss1904_jpg.rf.d3621a3145e7a49aff48d94db2a378fc.jpg
valid,gss1911_jpg.rf.ff38da42156e07c3f2799e38c1834c62,C:\Machine Learning\projet\projet-machine-learning\dataset\labels\valid\gss1911_jpg.rf.ff38da42156e07c3f2799e38c1834c62.txt,C:\Machine Learning\projet\projet-machine-learning\dataset\images\valid\gss1911_jpg.rf.ff38da42156e07c3f2799e38c1834c62.jpg
valid,gss1916_jpg.rf.a0a2f9c885d081b25450398d2d6e5057,C:\Machine Learning\projet\projet-machine-learning\dataset\labels\valid\gss1916_jpg.rf.a0a2f9c885d081b25450398d2d6e5057.txt,C:\Machine Learning\projet\projet-machine-learning\dataset\images\valid\gss1916_jpg.rf.a0a2f9c885d081b25450398d2d6e5057.jpg
valid,gss191_jpg.rf.a59562427aeb98d9bd6071093f388396,C:\Machine Learning\projet\projet-machine-learning\dataset\labels\valid\gss191_jpg.rf.a59562427aeb98d9bd6071093f388396.txt,C:\Machine Learning\projet\projet-machine-learning\dataset\images\valid\gss191_jpg.rf.a59562427aeb98d9bd6071093f388396.jpg
valid,gss1927_jpg.rf.ff9a925e61c64eedadfa8f02b7e483b6,C:\Machine Learning\projet\projet-machine-learning\dataset\labels\valid\gss1927_jpg.rf.ff9a925e61c64eedadfa8f02b7e483b6.txt,C:\Machine Learning\projet\projet-machine-learning\dataset\images\valid\gss1927_jpg.rf.ff9a925e61c64eedadfa8f02b7e483b6.jpg
valid,gss1936_jpg.rf.4aa189837e9b556fa45e237bebafbcdb,C:\Machine Learning\projet\projet-machine-learning\dataset\labels\valid\gss1936_jpg.rf.4aa189837e9b556fa45e237bebafbcdb.txt,C:\Machine Learning\projet\projet-machine-learning\dataset\images\valid\gss1936_jpg.rf.4aa189837e9b556fa45e237bebafbcdb.jpg
valid,gss1946_jpg.rf.cd0bca8bfd464eb2661bc29651091848,C:\Machine Learning\projet\projet-machine-learning\dataset\labels\valid\gss1946_jpg.rf.cd0bca8bfd464eb2661bc29651091848.txt,C:\Machine Learning\projet\projet-machine-learning\dataset\images\valid\gss1946_jpg.rf.cd0bca8bfd464eb2661bc29651091848.jpg
valid,gss1950_jpg.rf.1257fb726f21e1b5b6a18ddd17b8f992,C:\Machine Learning\projet\projet-machine-learning\dataset\labels\valid\gss1950_jpg.rf.1257fb726f21e1b5b6a18ddd17b8f992.txt,C:\Machine Learning\projet\projet-machine-learning\dataset\images\valid\gss1950_jpg.rf.1257fb726f21e1b5b6a18ddd17b8f992.jpg
valid,gss1954_jpg.rf.fa0aaccbec392cb4260a37a6c9f8143a,C:\Machine Learning\projet\projet-machine-learning\dataset\labels\valid\gss1954_jpg.rf.fa0aaccbec392cb4260a37a6c9f8143a.txt,C:\Machine Learning\projet\projet-machine-learning\dataset\images\valid\gss1954_jpg.rf.fa0aaccbec392cb4260a37a6c9f8143a.jpg
valid,gss1960_jpg.rf.67736cf8af748a2c8a7fa5f2a999bb69,C:\Machine Learning\projet\projet-machine-learning\dataset\labels\valid\gss1960_jpg.rf.67736cf8af748a2c8a7fa5f2a999bb69.txt,C:\Machine Learning\projet\projet-machine-learning\dataset\images\valid\gss1960_jpg.rf.67736cf8af748a2c8a7fa5f2a999bb69.jpg
valid,gss1965_jpg.rf.8004544da97cc7373ded8efee0e46b2e,C:\Machine Learning\projet\projet-machine-learning\dataset\labels\valid\gss1965_jpg.rf.8004544da97cc7373ded8efee0e46b2e.txt,C:\Machine Learning\projet\projet-machine-learning\dataset\images\valid\gss1965_jpg.rf.8004544da97cc7373ded8efee0e46b2e.jpg
valid,gss1968_jpg.rf.327335f23e3b66d1fff94e924a9ec75d,C:\Machine Learning\projet\projet-machine-learning\dataset\labels\valid\gss1968_jpg.rf.327335f23e3b66d1fff94e924a9ec75d.txt,C:\Machine Learning\projet\projet-machine-learning\dataset\images\valid\gss1968_jpg.rf.327335f23e3b66d1fff94e924a9ec75d.jpg
valid,gss1979_jpg.rf.23c6f2c7b1d7d9263edbb05dcfcebfb3,C:\Machine Learning\projet\projet-machine-learning\dataset\labels\valid\gss1979_jpg.rf.23c6f2c7b1d7d9263edbb05dcfcebfb3.txt,C:\Machine Learning\projet\projet-machine-learning\dataset\images\valid\gss1979_jpg.rf.23c6f2c7b1d7d9263edbb05dcfcebfb3.jpg
valid,gss1981_jpg.rf.d74cc5e2b1ab2546f25f37545f542012,C:\Machine Learning\projet\projet-machine-learning\dataset\labels\valid\gss1981_jpg.rf.d74cc5e2b1ab2546f25f37545f542012.txt,C:\Machine Learning\projet\projet-machine-learning\dataset\images\valid\gss1981_jpg.rf.d74cc5e2b1ab2546f25f37545f542012.jpg
valid,gss1988_jpg.rf.ea9c95fe0e63116e959e02f4eeeea573,C:\Machine Learning\projet\projet-machine-learning\dataset\labels\valid\gss1988_jpg.rf.ea9c95fe0e63116e959e02f4eeeea573.txt,C:\Machine Learning\projet\projet-machine-learning\dataset\images\valid\gss1988_jpg.rf.ea9c95fe0e63116e959e02f4eeeea573.jpg
valid,gss198_jpg.rf.187179f22cda0252b78de454b5f7e83f,C:\Machine Learning\projet\projet-machine-learning\dataset\labels\valid\gss198_jpg.rf.187179f22cda0252b78de454b5f7e83f.txt,C:\Machine Learning\projet\projet-machine-learning\dataset\images\valid\gss198_jpg.rf.187179f22cda0252b78de454b5f7e83f.jpg
valid,gss1992_jpg.rf.97f6d45bbec8d6395d24495557a72523,C:\Machine Learning\projet\projet-machine-learning\dataset\labels\valid\gss1992_jpg.rf.97f6d45bbec8d6395d24495557a72523.txt,C:\Machine Learning\projet\projet-machine-learning\dataset\images\valid\gss1992_jpg.rf.97f6d45bbec8d6395d24495557a72523.jpg
valid,gss1996_jpg.rf.011f1560118d66e3a8d07f6d40eff819,C:\Machine Learning\projet\projet-machine-learning\dataset\labels\valid\gss1996_jpg.rf.011f1560118d66e3a8d07f6d40eff819.txt,C:\Machine Learning\projet\projet-machine-learning\dataset\images\valid\gss1996_jpg.rf.011f1560118d66e3a8d07f6d40eff819.jpg
valid,gss2007_jpg.rf.22fb705692e1e38757a07aea5d91e35e,C:\Machine Learning\projet\projet-machine-learning\dataset\labels\valid\gss2007_jpg.rf.22fb705692e1e38757a07aea5d91e35e.txt,C:\Machine Learning\projet\projet-machine-learning\dataset\images\valid\gss2007_jpg.rf.22fb705692e1e38757a07aea5d91e35e.jpg
valid,gss2009_jpg.rf.20601306a26d3ca22a5ff0f98bb91359,C:\Machine Learning\projet\projet-machine-learning\dataset\labels\valid\gss2009_jpg.rf.20601306a26d3ca22a5ff0f98bb91359.txt,C:\Machine Learning\projet\projet-machine-learning\dataset\images\valid\gss2009_jpg.rf.20601306a26d3ca22a5ff0f98bb91359.jpg
valid,gss200_jpg.rf.ec609b9ca825b015e2230ddc024d3153,C:\Machine Learning\projet\projet-machine-learning\dataset\labels\valid\gss200_jpg.rf.ec609b9ca825b015e2230ddc024d3153.txt,C:\Machine Learning\projet\projet-machine-learning\dataset\images\valid\gss200_jpg.rf.ec609b9ca825b015e2230ddc024d3153.jpg
valid,gss2013_jpg.rf.2ba2e4a160d9854ad0ba9ef22092041d,C:\Machine Learning\projet\projet-machine-learning\dataset\labels\valid\gss2013_jpg.rf.2ba2e4a160d9854ad0ba9ef22092041d.txt,C:\Machine Learning\projet\projet-machine-learning\dataset\images\valid\gss2013_jpg.rf.2ba2e4a160d9854ad0ba9ef22092041d.jpg
valid,gss2017_jpg.rf.2bbcb05d9170e5474d086b3491c01b1c,C:\Machine Learning\projet\projet-machine-learning\dataset\labels\valid\gss2017_jpg.rf.2bbcb05d9170e5474d086b3491c01b1c.txt,C:\Machine Learning\projet\projet-machine-learning\dataset\images\valid\gss2017_jpg.rf.2bbcb05d9170e5474d086b3491c01b1c.jpg
valid,gss2025_jpg.rf.e7ed3b9d42bbb35eabb08397e646e9a6,C:\Machine Learning\projet\projet-machine-learning\dataset\labels\valid\gss2025_jpg.rf.e7ed3b9d42bbb35eabb08397e646e9a6.txt,C:\Machine Learning\projet\projet-machine-learning\dataset\images\valid\gss2025_jpg.rf.e7ed3b9d42bbb35eabb08397e646e9a6.jpg
valid,gss2028_jpg.rf.8534437f010ea8e7de96c4230aa92d0c,C:\Machine Learning\projet\projet-machine-learning\dataset\labels\valid\gss2028_jpg.rf.8534437f010ea8e7de96c4230aa92d0c.txt,C:\Machine Learning\projet\projet-machine-learning\dataset\images\valid\gss2028_jpg.rf.8534437f010ea8e7de96c4230aa92d0c.jpg
valid,gss2035_jpg.rf.9f736b24762ca7dd9f6a2c66b636b828,C:\Machine Learning\projet\projet-machine-learning\dataset\labels\valid\gss2035_jpg.rf.9f736b24762ca7dd9f6a2c66b636b828.txt,C:\Machine Learning\projet\projet-machine-learning\dataset\images\valid\gss2035_jpg.rf.9f736b24762ca7dd9f6a2c66b636b828.jpg
valid,gss2040_jpg.rf.6368a33852dc2f90bd1da7caaa106060,C:\Machine Learning\projet\projet-machine-learning\dataset\labels\valid\gss2040_jpg.rf.6368a33852dc2f90bd1da7caaa106060.txt,C:\Machine Learning\projet\projet-machine-learning\dataset\images\valid\gss2040_jpg.rf.6368a33852dc2f90bd1da7caaa106060.jpg
valid,gss2042_jpg.rf.2111ecd042b0fd57120a3afb76595894,C:\Machine Learning\projet\projet-machine-learning\dataset\labels\valid\gss2042_jpg.rf.2111ecd042b0fd57120a3afb76595894.txt,C:\Machine Learning\projet\projet-machine-learning\dataset\images\valid\gss2042_jpg.rf.2111ecd042b0fd57120a3afb76595894.jpg
valid,gss2048_jpg.rf.dc53ef9976ee4007764a2fc809d0864a,C:\Machine Learning\projet\projet-machine-learning\dataset\labels\valid\gss2048_jpg.rf.dc53ef9976ee4007764a2fc809d0864a.txt,C:\Machine Learning\projet\projet-machine-learning\dataset\images\valid\gss2048_jpg.rf.dc53ef9976ee4007764a2fc809d0864a.jpg
valid,gss204_jpg.rf.d4f34e550507ca8e899e99953b43a2fd,C:\Machine Learning\projet\projet-machine-learning\dataset\labels\valid\gss204_jpg.rf.d4f34e550507ca8e899e99953b43a2fd.txt,C:\Machine Learning\projet\projet-machine-learning\dataset\images\valid\gss204_jpg.rf.d4f34e550507ca8e899e99953b43a2fd.jpg
valid,gss2055_jpg.rf.057e0affca8a6cff3b4243bda146f7d4,C:\Machine Learning\projet\projet-machine-learning\dataset\labels\valid\gss2055_jpg.rf.057e0affca8a6cff3b4243bda146f7d4.txt,C:\Machine Learning\projet\projet-machine-learning\dataset\images\valid\gss2055_jpg.rf.057e0affca8a6cff3b4243bda146f7d4.jpg
valid,gss2058_jpg.rf.5ed209b3ded51d7e98c23a01c7338ea9,C:\Machine Learning\projet\projet-machine-learning\dataset\labels\valid\gss2058_jpg.rf.5ed209b3ded51d7e98c23a01c7338ea9.txt,C:\Machine Learning\projet\projet-machine-learning\dataset\images\valid\gss2058_jpg.rf.5ed209b3ded51d7e98c23a01c7338ea9.jpg
valid,gss205_jpg.rf.ce6219e21785f239694cc6fa449d069b,C:\Machine Learning\projet\projet-machine-learning\dataset\labels\valid\gss205_jpg.rf.ce6219e21785f239694cc6fa449d069b.txt,C:\Machine Learning\projet\projet-machine-learning\dataset\images\valid\gss205_jpg.rf.ce6219e21785f239694cc6fa449d069b.jpg
valid,gss2075_jpg.rf.d7bbed747c96719d5cffbcc2b069abcd,C:\Machine Learning\projet\projet-machine-learning\dataset\labels\valid\gss2075_jpg.rf.d7bbed747c96719d5cffbcc2b069abcd.txt,C:\Machine Learning\projet\projet-machine-learning\dataset\images\valid\gss2075_jpg.rf.d7bbed747c96719d5cffbcc2b069abcd.jpg
valid,gss2086_jpg.rf.648ba0c95e87830cbe79a3fa916fd4ca,C:\Machine Learning\projet\projet-machine-learning\dataset\labels\valid\gss2086_jpg.rf.648ba0c95e87830cbe79a3fa916fd4ca.txt,C:\Machine Learning\projet\projet-machine-learning\dataset\images\valid\gss2086_jpg.rf.648ba0c95e87830cbe79a3fa916fd4ca.jpg
valid,gss2096_jpg.rf.b123314749c65407ce315837cb783979,C:\Machine Learning\projet\projet-machine-learning\dataset\labels\valid\gss2096_jpg.rf.b123314749c65407ce315837cb783979.txt,C:\Machine Learning\projet\projet-machine-learning\dataset\images\valid\gss2096_jpg.rf.b123314749c65407ce315837cb783979.jpg
valid,gss210_jpg.rf.3d6d4a31a8713e981abefb8288c94b25,C:\Machine Learning\projet\projet-machine-learning\dataset\labels\valid\gss210_jpg.rf.3d6d4a31a8713e981abefb8288c94b25.txt,C:\Machine Learning\projet\projet-machine-learning\dataset\images\valid\gss210_jpg.rf.3d6d4a31a8713e981abefb8288c94b25.jpg
valid,gss214_jpg.rf.18d8b2051b13e92aaf048bfc3689b75e,C:\Machine Learning\projet\projet-machine-learning\dataset\labels\valid\gss214_jpg.rf.18d8b2051b13e92aaf048bfc3689b75e.txt,C:\Machine Learning\projet\projet-machine-learning\dataset\images\valid\gss214_jpg.rf.18d8b2051b13e92aaf048bfc3689b75e.jpg
valid,gss215_jpg.rf.75c2821719ae66e6be26431055c567ee,C:\Machine Learning\projet\projet-machine-learning\dataset\labels\valid\gss215_jpg.rf.75c2821719ae66e6be26431055c567ee.txt,C:\Machine Learning\projet\projet-machine-learning\dataset\images\valid\gss215_jpg.rf.75c2821719ae66e6be26431055c567ee.jpg
valid,gss21_jpg.rf.8b7afd708e029a240eb2f2da485fc0b1,C:\Machine Learning\projet\projet-machine-learning\dataset\labels\valid\gss21_jpg.rf.8b7afd708e029a240eb2f2da485fc0b1.txt,C:\Machine Learning\projet\projet-machine-learning\dataset\images\valid\gss21_jpg.rf.8b7afd708e029a240eb2f2da485fc0b1.jpg
valid,gss228_jpg.rf.b688fd778d49c528c4993c27366c93cf,C:\Machine Learning\projet\projet-machine-learning\dataset\labels\valid\gss228_jpg.rf.b688fd778d49c528c4993c27366c93cf.txt,C:\Machine Learning\projet\projet-machine-learning\dataset\images\valid\gss228_jpg.rf.b688fd778d49c528c4993c27366c93cf.jpg
valid,gss22_jpg.rf.915846813f546d2b82473656cd1835ee,C:\Machine Learning\projet\projet-machine-learning\dataset\labels\valid\gss22_jpg.rf.915846813f546d2b82473656cd1835ee.txt,C:\Machine Learning\projet\projet-machine-learning\dataset\images\valid\gss22_jpg.rf.915846813f546d2b82473656cd1835ee.jpg
valid,gss235_jpg.rf.748f7522b38471f120e619eb4b9c66a9,C:\Machine Learning\projet\projet-machine-learning\dataset\labels\valid\gss235_jpg.rf.748f7522b38471f120e619eb4b9c66a9.txt,C:\Machine Learning\projet\projet-machine-learning\dataset\images\valid\gss235_jpg.rf.748f7522b38471f120e619eb4b9c66a9.jpg
valid,gss237_jpg.rf.9ed8379784013450a5f0e7cd891619c7,C:\Machine Learning\projet\projet-machine-learning\dataset\labels\valid\gss237_jpg.rf.9ed8379784013450a5f0e7cd891619c7.txt,C:\Machine Learning\projet\projet-machine-learning\dataset\images\valid\gss237_jpg.rf.9ed8379784013450a5f0e7cd891619c7.jpg
valid,gss238_jpg.rf.a7f59e33973c2064bed6779beae604fb,C:\Machine Learning\projet\projet-machine-learning\dataset\labels\valid\gss238_jpg.rf.a7f59e33973c2064bed6779beae604fb.txt,C:\Machine Learning\projet\projet-machine-learning\dataset\images\valid\gss238_jpg.rf.a7f59e33973c2064bed6779beae604fb.jpg
valid,gss249_jpg.rf.39b3301ce28222815324558ff273f08a,C:\Machine Learning\projet\projet-machine-learning\dataset\labels\valid\gss249_jpg.rf.39b3301ce28222815324558ff273f08a.txt,C:\Machine Learning\projet\projet-machine-learning\dataset\images\valid\gss249_jpg.rf.39b3301ce28222815324558ff273f08a.jpg
valid,gss251_jpg.rf.b54a2b154e850341a6578d707a4dea8a,C:\Machine Learning\projet\projet-machine-learning\dataset\labels\valid\gss251_jpg.rf.b54a2b154e850341a6578d707a4dea8a.txt,C:\Machine Learning\projet\projet-machine-learning\dataset\images\valid\gss251_jpg.rf.b54a2b154e850341a6578d707a4dea8a.jpg
valid,gss252_jpg.rf.f58a1f98d51d1962ca4b778640c3705d,C:\Machine Learning\projet\projet-machine-learning\dataset\labels\valid\gss252_jpg.rf.f58a1f98d51d1962ca4b778640c3705d.txt,C:\Machine Learning\projet\projet-machine-learning\dataset\images\valid\gss252_jpg.rf.f58a1f98d51d1962ca4b778640c3705d.jpg
valid,gss279_jpg.rf.297b29ccc62b52ce0bbffed814e16cb4,C:\Machine Learning\projet\projet-machine-learning\dataset\labels\valid\gss279_jpg.rf.297b29ccc62b52ce0bbffed814e16cb4.txt,C:\Machine Learning\projet\projet-machine-learning\dataset\images\valid\gss279_jpg.rf.297b29ccc62b52ce0bbffed814e16cb4.jpg
valid,gss280_jpg.rf.c8f15da0207c545456d5781631a1b7b3,C:\Machine Learning\projet\projet-machine-learning\dataset\labels\valid\gss280_jpg.rf.c8f15da0207c545456d5781631a1b7b3.txt,C:\Machine Learning\projet\projet-machine-learning\dataset\images\valid\gss280_jpg.rf.c8f15da0207c545456d5781631a1b7b3.jpg
valid,gss296_jpg.rf.aadbccceee918abb16874a9e8aeadb8d,C:\Machine Learning\projet\projet-machine-learning\dataset\labels\valid\gss296_jpg.rf.aadbccceee918abb16874a9e8aeadb8d.txt,C:\Machine Learning\projet\projet-machine-learning\dataset\images\valid\gss296_jpg.rf.aadbccceee918abb16874a9e8aeadb8d.jpg
valid,gss299_jpg.rf.6de6c7408ec230073b7aeb568ab42819,C:\Machine Learning\projet\projet-machine-learning\dataset\labels\valid\gss299_jpg.rf.6de6c7408ec230073b7aeb568ab42819.txt,C:\Machine Learning\projet\projet-machine-learning\dataset\images\valid\gss299_jpg.rf.6de6c7408ec230073b7aeb568ab42819.jpg
valid,gss29_jpg.rf.ec01f49cfb4c54966464aa107b96731c,C:\Machine Learning\projet\projet-machine-learning\dataset\labels\valid\gss29_jpg.rf.ec01f49cfb4c54966464aa107b96731c.txt,C:\Machine Learning\projet\projet-machine-learning\dataset\images\valid\gss29_jpg.rf.ec01f49cfb4c54966464aa107b96731c.jpg
valid,gss301_jpg.rf.09843f04c2b7e6501829428fbb41aff9,C:\Machine Learning\projet\projet-machine-learning\dataset\labels\valid\gss301_jpg.rf.09843f04c2b7e6501829428fbb41aff9.txt,C:\Machine Learning\projet\projet-machine-learning\dataset\images\valid\gss301_jpg.rf.09843f04c2b7e6501829428fbb41aff9.jpg
valid,gss302_jpg.rf.4eaf8bf55a8366c1df8f0c8792fcbf80,C:\Machine Learning\projet\projet-machine-learning\dataset\labels\valid\gss302_jpg.rf.4eaf8bf55a8366c1df8f0c8792fcbf80.txt,C:\Machine Learning\projet\projet-machine-learning\dataset\images\valid\gss302_jpg.rf.4eaf8bf55a8366c1df8f0c8792fcbf80.jpg
valid,gss305_jpg.rf.2ee320970b1d7bfb0eac4dad8d015187,C:\Machine Learning\projet\projet-machine-learning\dataset\labels\valid\gss305_jpg.rf.2ee320970b1d7bfb0eac4dad8d015187.txt,C:\Machine Learning\projet\projet-machine-learning\dataset\images\valid\gss305_jpg.rf.2ee320970b1d7bfb0eac4dad8d015187.jpg
valid,gss306_jpg.rf.b9b8a7ea05fe814bb2fe69a42e3bbac0,C:\Machine Learning\projet\projet-machine-learning\dataset\labels\valid\gss306_jpg.rf.b9b8a7ea05fe814bb2fe69a42e3bbac0.txt,C:\Machine Learning\projet\projet-machine-learning\dataset\images\valid\gss306_jpg.rf.b9b8a7ea05fe814bb2fe69a42e3bbac0.jpg
valid,gss309_jpg.rf.75bacf36cfcab9a69c87f5c66ca2bf56,C:\Machine Learning\projet\projet-machine-learning\dataset\labels\valid\gss309_jpg.rf.75bacf36cfcab9a69c87f5c66ca2bf56.txt,C:\Machine Learning\projet\projet-machine-learning\dataset\images\valid\gss309_jpg.rf.75bacf36cfcab9a69c87f5c66ca2bf56.jpg
valid,gss318_jpg.rf.cea51020452c5862797eec4eb71347a2,C:\Machine Learning\projet\projet-machine-learning\dataset\labels\valid\gss318_jpg.rf.cea51020452c5862797eec4eb71347a2.txt,C:\Machine Learning\projet\projet-machine-learning\dataset\images\valid\gss318_jpg.rf.cea51020452c5862797eec4eb71347a2.jpg
valid,gss31_jpg.rf.41957464e4383443d42e3c51b8daf425,C:\Machine Learning\projet\projet-machine-learning\dataset\labels\valid\gss31_jpg.rf.41957464e4383443d42e3c51b8daf425.txt,C:\Machine Learning\projet\projet-machine-learning\dataset\images\valid\gss31_jpg.rf.41957464e4383443d42e3c51b8daf425.jpg
valid,gss320_jpg.rf.85259d91851cbc70595d6963789302fe,C:\Machine Learning\projet\projet-machine-learning\dataset\labels\valid\gss320_jpg.rf.85259d91851cbc70595d6963789302fe.txt,C:\Machine Learning\projet\projet-machine-learning\dataset\images\valid\gss320_jpg.rf.85259d91851cbc70595d6963789302fe.jpg
valid,gss322_jpg.rf.0300574b21bf64b80fa7f1dd63fb83f9,C:\Machine Learning\projet\projet-machine-learning\dataset\labels\valid\gss322_jpg.rf.0300574b21bf64b80fa7f1dd63fb83f9.txt,C:\Machine Learning\projet\projet-machine-learning\dataset\images\valid\gss322_jpg.rf.0300574b21bf64b80fa7f1dd63fb83f9.jpg
valid,gss325_jpg.rf.3ab12023004a4135cfc39e17d14d018a,C:\Machine Learning\projet\projet-machine-learning\dataset\labels\valid\gss325_jpg.rf.3ab12023004a4135cfc39e17d14d018a.txt,C:\Machine Learning\projet\projet-machine-learning\dataset\images\valid\gss325_jpg.rf.3ab12023004a4135cfc39e17d14d018a.jpg
valid,gss335_jpg.rf.4412eca83f6dac13a77be7dd3ef4ac0d,C:\Machine Learning\projet\projet-machine-learning\dataset\labels\valid\gss335_jpg.rf.4412eca83f6dac13a77be7dd3ef4ac0d.txt,C:\Machine Learning\projet\projet-machine-learning\dataset\images\valid\gss335_jpg.rf.4412eca83f6dac13a77be7dd3ef4ac0d.jpg
valid,gss337_jpg.rf.6115493f571e540c7f6cf470aa188081,C:\Machine Learning\projet\projet-machine-learning\dataset\labels\valid\gss337_jpg.rf.6115493f571e540c7f6cf470aa188081.txt,C:\Machine Learning\projet\projet-machine-learning\dataset\images\valid\gss337_jpg.rf.6115493f571e540c7f6cf470aa188081.jpg
valid,gss341_jpg.rf.626f3149ea8bc133819805757ad1b0ea,C:\Machine Learning\projet\projet-machine-learning\dataset\labels\valid\gss341_jpg.rf.626f3149ea8bc133819805757ad1b0ea.txt,C:\Machine Learning\projet\projet-machine-learning\dataset\images\valid\gss341_jpg.rf.626f3149ea8bc133819805757ad1b0ea.jpg
valid,gss349_jpg.rf.16b5fc372b931d0204ef2b86c96520a1,C:\Machine Learning\projet\projet-machine-learning\dataset\labels\valid\gss349_jpg.rf.16b5fc372b931d0204ef2b86c96520a1.txt,C:\Machine Learning\projet\projet-machine-learning\dataset\images\valid\gss349_jpg.rf.16b5fc372b931d0204ef2b86c96520a1.jpg
valid,gss351_jpg.rf.536cdc366d9ebe643876eec536bf61ad,C:\Machine Learning\projet\projet-machine-learning\dataset\labels\valid\gss351_jpg.rf.536cdc366d9ebe643876eec536bf61ad.txt,C:\Machine Learning\projet\projet-machine-learning\dataset\images\valid\gss351_jpg.rf.536cdc366d9ebe643876eec536bf61ad.jpg
valid,gss353_jpg.rf.73893125c0c6124ed082f129daf733c6,C:\Machine Learning\projet\projet-machine-learning\dataset\labels\valid\gss353_jpg.rf.73893125c0c6124ed082f129daf733c6.txt,C:\Machine Learning\projet\projet-machine-learning\dataset\images\valid\gss353_jpg.rf.73893125c0c6124ed082f129daf733c6.jpg
valid,gss357_jpg.rf.5334f48e18b546c9e0ac2047db4e3a54,C:\Machine Learning\projet\projet-machine-learning\dataset\labels\valid\gss357_jpg.rf.5334f48e18b546c9e0ac2047db4e3a54.txt,C:\Machine Learning\projet\projet-machine-learning\dataset\images\valid\gss357_jpg.rf.5334f48e18b546c9e0ac2047db4e3a54.jpg
valid,gss358_jpg.rf.7c84dddc866d95e787a13d71bf796dda,C:\Machine Learning\projet\projet-machine-learning\dataset\labels\valid\gss358_jpg.rf.7c84dddc866d95e787a13d71bf796dda.txt,C:\Machine Learning\projet\projet-machine-learning\dataset\images\valid\gss358_jpg.rf.7c84dddc866d95e787a13d71bf796dda.jpg
valid,gss360_jpg.rf.418eb4b0492fd782e36b888847a08e7f,C:\Machine Learning\projet\projet-machine-learning\dataset\labels\valid\gss360_jpg.rf.418eb4b0492fd782e36b888847a08e7f.txt,C:\Machine Learning\projet\projet-machine-learning\dataset\images\valid\gss360_jpg.rf.418eb4b0492fd782e36b888847a08e7f.jpg
valid,gss367_jpg.rf.45203ff991342ce961a06fabd75f8aef,C:\Machine Learning\projet\projet-machine-learning\dataset\labels\valid\gss367_jpg.rf.45203ff991342ce961a06fabd75f8aef.txt,C:\Machine Learning\projet\projet-machine-learning\dataset\images\valid\gss367_jpg.rf.45203ff991342ce961a06fabd75f8aef.jpg
valid,gss380_jpg.rf.ad6e9218c94d8d81f6bd8370491fe957,C:\Machine Learning\projet\projet-machine-learning\dataset\labels\valid\gss380_jpg.rf.ad6e9218c94d8d81f6bd8370491fe957.txt,C:\Machine Learning\projet\projet-machine-learning\dataset\images\valid\gss380_jpg.rf.ad6e9218c94d8d81f6bd8370491fe957.jpg
valid,gss381_jpg.rf.a110c3716a6ff888c76a26312f88a1cb,C:\Machine Learning\projet\projet-machine-learning\dataset\labels\valid\gss381_jpg.rf.a110c3716a6ff888c76a26312f88a1cb.txt,C:\Machine Learning\projet\projet-machine-learning\dataset\images\valid\gss381_jpg.rf.a110c3716a6ff888c76a26312f88a1cb.jpg
valid,gss382_jpg.rf.fd3a3e7c49a76e9690e05b2835f47bdb,C:\Machine Learning\projet\projet-machine-learning\dataset\labels\valid\gss382_jpg.rf.fd3a3e7c49a76e9690e05b2835f47bdb.txt,C:\Machine Learning\projet\projet-machine-learning\dataset\images\valid\gss382_jpg.rf.fd3a3e7c49a76e9690e05b2835f47bdb.jpg
valid,gss385_jpg.rf.c80e95d2d3d11939466eb270f70157f5,C:\Machine Learning\projet\projet-machine-learning\dataset\labels\valid\gss385_jpg.rf.c80e95d2d3d11939466eb270f70157f5.txt,C:\Machine Learning\projet\projet-machine-learning\dataset\images\valid\gss385_jpg.rf.c80e95d2d3d11939466eb270f70157f5.jpg
valid,gss38_jpg.rf.d72facd77ae8f4a12e4e8026c5bc166f,C:\Machine Learning\projet\projet-machine-learning\dataset\labels\valid\gss38_jpg.rf.d72facd77ae8f4a12e4e8026c5bc166f.txt,C:\Machine Learning\projet\projet-machine-learning\dataset\images\valid\gss38_jpg.rf.d72facd77ae8f4a12e4e8026c5bc166f.jpg
valid,gss398_jpg.rf.d0801cbdd585c210f48ca59e07286993,C:\Machine Learning\projet\projet-machine-learning\dataset\labels\valid\gss398_jpg.rf.d0801cbdd585c210f48ca59e07286993.txt,C:\Machine Learning\projet\projet-machine-learning\dataset\images\valid\gss398_jpg.rf.d0801cbdd585c210f48ca59e07286993.jpg
valid,gss416_jpg.rf.451e908d212bd21af5ee20e0da0f1269,C:\Machine Learning\projet\projet-machine-learning\dataset\labels\valid\gss416_jpg.rf.451e908d212bd21af5ee20e0da0f1269.txt,C:\Machine Learning\projet\projet-machine-learning\dataset\images\valid\gss416_jpg.rf.451e908d212bd21af5ee20e0da0f1269.jpg
valid,gss423_jpg.rf.b473699c3a7a2afb24d0dd5debb0badf,C:\Machine Learning\projet\projet-machine-learning\dataset\labels\valid\gss423_jpg.rf.b473699c3a7a2afb24d0dd5debb0badf.txt,C:\Machine Learning\projet\projet-machine-learning\dataset\images\valid\gss423_jpg.rf.b473699c3a7a2afb24d0dd5debb0badf.jpg
valid,gss425_jpg.rf.76c775000b05fde83cfdceb9806fd0dd,C:\Machine Learning\projet\projet-machine-learning\dataset\labels\valid\gss425_jpg.rf.76c775000b05fde83cfdceb9806fd0dd.txt,C:\Machine Learning\projet\projet-machine-learning\dataset\images\valid\gss425_jpg.rf.76c775000b05fde83cfdceb9806fd0dd.jpg
valid,gss430_jpg.rf.7e5fc2f5404cb5634d7ce82a7573d1d9,C:\Machine Learning\projet\projet-machine-learning\dataset\labels\valid\gss430_jpg.rf.7e5fc2f5404cb5634d7ce82a7573d1d9.txt,C:\Machine Learning\projet\projet-machine-learning\dataset\images\valid\gss430_jpg.rf.7e5fc2f5404cb5634d7ce82a7573d1d9.jpg
valid,gss432_jpg.rf.1cc9530373e228877f96e55846ceca2a,C:\Machine Learning\projet\projet-machine-learning\dataset\labels\valid\gss432_jpg.rf.1cc9530373e228877f96e55846ceca2a.txt,C:\Machine Learning\projet\projet-machine-learning\dataset\images\valid\gss432_jpg.rf.1cc9530373e228877f96e55846ceca2a.jpg
valid,gss433_jpg.rf.66c98bdca82ba2a47ef5a87a71675d45,C:\Machine Learning\projet\projet-machine-learning\dataset\labels\valid\gss433_jpg.rf.66c98bdca82ba2a47ef5a87a71675d45.txt,C:\Machine Learning\projet\projet-machine-learning\dataset\images\valid\gss433_jpg.rf.66c98bdca82ba2a47ef5a87a71675d45.jpg
valid,gss442_jpg.rf.f83c6b06565dbcafc7623f4396be78b8,C:\Machine Learning\projet\projet-machine-learning\dataset\labels\valid\gss442_jpg.rf.f83c6b06565dbcafc7623f4396be78b8.txt,C:\Machine Learning\projet\projet-machine-learning\dataset\images\valid\gss442_jpg.rf.f83c6b06565dbcafc7623f4396be78b8.jpg
valid,gss446_jpg.rf.92cde29874aa1b3848a98a288d768d99,C:\Machine Learning\projet\projet-machine-learning\dataset\labels\valid\gss446_jpg.rf.92cde29874aa1b3848a98a288d768d99.txt,C:\Machine Learning\projet\projet-machine-learning\dataset\images\valid\gss446_jpg.rf.92cde29874aa1b3848a98a288d768d99.jpg
valid,gss448_jpg.rf.7fad6752e528f06d48bf71c9e95621f0,C:\Machine Learning\projet\projet-machine-learning\dataset\labels\valid\gss448_jpg.rf.7fad6752e528f06d48bf71c9e95621f0.txt,C:\Machine Learning\projet\projet-machine-learning\dataset\images\valid\gss448_jpg.rf.7fad6752e528f06d48bf71c9e95621f0.jpg
valid,gss44_jpg.rf.40d84382ad3ab191cdfaa7b6d9d04c9a,C:\Machine Learning\projet\projet-machine-learning\dataset\labels\valid\gss44_jpg.rf.40d84382ad3ab191cdfaa7b6d9d04c9a.txt,C:\Machine Learning\projet\projet-machine-learning\dataset\images\valid\gss44_jpg.rf.40d84382ad3ab191cdfaa7b6d9d04c9a.jpg
valid,gss450_jpg.rf.1323658279e50c967f5f81c6913afa60,C:\Machine Learning\projet\projet-machine-learning\dataset\labels\valid\gss450_jpg.rf.1323658279e50c967f5f81c6913afa60.txt,C:\Machine Learning\projet\projet-machine-learning\dataset\images\valid\gss450_jpg.rf.1323658279e50c967f5f81c6913afa60.jpg
valid,gss463_jpg.rf.d458d2b8a452d84fe98184b80b574804,C:\Machine Learning\projet\projet-machine-learning\dataset\labels\valid\gss463_jpg.rf.d458d2b8a452d84fe98184b80b574804.txt,C:\Machine Learning\projet\projet-machine-learning\dataset\images\valid\gss463_jpg.rf.d458d2b8a452d84fe98184b80b574804.jpg
valid,gss473_jpg.rf.6d2ece8112a3d97dcc14ab01d29aba43,C:\Machine Learning\projet\projet-machine-learning\dataset\labels\valid\gss473_jpg.rf.6d2ece8112a3d97dcc14ab01d29aba43.txt,C:\Machine Learning\projet\projet-machine-learning\dataset\images\valid\gss473_jpg.rf.6d2ece8112a3d97dcc14ab01d29aba43.jpg
valid,gss476_jpg.rf.e3953b7115e3a2d69d318ffd743becf5,C:\Machine Learning\projet\projet-machine-learning\dataset\labels\valid\gss476_jpg.rf.e3953b7115e3a2d69d318ffd743becf5.txt,C:\Machine Learning\projet\projet-machine-learning\dataset\images\valid\gss476_jpg.rf.e3953b7115e3a2d69d318ffd743becf5.jpg
valid,gss478_jpg.rf.ae469a739e6abb44100a43239f1dd4cf,C:\Machine Learning\projet\projet-machine-learning\dataset\labels\valid\gss478_jpg.rf.ae469a739e6abb44100a43239f1dd4cf.txt,C:\Machine Learning\projet\projet-machine-learning\dataset\images\valid\gss478_jpg.rf.ae469a739e6abb44100a43239f1dd4cf.jpg
valid,gss480_jpg.rf.566a8234cfc6a0329e50a390de7e7960,C:\Machine Learning\projet\projet-machine-learning\dataset\labels\valid\gss480_jpg.rf.566a8234cfc6a0329e50a390de7e7960.txt,C:\Machine Learning\projet\projet-machine-learning\dataset\images\valid\gss480_jpg.rf.566a8234cfc6a0329e50a390de7e7960.jpg
valid,gss481_jpg.rf.7288edcce75815f83b552b1a7b2f023f,C:\Machine Learning\projet\projet-machine-learning\dataset\labels\valid\gss481_jpg.rf.7288edcce75815f83b552b1a7b2f023f.txt,C:\Machine Learning\projet\projet-machine-learning\dataset\images\valid\gss481_jpg.rf.7288edcce75815f83b552b1a7b2f023f.jpg
valid,gss483_jpg.rf.91358ef591bb421755df36429d813b76,C:\Machine Learning\projet\projet-machine-learning\dataset\labels\valid\gss483_jpg.rf.91358ef591bb421755df36429d813b76.txt,C:\Machine Learning\projet\projet-machine-learning\dataset\images\valid\gss483_jpg.rf.91358ef591bb421755df36429d813b76.jpg
valid,gss488_jpg.rf.17eaea65a86aedb072138abc2ee268ba,C:\Machine Learning\projet\projet-machine-learning\dataset\labels\valid\gss488_jpg.rf.17eaea65a86aedb072138abc2ee268ba.txt,C:\Machine Learning\projet\projet-machine-learning\dataset\images\valid\gss488_jpg.rf.17eaea65a86aedb072138abc2ee268ba.jpg
valid,gss493_jpg.rf.a8d6f009839b1de8ebe6d0b07b636dd8,C:\Machine Learning\projet\projet-machine-learning\dataset\labels\valid\gss493_jpg.rf.a8d6f009839b1de8ebe6d0b07b636dd8.txt,C:\Machine Learning\projet\projet-machine-learning\dataset\images\valid\gss493_jpg.rf.a8d6f009839b1de8ebe6d0b07b636dd8.jpg
valid,gss495_jpg.rf.b8973dc6727bae13646747da48eafcbc,C:\Machine Learning\projet\projet-machine-learning\dataset\labels\valid\gss495_jpg.rf.b8973dc6727bae13646747da48eafcbc.txt,C:\Machine Learning\projet\projet-machine-learning\dataset\images\valid\gss495_jpg.rf.b8973dc6727bae13646747da48eafcbc.jpg
valid,gss499_jpg.rf.3b9ba265cbddb49a0d2f116486ff5d08,C:\Machine Learning\projet\projet-machine-learning\dataset\labels\valid\gss499_jpg.rf.3b9ba265cbddb49a0d2f116486ff5d08.txt,C:\Machine Learning\projet\projet-machine-learning\dataset\images\valid\gss499_jpg.rf.3b9ba265cbddb49a0d2f116486ff5d08.jpg
valid,gss4_jpg.rf.74618be45d3eb8f34df5f64c58e40f97,C:\Machine Learning\projet\projet-machine-learning\dataset\labels\valid\gss4_jpg.rf.74618be45d3eb8f34df5f64c58e40f97.txt,C:\Machine Learning\projet\projet-machine-learning\dataset\images\valid\gss4_jpg.rf.74618be45d3eb8f34df5f64c58e40f97.jpg
valid,gss503_jpg.rf.f6147a562de82ecdf4ca857e7c065a7f,C:\Machine Learning\projet\projet-machine-learning\dataset\labels\valid\gss503_jpg.rf.f6147a562de82ecdf4ca857e7c065a7f.txt,C:\Machine Learning\projet\projet-machine-learning\dataset\images\valid\gss503_jpg.rf.f6147a562de82ecdf4ca857e7c065a7f.jpg
valid,gss521_jpg.rf.11fe1fcb24cc195a43c7bd4d4b17932b,C:\Machine Learning\projet\projet-machine-learning\dataset\labels\valid\gss521_jpg.rf.11fe1fcb24cc195a43c7bd4d4b17932b.txt,C:\Machine Learning\projet\projet-machine-learning\dataset\images\valid\gss521_jpg.rf.11fe1fcb24cc195a43c7bd4d4b17932b.jpg
valid,gss526_jpg.rf.f53a4b9650281fff64f5a88b91fab058,C:\Machine Learning\projet\projet-machine-learning\dataset\labels\valid\gss526_jpg.rf.f53a4b9650281fff64f5a88b91fab058.txt,C:\Machine Learning\projet\projet-machine-learning\dataset\images\valid\gss526_jpg.rf.f53a4b9650281fff64f5a88b91fab058.jpg
valid,gss532_jpg.rf.40077b6e0641ab56b4a88b768994569f,C:\Machine Learning\projet\projet-machine-learning\dataset\labels\valid\gss532_jpg.rf.40077b6e0641ab56b4a88b768994569f.txt,C:\Machine Learning\projet\projet-machine-learning\dataset\images\valid\gss532_jpg.rf.40077b6e0641ab56b4a88b768994569f.jpg
valid,gss538_jpg.rf.6a19afaeded71cd02fcd45598ec8239e,C:\Machine Learning\projet\projet-machine-learning\dataset\labels\valid\gss538_jpg.rf.6a19afaeded71cd02fcd45598ec8239e.txt,C:\Machine Learning\projet\projet-machine-learning\dataset\images\valid\gss538_jpg.rf.6a19afaeded71cd02fcd45598ec8239e.jpg
valid,gss540_jpg.rf.e425d99ac72dd7e8dd3db4d7e56697c1,C:\Machine Learning\projet\projet-machine-learning\dataset\labels\valid\gss540_jpg.rf.e425d99ac72dd7e8dd3db4d7e56697c1.txt,C:\Machine Learning\projet\projet-machine-learning\dataset\images\valid\gss540_jpg.rf.e425d99ac72dd7e8dd3db4d7e56697c1.jpg
valid,gss557_jpg.rf.9713d188d0bcc72d109d6fa97f3be41f,C:\Machine Learning\projet\projet-machine-learning\dataset\labels\valid\gss557_jpg.rf.9713d188d0bcc72d109d6fa97f3be41f.txt,C:\Machine Learning\projet\projet-machine-learning\dataset\images\valid\gss557_jpg.rf.9713d188d0bcc72d109d6fa97f3be41f.jpg
valid,gss55_jpg.rf.abeb9149aee484144eea0bdc47f77122,C:\Machine Learning\projet\projet-machine-learning\dataset\labels\valid\gss55_jpg.rf.abeb9149aee484144eea0bdc47f77122.txt,C:\Machine Learning\projet\projet-machine-learning\dataset\images\valid\gss55_jpg.rf.abeb9149aee484144eea0bdc47f77122.jpg
valid,gss560_jpg.rf.fe47cbfcc9e321f5a9e574dca2512110,C:\Machine Learning\projet\projet-machine-learning\dataset\labels\valid\gss560_jpg.rf.fe47cbfcc9e321f5a9e574dca2512110.txt,C:\Machine Learning\projet\projet-machine-learning\dataset\images\valid\gss560_jpg.rf.fe47cbfcc9e321f5a9e574dca2512110.jpg
valid,gss561_jpg.rf.bccb1ce3362ecaa406bf30502f4660f2,C:\Machine Learning\projet\projet-machine-learning\dataset\labels\valid\gss561_jpg.rf.bccb1ce3362ecaa406bf30502f4660f2.txt,C:\Machine Learning\projet\projet-machine-learning\dataset\images\valid\gss561_jpg.rf.bccb1ce3362ecaa406bf30502f4660f2.jpg
valid,gss563_jpg.rf.ccdfa4dd1a629f05420e0bf1773950dc,C:\Machine Learning\projet\projet-machine-learning\dataset\labels\valid\gss563_jpg.rf.ccdfa4dd1a629f05420e0bf1773950dc.txt,C:\Machine Learning\projet\projet-machine-learning\dataset\images\valid\gss563_jpg.rf.ccdfa4dd1a629f05420e0bf1773950dc.jpg
valid,gss56_jpg.rf.9cb5ceb2ad1719c4aa40bc630ecb5142,C:\Machine Learning\projet\projet-machine-learning\dataset\labels\valid\gss56_jpg.rf.9cb5ceb2ad1719c4aa40bc630ecb5142.txt,C:\Machine Learning\projet\projet-machine-learning\dataset\images\valid\gss56_jpg.rf.9cb5ceb2ad1719c4aa40bc630ecb5142.jpg
valid,gss586_jpg.rf.76347458ce0ac49be79df8f439e0288d,C:\Machine Learning\projet\projet-machine-learning\dataset\labels\valid\gss586_jpg.rf.76347458ce0ac49be79df8f439e0288d.txt,C:\Machine Learning\projet\projet-machine-learning\dataset\images\valid\gss586_jpg.rf.76347458ce0ac49be79df8f439e0288d.jpg
valid,gss588_jpg.rf.2588708b8e437c479f0d8732f35a5811,C:\Machine Learning\projet\projet-machine-learning\dataset\labels\valid\gss588_jpg.rf.2588708b8e437c479f0d8732f35a5811.txt,C:\Machine Learning\projet\projet-machine-learning\dataset\images\valid\gss588_jpg.rf.2588708b8e437c479f0d8732f35a5811.jpg
valid,gss589_jpg.rf.f0e135046a0afa9198c69dddd43325db,C:\Machine Learning\projet\projet-machine-learning\dataset\labels\valid\gss589_jpg.rf.f0e135046a0afa9198c69dddd43325db.txt,C:\Machine Learning\projet\projet-machine-learning\dataset\images\valid\gss589_jpg.rf.f0e135046a0afa9198c69dddd43325db.jpg
valid,gss594_jpg.rf.aec49175e759679c15062b6762690bee,C:\Machine Learning\projet\projet-machine-learning\dataset\labels\valid\gss594_jpg.rf.aec49175e759679c15062b6762690bee.txt,C:\Machine Learning\projet\projet-machine-learning\dataset\images\valid\gss594_jpg.rf.aec49175e759679c15062b6762690bee.jpg
valid,gss595_jpg.rf.4d9b90f219dbc7bba0ee9e8ff0b2bbc9,C:\Machine Learning\projet\projet-machine-learning\dataset\labels\valid\gss595_jpg.rf.4d9b90f219dbc7bba0ee9e8ff0b2bbc9.txt,C:\Machine Learning\projet\projet-machine-learning\dataset\images\valid\gss595_jpg.rf.4d9b90f219dbc7bba0ee9e8ff0b2bbc9.jpg
valid,gss601_jpg.rf.1cd192ee0f9c822118b829c0f58174b0,C:\Machine Learning\projet\projet-machine-learning\dataset\labels\valid\gss601_jpg.rf.1cd192ee0f9c822118b829c0f58174b0.txt,C:\Machine Learning\projet\projet-machine-learning\dataset\images\valid\gss601_jpg.rf.1cd192ee0f9c822118b829c0f58174b0.jpg
valid,gss608_jpg.rf.0a08b38be98ef380be9ccd0c95ee776d,C:\Machine Learning\projet\projet-machine-learning\dataset\labels\valid\gss608_jpg.rf.0a08b38be98ef380be9ccd0c95ee776d.txt,C:\Machine Learning\projet\projet-machine-learning\dataset\images\valid\gss608_jpg.rf.0a08b38be98ef380be9ccd0c95ee776d.jpg
valid,gss609_jpg.rf.e7bbff3ab1c0a011eab2686485e11cf7,C:\Machine Learning\projet\projet-machine-learning\dataset\labels\valid\gss609_jpg.rf.e7bbff3ab1c0a011eab2686485e11cf7.txt,C:\Machine Learning\projet\projet-machine-learning\dataset\images\valid\gss609_jpg.rf.e7bbff3ab1c0a011eab2686485e11cf7.jpg
valid,gss610_jpg.rf.a132b7c2d259f083261cc85f56a9d181,C:\Machine Learning\projet\projet-machine-learning\dataset\labels\valid\gss610_jpg.rf.a132b7c2d259f083261cc85f56a9d181.txt,C:\Machine Learning\projet\projet-machine-learning\dataset\images\valid\gss610_jpg.rf.a132b7c2d259f083261cc85f56a9d181.jpg
valid,gss615_jpg.rf.f369bac253287d86f0693fc4cdd865fb,C:\Machine Learning\projet\projet-machine-learning\dataset\labels\valid\gss615_jpg.rf.f369bac253287d86f0693fc4cdd865fb.txt,C:\Machine Learning\projet\projet-machine-learning\dataset\images\valid\gss615_jpg.rf.f369bac253287d86f0693fc4cdd865fb.jpg
valid,gss622_jpg.rf.3c11bb02ea87f07d8e3498474f338817,C:\Machine Learning\projet\projet-machine-learning\dataset\labels\valid\gss622_jpg.rf.3c11bb02ea87f07d8e3498474f338817.txt,C:\Machine Learning\projet\projet-machine-learning\dataset\images\valid\gss622_jpg.rf.3c11bb02ea87f07d8e3498474f338817.jpg
valid,gss625_jpg.rf.38f4d75199da2cc9ac560e9bb8eb354b,C:\Machine Learning\projet\projet-machine-learning\dataset\labels\valid\gss625_jpg.rf.38f4d75199da2cc9ac560e9bb8eb354b.txt,C:\Machine Learning\projet\projet-machine-learning\dataset\images\valid\gss625_jpg.rf.38f4d75199da2cc9ac560e9bb8eb354b.jpg
valid,gss641_jpg.rf.6e6efa908da447344f5a8bd359ebfe0f,C:\Machine Learning\projet\projet-machine-learning\dataset\labels\valid\gss641_jpg.rf.6e6efa908da447344f5a8bd359ebfe0f.txt,C:\Machine Learning\projet\projet-machine-learning\dataset\images\valid\gss641_jpg.rf.6e6efa908da447344f5a8bd359ebfe0f.jpg
valid,gss643_jpg.rf.f27a54e1bfd061b0d896101414bfbed7,C:\Machine Learning\projet\projet-machine-learning\dataset\labels\valid\gss643_jpg.rf.f27a54e1bfd061b0d896101414bfbed7.txt,C:\Machine Learning\projet\projet-machine-learning\dataset\images\valid\gss643_jpg.rf.f27a54e1bfd061b0d896101414bfbed7.jpg
valid,gss646_jpg.rf.75a245d6d52a1f1111ac9939ed22c28e,C:\Machine Learning\projet\projet-machine-learning\dataset\labels\valid\gss646_jpg.rf.75a245d6d52a1f1111ac9939ed22c28e.txt,C:\Machine Learning\projet\projet-machine-learning\dataset\images\valid\gss646_jpg.rf.75a245d6d52a1f1111ac9939ed22c28e.jpg
valid,gss653_jpg.rf.ec8cb5b2dcf50c9e88c21c95d293dcae,C:\Machine Learning\projet\projet-machine-learning\dataset\labels\valid\gss653_jpg.rf.ec8cb5b2dcf50c9e88c21c95d293dcae.txt,C:\Machine Learning\projet\projet-machine-learning\dataset\images\valid\gss653_jpg.rf.ec8cb5b2dcf50c9e88c21c95d293dcae.jpg
valid,gss658_jpg.rf.d717fd7d6bd8cf95bbac6bc3de2510bd,C:\Machine Learning\projet\projet-machine-learning\dataset\labels\valid\gss658_jpg.rf.d717fd7d6bd8cf95bbac6bc3de2510bd.txt,C:\Machine Learning\projet\projet-machine-learning\dataset\images\valid\gss658_jpg.rf.d717fd7d6bd8cf95bbac6bc3de2510bd.jpg
valid,gss670_jpg.rf.5436b85aa12ad908b01b2873f82dc7db,C:\Machine Learning\projet\projet-machine-learning\dataset\labels\valid\gss670_jpg.rf.5436b85aa12ad908b01b2873f82dc7db.txt,C:\Machine Learning\projet\projet-machine-learning\dataset\images\valid\gss670_jpg.rf.5436b85aa12ad908b01b2873f82dc7db.jpg
valid,gss679_jpg.rf.36c61574e5a71c4e2cde8c2473b3c172,C:\Machine Learning\projet\projet-machine-learning\dataset\labels\valid\gss679_jpg.rf.36c61574e5a71c4e2cde8c2473b3c172.txt,C:\Machine Learning\projet\projet-machine-learning\dataset\images\valid\gss679_jpg.rf.36c61574e5a71c4e2cde8c2473b3c172.jpg
valid,gss682_jpg.rf.785b34df97b74166c512c4314c1624fe,C:\Machine Learning\projet\projet-machine-learning\dataset\labels\valid\gss682_jpg.rf.785b34df97b74166c512c4314c1624fe.txt,C:\Machine Learning\projet\projet-machine-learning\dataset\images\valid\gss682_jpg.rf.785b34df97b74166c512c4314c1624fe.jpg
valid,gss697_jpg.rf.8286975b466830cb75abbb91cea1af39,C:\Machine Learning\projet\projet-machine-learning\dataset\labels\valid\gss697_jpg.rf.8286975b466830cb75abbb91cea1af39.txt,C:\Machine Learning\projet\projet-machine-learning\dataset\images\valid\gss697_jpg.rf.8286975b466830cb75abbb91cea1af39.jpg
valid,gss699_jpg.rf.14c2e3213b58bf9d851a89406688e162,C:\Machine Learning\projet\projet-machine-learning\dataset\labels\valid\gss699_jpg.rf.14c2e3213b58bf9d851a89406688e162.txt,C:\Machine Learning\projet\projet-machine-learning\dataset\images\valid\gss699_jpg.rf.14c2e3213b58bf9d851a89406688e162.jpg
valid,gss6_jpg.rf.d44e4dc9360f321958f26a9afec26707,C:\Machine Learning\projet\projet-machine-learning\dataset\labels\valid\gss6_jpg.rf.d44e4dc9360f321958f26a9afec26707.txt,C:\Machine Learning\projet\projet-machine-learning\dataset\images\valid\gss6_jpg.rf.d44e4dc9360f321958f26a9afec26707.jpg
valid,gss706_jpg.rf.13a05060782f352a6a8a5ad81da40eb4,C:\Machine Learning\projet\projet-machine-learning\dataset\labels\valid\gss706_jpg.rf.13a05060782f352a6a8a5ad81da40eb4.txt,C:\Machine Learning\projet\projet-machine-learning\dataset\images\valid\gss706_jpg.rf.13a05060782f352a6a8a5ad81da40eb4.jpg
valid,gss713_jpg.rf.8ad4dc600f63333a8cb8327ff2123a64,C:\Machine Learning\projet\projet-machine-learning\dataset\labels\valid\gss713_jpg.rf.8ad4dc600f63333a8cb8327ff2123a64.txt,C:\Machine Learning\projet\projet-machine-learning\dataset\images\valid\gss713_jpg.rf.8ad4dc600f63333a8cb8327ff2123a64.jpg
valid,gss722_jpg.rf.013915a8cc24a51d8cd9da542167357e,C:\Machine Learning\projet\projet-machine-learning\dataset\labels\valid\gss722_jpg.rf.013915a8cc24a51d8cd9da542167357e.txt,C:\Machine Learning\projet\projet-machine-learning\dataset\images\valid\gss722_jpg.rf.013915a8cc24a51d8cd9da542167357e.jpg
valid,gss724_jpg.rf.abe107bb2bc79dcdc6b8055bf8454a36,C:\Machine Learning\projet\projet-machine-learning\dataset\labels\valid\gss724_jpg.rf.abe107bb2bc79dcdc6b8055bf8454a36.txt,C:\Machine Learning\projet\projet-machine-learning\dataset\images\valid\gss724_jpg.rf.abe107bb2bc79dcdc6b8055bf8454a36.jpg
valid,gss725_jpg.rf.1068eee64113b848a28b087b05f46976,C:\Machine Learning\projet\projet-machine-learning\dataset\labels\valid\gss725_jpg.rf.1068eee64113b848a28b087b05f46976.txt,C:\Machine Learning\projet\projet-machine-learning\dataset\images\valid\gss725_jpg.rf.1068eee64113b848a28b087b05f46976.jpg
valid,gss733_jpg.rf.a9ee4b7bab47db63dea1f7751e5e2eb2,C:\Machine Learning\projet\projet-machine-learning\dataset\labels\valid\gss733_jpg.rf.a9ee4b7bab47db63dea1f7751e5e2eb2.txt,C:\Machine Learning\projet\projet-machine-learning\dataset\images\valid\gss733_jpg.rf.a9ee4b7bab47db63dea1f7751e5e2eb2.jpg
valid,gss751_jpg.rf.bba8dffeeee9e0b5f5f64999da25bd3e,C:\Machine Learning\projet\projet-machine-learning\dataset\labels\valid\gss751_jpg.rf.bba8dffeeee9e0b5f5f64999da25bd3e.txt,C:\Machine Learning\projet\projet-machine-learning\dataset\images\valid\gss751_jpg.rf.bba8dffeeee9e0b5f5f64999da25bd3e.jpg
valid,gss755_jpg.rf.bf480033ecc7a99ba9b894525d13d85a,C:\Machine Learning\projet\projet-machine-learning\dataset\labels\valid\gss755_jpg.rf.bf480033ecc7a99ba9b894525d13d85a.txt,C:\Machine Learning\projet\projet-machine-learning\dataset\images\valid\gss755_jpg.rf.bf480033ecc7a99ba9b894525d13d85a.jpg
valid,gss759_jpg.rf.899aefb81edb7ff4546308da43df3b81,C:\Machine Learning\projet\projet-machine-learning\dataset\labels\valid\gss759_jpg.rf.899aefb81edb7ff4546308da43df3b81.txt,C:\Machine Learning\projet\projet-machine-learning\dataset\images\valid\gss759_jpg.rf.899aefb81edb7ff4546308da43df3b81.jpg
valid,gss760_jpg.rf.56a28af019ee5ab4f9c79f829dad5b27,C:\Machine Learning\projet\projet-machine-learning\dataset\labels\valid\gss760_jpg.rf.56a28af019ee5ab4f9c79f829dad5b27.txt,C:\Machine Learning\projet\projet-machine-learning\dataset\images\valid\gss760_jpg.rf.56a28af019ee5ab4f9c79f829dad5b27.jpg
valid,gss766_jpg.rf.a6691bbbbfc4f99b9ad9bb95155474a8,C:\Machine Learning\projet\projet-machine-learning\dataset\labels\valid\gss766_jpg.rf.a6691bbbbfc4f99b9ad9bb95155474a8.txt,C:\Machine Learning\projet\projet-machine-learning\dataset\images\valid\gss766_jpg.rf.a6691bbbbfc4f99b9ad9bb95155474a8.jpg
valid,gss767_jpg.rf.681be4a3f19dafaf16d0b9063194745e,C:\Machine Learning\projet\projet-machine-learning\dataset\labels\valid\gss767_jpg.rf.681be4a3f19dafaf16d0b9063194745e.txt,C:\Machine Learning\projet\projet-machine-learning\dataset\images\valid\gss767_jpg.rf.681be4a3f19dafaf16d0b9063194745e.jpg
valid,gss769_jpg.rf.82eea2362f299bdd45533a478a68711a,C:\Machine Learning\projet\projet-machine-learning\dataset\labels\valid\gss769_jpg.rf.82eea2362f299bdd45533a478a68711a.txt,C:\Machine Learning\projet\projet-machine-learning\dataset\images\valid\gss769_jpg.rf.82eea2362f299bdd45533a478a68711a.jpg
valid,gss783_jpg.rf.2b180448d88008b464648335ca1169f2,C:\Machine Learning\projet\projet-machine-learning\dataset\labels\valid\gss783_jpg.rf.2b180448d88008b464648335ca1169f2.txt,C:\Machine Learning\projet\projet-machine-learning\dataset\images\valid\gss783_jpg.rf.2b180448d88008b464648335ca1169f2.jpg
valid,gss791_jpg.rf.f6c7c50ebbbac6d475bf374fb6320dcc,C:\Machine Learning\projet\projet-machine-learning\dataset\labels\valid\gss791_jpg.rf.f6c7c50ebbbac6d475bf374fb6320dcc.txt,C:\Machine Learning\projet\projet-machine-learning\dataset\images\valid\gss791_jpg.rf.f6c7c50ebbbac6d475bf374fb6320dcc.jpg
valid,gss793_jpg.rf.855e315be2916dd1a1f3264dac6cfd14,C:\Machine Learning\projet\projet-machine-learning\dataset\labels\valid\gss793_jpg.rf.855e315be2916dd1a1f3264dac6cfd14.txt,C:\Machine Learning\projet\projet-machine-learning\dataset\images\valid\gss793_jpg.rf.855e315be2916dd1a1f3264dac6cfd14.jpg
valid,gss799_jpg.rf.6a8d8b9eeb8cf61ee5730fcd2eaa8b0e,C:\Machine Learning\projet\projet-machine-learning\dataset\labels\valid\gss799_jpg.rf.6a8d8b9eeb8cf61ee5730fcd2eaa8b0e.txt,C:\Machine Learning\projet\projet-machine-learning\dataset\images\valid\gss799_jpg.rf.6a8d8b9eeb8cf61ee5730fcd2eaa8b0e.jpg
valid,gss800_jpg.rf.6c905a97c23eb09a528113cf0d21bfee,C:\Machine Learning\projet\projet-machine-learning\dataset\labels\valid\gss800_jpg.rf.6c905a97c23eb09a528113cf0d21bfee.txt,C:\Machine Learning\projet\projet-machine-learning\dataset\images\valid\gss800_jpg.rf.6c905a97c23eb09a528113cf0d21bfee.jpg
valid,gss801_jpg.rf.7e060989bc48174fca664d0f2c91609b,C:\Machine Learning\projet\projet-machine-learning\dataset\labels\valid\gss801_jpg.rf.7e060989bc48174fca664d0f2c91609b.txt,C:\Machine Learning\projet\projet-machine-learning\dataset\images\valid\gss801_jpg.rf.7e060989bc48174fca664d0f2c91609b.jpg
valid,gss808_jpg.rf.1997f09035711187a3d2e6beeb7d82e4,C:\Machine Learning\projet\projet-machine-learning\dataset\labels\valid\gss808_jpg.rf.1997f09035711187a3d2e6beeb7d82e4.txt,C:\Machine Learning\projet\projet-machine-learning\dataset\images\valid\gss808_jpg.rf.1997f09035711187a3d2e6beeb7d82e4.jpg
valid,gss809_jpg.rf.b9c1c6fb1f509f2ff2204681b61787f2,C:\Machine Learning\projet\projet-machine-learning\dataset\labels\valid\gss809_jpg.rf.b9c1c6fb1f509f2ff2204681b61787f2.txt,C:\Machine Learning\projet\projet-machine-learning\dataset\images\valid\gss809_jpg.rf.b9c1c6fb1f509f2ff2204681b61787f2.jpg
valid,gss812_jpg.rf.ecec4531b1311a260472da5bc26b42e7,C:\Machine Learning\projet\projet-machine-learning\dataset\labels\valid\gss812_jpg.rf.ecec4531b1311a260472da5bc26b42e7.txt,C:\Machine Learning\projet\projet-machine-learning\dataset\images\valid\gss812_jpg.rf.ecec4531b1311a260472da5bc26b42e7.jpg
valid,gss816_jpg.rf.237e242f249551010b118b8743d04a66,C:\Machine Learning\projet\projet-machine-learning\dataset\labels\valid\gss816_jpg.rf.237e242f249551010b118b8743d04a66.txt,C:\Machine Learning\projet\projet-machine-learning\dataset\images\valid\gss816_jpg.rf.237e242f249551010b118b8743d04a66.jpg
valid,gss817_jpg.rf.a398c77910dc6bb5d9ba17270f0360c1,C:\Machine Learning\projet\projet-machine-learning\dataset\labels\valid\gss817_jpg.rf.a398c77910dc6bb5d9ba17270f0360c1.txt,C:\Machine Learning\projet\projet-machine-learning\dataset\images\valid\gss817_jpg.rf.a398c77910dc6bb5d9ba17270f0360c1.jpg
valid,gss819_jpg.rf.d709e5c2bcda890287eb89ae7f54c94d,C:\Machine Learning\projet\projet-machine-learning\dataset\labels\valid\gss819_jpg.rf.d709e5c2bcda890287eb89ae7f54c94d.txt,C:\Machine Learning\projet\projet-machine-learning\dataset\images\valid\gss819_jpg.rf.d709e5c2bcda890287eb89ae7f54c94d.jpg
valid,gss821_jpg.rf.dd98d4dbd02136d9299e415a41fd8e11,C:\Machine Learning\projet\projet-machine-learning\dataset\labels\valid\gss821_jpg.rf.dd98d4dbd02136d9299e415a41fd8e11.txt,C:\Machine Learning\projet\projet-machine-learning\dataset\images\valid\gss821_jpg.rf.dd98d4dbd02136d9299e415a41fd8e11.jpg
valid,gss822_jpg.rf.dc79da5ba5338e421bd414e9cee5b377,C:\Machine Learning\projet\projet-machine-learning\dataset\labels\valid\gss822_jpg.rf.dc79da5ba5338e421bd414e9cee5b377.txt,C:\Machine Learning\projet\projet-machine-learning\dataset\images\valid\gss822_jpg.rf.dc79da5ba5338e421bd414e9cee5b377.jpg
valid,gss824_jpg.rf.340b0c06ee43b947b8efb6bef959613a,C:\Machine Learning\projet\projet-machine-learning\dataset\labels\valid\gss824_jpg.rf.340b0c06ee43b947b8efb6bef959613a.txt,C:\Machine Learning\projet\projet-machine-learning\dataset\images\valid\gss824_jpg.rf.340b0c06ee43b947b8efb6bef959613a.jpg
valid,gss826_jpg.rf.08437ba2da034313414fbb31daf150b6,C:\Machine Learning\projet\projet-machine-learning\dataset\labels\valid\gss826_jpg.rf.08437ba2da034313414fbb31daf150b6.txt,C:\Machine Learning\projet\projet-machine-learning\dataset\images\valid\gss826_jpg.rf.08437ba2da034313414fbb31daf150b6.jpg
valid,gss83_jpg.rf.5847f7aea62a3567ba040f6e920bde8f,C:\Machine Learning\projet\projet-machine-learning\dataset\labels\valid\gss83_jpg.rf.5847f7aea62a3567ba040f6e920bde8f.txt,C:\Machine Learning\projet\projet-machine-learning\dataset\images\valid\gss83_jpg.rf.5847f7aea62a3567ba040f6e920bde8f.jpg
valid,gss848_jpg.rf.ddd10507f3dcac5a7e46885b2aab78ac,C:\Machine Learning\projet\projet-machine-learning\dataset\labels\valid\gss848_jpg.rf.ddd10507f3dcac5a7e46885b2aab78ac.txt,C:\Machine Learning\projet\projet-machine-learning\dataset\images\valid\gss848_jpg.rf.ddd10507f3dcac5a7e46885b2aab78ac.jpg
valid,gss851_jpg.rf.dbbfc63fbfc4ccf282d6b3c1a2d4f2f4,C:\Machine Learning\projet\projet-machine-learning\dataset\labels\valid\gss851_jpg.rf.dbbfc63fbfc4ccf282d6b3c1a2d4f2f4.txt,C:\Machine Learning\projet\projet-machine-learning\dataset\images\valid\gss851_jpg.rf.dbbfc63fbfc4ccf282d6b3c1a2d4f2f4.jpg
valid,gss861_jpg.rf.d8de450c3792b1dccae04b2c2ee5bf59,C:\Machine Learning\projet\projet-machine-learning\dataset\labels\valid\gss861_jpg.rf.d8de450c3792b1dccae04b2c2ee5bf59.txt,C:\Machine Learning\projet\projet-machine-learning\dataset\images\valid\gss861_jpg.rf.d8de450c3792b1dccae04b2c2ee5bf59.jpg
valid,gss869_jpg.rf.0865347d94b1cfa4008ce4d444d550c4,C:\Machine Learning\projet\projet-machine-learning\dataset\labels\valid\gss869_jpg.rf.0865347d94b1cfa4008ce4d444d550c4.txt,C:\Machine Learning\projet\projet-machine-learning\dataset\images\valid\gss869_jpg.rf.0865347d94b1cfa4008ce4d444d550c4.jpg
valid,gss873_jpg.rf.0e5e52c100f0c45647d37dc86a938a67,C:\Machine Learning\projet\projet-machine-learning\dataset\labels\valid\gss873_jpg.rf.0e5e52c100f0c45647d37dc86a938a67.txt,C:\Machine Learning\projet\projet-machine-learning\dataset\images\valid\gss873_jpg.rf.0e5e52c100f0c45647d37dc86a938a67.jpg
valid,gss876_jpg.rf.5a330e462e2c56769c80e17c276c6e30,C:\Machine Learning\projet\projet-machine-learning\dataset\labels\valid\gss876_jpg.rf.5a330e462e2c56769c80e17c276c6e30.txt,C:\Machine Learning\projet\projet-machine-learning\dataset\images\valid\gss876_jpg.rf.5a330e462e2c56769c80e17c276c6e30.jpg
valid,gss877_jpg.rf.dffd32396962c37960a259fd5a25e610,C:\Machine Learning\projet\projet-machine-learning\dataset\labels\valid\gss877_jpg.rf.dffd32396962c37960a259fd5a25e610.txt,C:\Machine Learning\projet\projet-machine-learning\dataset\images\valid\gss877_jpg.rf.dffd32396962c37960a259fd5a25e610.jpg
valid,gss892_jpg.rf.aa0d5b53fdaff09c253455b310ccd1c5,C:\Machine Learning\projet\projet-machine-learning\dataset\labels\valid\gss892_jpg.rf.aa0d5b53fdaff09c253455b310ccd1c5.txt,C:\Machine Learning\projet\projet-machine-learning\dataset\images\valid\gss892_jpg.rf.aa0d5b53fdaff09c253455b310ccd1c5.jpg
valid,gss896_jpg.rf.ae5d803b56af0253f940cec867c7297b,C:\Machine Learning\projet\projet-machine-learning\dataset\labels\valid\gss896_jpg.rf.ae5d803b56af0253f940cec867c7297b.txt,C:\Machine Learning\projet\projet-machine-learning\dataset\images\valid\gss896_jpg.rf.ae5d803b56af0253f940cec867c7297b.jpg
valid,gss899_jpg.rf.b0a817aad7281ff523eeff7d0b22d386,C:\Machine Learning\projet\projet-machine-learning\dataset\labels\valid\gss899_jpg.rf.b0a817aad7281ff523eeff7d0b22d386.txt,C:\Machine Learning\projet\projet-machine-learning\dataset\images\valid\gss899_jpg.rf.b0a817aad7281ff523eeff7d0b22d386.jpg
valid,gss906_jpg.rf.654c5a4f45d2df0517c881af4e4654fb,C:\Machine Learning\projet\projet-machine-learning\dataset\labels\valid\gss906_jpg.rf.654c5a4f45d2df0517c881af4e4654fb.txt,C:\Machine Learning\projet\projet-machine-learning\dataset\images\valid\gss906_jpg.rf.654c5a4f45d2df0517c881af4e4654fb.jpg
valid,gss907_jpg.rf.476f99ad04da1d5965dca792f185a39b,C:\Machine Learning\projet\projet-machine-learning\dataset\labels\valid\gss907_jpg.rf.476f99ad04da1d5965dca792f185a39b.txt,C:\Machine Learning\projet\projet-machine-learning\dataset\images\valid\gss907_jpg.rf.476f99ad04da1d5965dca792f185a39b.jpg
valid,gss911_jpg.rf.689eb9cb70a49b881dabeaae01d36276,C:\Machine Learning\projet\projet-machine-learning\dataset\labels\valid\gss911_jpg.rf.689eb9cb70a49b881dabeaae01d36276.txt,C:\Machine Learning\projet\projet-machine-learning\dataset\images\valid\gss911_jpg.rf.689eb9cb70a49b881dabeaae01d36276.jpg
valid,gss913_jpg.rf.7bac6711c18b7e98e92580bfa8cb6901,C:\Machine Learning\projet\projet-machine-learning\dataset\labels\valid\gss913_jpg.rf.7bac6711c18b7e98e92580bfa8cb6901.txt,C:\Machine Learning\projet\projet-machine-learning\dataset\images\valid\gss913_jpg.rf.7bac6711c18b7e98e92580bfa8cb6901.jpg
valid,gss916_jpg.rf.6a92549962c40d63073179ba979425c9,C:\Machine Learning\projet\projet-machine-learning\dataset\labels\valid\gss916_jpg.rf.6a92549962c40d63073179ba979425c9.txt,C:\Machine Learning\projet\projet-machine-learning\dataset\images\valid\gss916_jpg.rf.6a92549962c40d63073179ba979425c9.jpg
valid,gss91_jpg.rf.8289c264468bb3596e0a359b24e0d4aa,C:\Machine Learning\projet\projet-machine-learning\dataset\labels\valid\gss91_jpg.rf.8289c264468bb3596e0a359b24e0d4aa.txt,C:\Machine Learning\projet\projet-machine-learning\dataset\images\valid\gss91_jpg.rf.8289c264468bb3596e0a359b24e0d4aa.jpg
valid,gss942_jpg.rf.3f5a6af7bdb75e77d0503b5bc29bf33f,C:\Machine Learning\projet\projet-machine-learning\dataset\labels\valid\gss942_jpg.rf.3f5a6af7bdb75e77d0503b5bc29bf33f.txt,C:\Machine Learning\projet\projet-machine-learning\dataset\images\valid\gss942_jpg.rf.3f5a6af7bdb75e77d0503b5bc29bf33f.jpg
valid,gss948_jpg.rf.726574c9d79553ee29d9fb0afa7af2f5,C:\Machine Learning\projet\projet-machine-learning\dataset\labels\valid\gss948_jpg.rf.726574c9d79553ee29d9fb0afa7af2f5.txt,C:\Machine Learning\projet\projet-machine-learning\dataset\images\valid\gss948_jpg.rf.726574c9d79553ee29d9fb0afa7af2f5.jpg
valid,gss954_jpg.rf.3e2d9cb1e0ab916349e45f73833c6456,C:\Machine Learning\projet\projet-machine-learning\dataset\labels\valid\gss954_jpg.rf.3e2d9cb1e0ab916349e45f73833c6456.txt,C:\Machine Learning\projet\projet-machine-learning\dataset\images\valid\gss954_jpg.rf.3e2d9cb1e0ab916349e45f73833c6456.jpg
valid,gss955_jpg.rf.5bee895b72e2248f44e08e97d8c8440e,C:\Machine Learning\projet\projet-machine-learning\dataset\labels\valid\gss955_jpg.rf.5bee895b72e2248f44e08e97d8c8440e.txt,C:\Machine Learning\projet\projet-machine-learning\dataset\images\valid\gss955_jpg.rf.5bee895b72e2248f44e08e97d8c8440e.jpg
valid,gss958_jpg.rf.2a517ee74d56391285b71dd99f062aa5,C:\Machine Learning\projet\projet-machine-learning\dataset\labels\valid\gss958_jpg.rf.2a517ee74d56391285b71dd99f062aa5.txt,C:\Machine Learning\projet\projet-machine-learning\dataset\images\valid\gss958_jpg.rf.2a517ee74d56391285b71dd99f062aa5.jpg
valid,gss959_jpg.rf.b1d15d5cb0957f076ba0f3f5c4d2382a,C:\Machine Learning\projet\projet-machine-learning\dataset\labels\valid\gss959_jpg.rf.b1d15d5cb0957f076ba0f3f5c4d2382a.txt,C:\Machine Learning\projet\projet-machine-learning\dataset\images\valid\gss959_jpg.rf.b1d15d5cb0957f076ba0f3f5c4d2382a.jpg
valid,gss95_jpg.rf.16a6788772426c51985f2a8180a7b996,C:\Machine Learning\projet\projet-machine-learning\dataset\labels\valid\gss95_jpg.rf.16a6788772426c51985f2a8180a7b996.txt,C:\Machine Learning\projet\projet-machine-learning\dataset\images\valid\gss95_jpg.rf.16a6788772426c51985f2a8180a7b996.jpg
valid,gss963_jpg.rf.4a13238eba1df38a1156e2ca39dc2472,C:\Machine Learning\projet\projet-machine-learning\dataset\labels\valid\gss963_jpg.rf.4a13238eba1df38a1156e2ca39dc2472.txt,C:\Machine Learning\projet\projet-machine-learning\dataset\images\valid\gss963_jpg.rf.4a13238eba1df38a1156e2ca39dc2472.jpg
valid,gss967_jpg.rf.a46b1af05ff29dad1f8cd8ab4bb40f09,C:\Machine Learning\projet\projet-machine-learning\dataset\labels\valid\gss967_jpg.rf.a46b1af05ff29dad1f8cd8ab4bb40f09.txt,C:\Machine Learning\projet\projet-machine-learning\dataset\images\valid\gss967_jpg.rf.a46b1af05ff29dad1f8cd8ab4bb40f09.jpg
valid,gss968_jpg.rf.4a316afbf95fc91f7005cb000672c2b6,C:\Machine Learning\projet\projet-machine-learning\dataset\labels\valid\gss968_jpg.rf.4a316afbf95fc91f7005cb000672c2b6.txt,C:\Machine Learning\projet\projet-machine-learning\dataset\images\valid\gss968_jpg.rf.4a316afbf95fc91f7005cb000672c2b6.jpg
valid,gss969_jpg.rf.2002c21f64549f5d0a347c105a3be134,C:\Machine Learning\projet\projet-machine-learning\dataset\labels\valid\gss969_jpg.rf.2002c21f64549f5d0a347c105a3be134.txt,C:\Machine Learning\projet\projet-machine-learning\dataset\images\valid\gss969_jpg.rf.2002c21f64549f5d0a347c105a3be134.jpg
valid,gss970_jpg.rf.d7f1175c30b14181c0da59aad4584426,C:\Machine Learning\projet\projet-machine-learning\dataset\labels\valid\gss970_jpg.rf.d7f1175c30b14181c0da59aad4584426.txt,C:\Machine Learning\projet\projet-machine-learning\dataset\images\valid\gss970_jpg.rf.d7f1175c30b14181c0da59aad4584426.jpg
valid,gss97_jpg.rf.70a664452df740e767b22e62efdb990e,C:\Machine Learning\projet\projet-machine-learning\dataset\labels\valid\gss97_jpg.rf.70a664452df740e767b22e62efdb990e.txt,C:\Machine Learning\projet\projet-machine-learning\dataset\images\valid\gss97_jpg.rf.70a664452df740e767b22e62efdb990e.jpg
valid,gss98_jpg.rf.144eb3404a66156660397b2081d6f846,C:\Machine Learning\projet\projet-machine-learning\dataset\labels\valid\gss98_jpg.rf.144eb3404a66156660397b2081d6f846.txt,C:\Machine Learning\projet\projet-machine-learning\dataset\images\valid\gss98_jpg.rf.144eb3404a66156660397b2081d6f846.jpg
